     shots,    errors,  discards, seconds,decoder,strong_id,json_metadata,custom_counts
     20753,        49,         0,   0.008,blind_mwpm,f157ffd18a98ca210aab4960a95dfe629617a838f1e897e3efaf1d128b6c65d3,"{""config"":""baseline_pauli"",""d"":3,""p"":0.0014677992676220691,""r_e"":0.0,""rounds"":3}",
     16657,       123,         0,   0.008,blind_mwpm,b33e36ff62adcc27fc46c7b22864c2c494b6c1e067e69726c1959469ded7048f,"{""config"":""baseline_pauli"",""d"":3,""p"":0.0031622776601683794,""r_e"":0.0,""rounds"":3}",
     23825,        20,         0,   0.008,blind_mwpm,9dcd0aafe85fab3a11c0d07970a000ed0b650b14f30e3b0be9a077ec376ccd8e,"{""config"":""baseline_pauli"",""d"":3,""p"":0.001,""r_e"":0.0,""rounds"":3}",
     21777,        41,         0,   0.008,herald_mwpm,df968d85de93bf777d6ace14195cc1b56483f4736ec4dedbd614df7d165df2be,"{""config"":""baseline_pauli"",""d"":3,""p"":0.0014677992676220691,""r_e"":0.0,""rounds"":3}",
     19729,        75,         0,   0.008,herald_mwpm,8e6e02aef3344956cffd45135a13c66a0b864d4b72bf7a1fc93687f67360cdc8,"{""config"":""baseline_pauli"",""d"":3,""p"":0.0021544346900318843,""r_e"":0.0,""rounds"":3}",
     21777,        26,         0,   0.008,herald_mwpm,f3368ca50677f94658bea7d5e82bc9c9c97ec4b58b0f3ef5f613395b6a8f8a20,"{""config"":""baseline_pauli"",""d"":3,""p"":0.001,""r_e"":0.0,""rounds"":3}",
     17681,       132,         0,   0.008,herald_mwpm,53d1528eb0c5e72cdc53ab88af2d6fb0611f6f419a566ffe3ff596b6b40a10d5,"{""config"":""baseline_pauli"",""d"":3,""p"":0.0031622776601683794,""r_e"":0.0,""rounds"":3}",
     20753,        86,         0,   0.008,blind_mwpm,7730a148cd02918993eb44df5f502d1fd7e39b00c24646361c5210fd91794e95,"{""config"":""baseline_pauli"",""d"":3,""p"":0.0021544346900318843,""r_e"":0.0,""rounds"":3}",
     31744,        74,         0,   0.010,blind_mwpm,f157ffd18a98ca210aab4960a95dfe629617a838f1e897e3efaf1d128b6c65d3,"{""config"":""baseline_pauli"",""d"":3,""p"":0.0014677992676220691,""r_e"":0.0,""rounds"":3}",
     23552,       206,         0,   0.011,blind_mwpm,b33e36ff62adcc27fc46c7b22864c2c494b6c1e067e69726c1959469ded7048f,"{""config"":""baseline_pauli"",""d"":3,""p"":0.0031622776601683794,""r_e"":0.0,""rounds"":3}",
     33792,        22,         0,   0.010,blind_mwpm,9dcd0aafe85fab3a11c0d07970a000ed0b650b14f30e3b0be9a077ec376ccd8e,"{""config"":""baseline_pauli"",""d"":3,""p"":0.001,""r_e"":0.0,""rounds"":3}",
     26624,        56,         0,   0.011,herald_mwpm,df968d85de93bf777d6ace14195cc1b56483f4736ec4dedbd614df7d165df2be,"{""config"":""baseline_pauli"",""d"":3,""p"":0.0014677992676220691,""r_e"":0.0,""rounds"":3}",
     25600,       111,         0,   0.010,herald_mwpm,8e6e02aef3344956cffd45135a13c66a0b864d4b72bf7a1fc93687f67360cdc8,"{""config"":""baseline_pauli"",""d"":3,""p"":0.0021544346900318843,""r_e"":0.0,""rounds"":3}",
     21504,       175,         0,   0.011,herald_mwpm,53d1528eb0c5e72cdc53ab88af2d6fb0611f6f419a566ffe3ff596b6b40a10d5,"{""config"":""baseline_pauli"",""d"":3,""p"":0.0031622776601683794,""r_e"":0.0,""rounds"":3}",
     26624,        15,         0,   0.011,herald_mwpm,f3368ca50677f94658bea7d5e82bc9c9c97ec4b58b0f3ef5f613395b6a8f8a20,"{""config"":""baseline_pauli"",""d"":3,""p"":0.001,""r_e"":0.0,""rounds"":3}",
     39936,        46,         0,   0.013,blind_mwpm,9dcd0aafe85fab3a11c0d07970a000ed0b650b14f30e3b0be9a077ec376ccd8e,"{""config"":""baseline_pauli"",""d"":3,""p"":0.001,""r_e"":0.0,""rounds"":3}",
     39936,        67,         0,   0.013,blind_mwpm,f157ffd18a98ca210aab4960a95dfe629617a838f1e897e3efaf1d128b6c65d3,"{""config"":""baseline_pauli"",""d"":3,""p"":0.0014677992676220691,""r_e"":0.0,""rounds"":3}",
      2447,         1,         0,   0.001,blind_mwpm,9dcd0aafe85fab3a11c0d07970a000ed0b650b14f30e3b0be9a077ec376ccd8e,"{""config"":""baseline_pauli"",""d"":3,""p"":0.001,""r_e"":0.0,""rounds"":3}",
     29696,        71,         0,   0.014,herald_mwpm,df968d85de93bf777d6ace14195cc1b56483f4736ec4dedbd614df7d165df2be,"{""config"":""baseline_pauli"",""d"":3,""p"":0.0014677992676220691,""r_e"":0.0,""rounds"":3}",
     24576,        72,         0,   0.013,herald_mwpm,8e6e02aef3344956cffd45135a13c66a0b864d4b72bf7a1fc93687f67360cdc8,"{""config"":""baseline_pauli"",""d"":3,""p"":0.0021544346900318843,""r_e"":0.0,""rounds"":3}",
     28672,        24,         0,   0.013,herald_mwpm,f3368ca50677f94658bea7d5e82bc9c9c97ec4b58b0f3ef5f613395b6a8f8a20,"{""config"":""baseline_pauli"",""d"":3,""p"":0.001,""r_e"":0.0,""rounds"":3}",
     22528,       191,         0,   0.016,herald_mwpm,53d1528eb0c5e72cdc53ab88af2d6fb0611f6f419a566ffe3ff596b6b40a10d5,"{""config"":""baseline_pauli"",""d"":3,""p"":0.0031622776601683794,""r_e"":0.0,""rounds"":3}",
      7567,        18,         0,   0.003,blind_mwpm,f157ffd18a98ca210aab4960a95dfe629617a838f1e897e3efaf1d128b6c65d3,"{""config"":""baseline_pauli"",""d"":3,""p"":0.0014677992676220691,""r_e"":0.0,""rounds"":3}",
      1024,         8,         0,   0.025,blind_mwpm,b33e36ff62adcc27fc46c7b22864c2c494b6c1e067e69726c1959469ded7048f,"{""config"":""baseline_pauli"",""d"":3,""p"":0.0031622776601683794,""r_e"":0.0,""rounds"":3}",
     14336,        67,         0,   0.033,blind_mwpm,7730a148cd02918993eb44df5f502d1fd7e39b00c24646361c5210fd91794e95,"{""config"":""baseline_pauli"",""d"":3,""p"":0.0021544346900318843,""r_e"":0.0,""rounds"":3}",
     21903,        51,         0,   0.008,herald_mwpm,df968d85de93bf777d6ace14195cc1b56483f4736ec4dedbd614df7d165df2be,"{""config"":""baseline_pauli"",""d"":3,""p"":0.0014677992676220691,""r_e"":0.0,""rounds"":3}",
     22927,        27,         0,   0.008,herald_mwpm,f3368ca50677f94658bea7d5e82bc9c9c97ec4b58b0f3ef5f613395b6a8f8a20,"{""config"":""baseline_pauli"",""d"":3,""p"":0.001,""r_e"":0.0,""rounds"":3}",
     30095,       135,         0,   0.010,herald_mwpm,8e6e02aef3344956cffd45135a13c66a0b864d4b72bf7a1fc93687f67360cdc8,"{""config"":""baseline_pauli"",""d"":3,""p"":0.0021544346900318843,""r_e"":0.0,""rounds"":3}",
     38287,       308,         0,   0.020,herald_mwpm,53d1528eb0c5e72cdc53ab88af2d6fb0611f6f419a566ffe3ff596b6b40a10d5,"{""config"":""baseline_pauli"",""d"":3,""p"":0.0031622776601683794,""r_e"":0.0,""rounds"":3}",
     44032,       171,         0,   0.017,blind_mwpm,7730a148cd02918993eb44df5f502d1fd7e39b00c24646361c5210fd91794e95,"{""config"":""baseline_pauli"",""d"":3,""p"":0.0021544346900318843,""r_e"":0.0,""rounds"":3}",
     15633,       272,         0,   0.009,herald_mwpm,e7dbdd72616468a21a7e7c19da48a7f8a6cf5b2cf23b41edba0b00bb7185110d,"{""config"":""baseline_pauli"",""d"":3,""p"":0.004641588833612777,""r_e"":0.0,""rounds"":3}",
     16657,       314,         0,   0.009,blind_mwpm,012993c74bcbffdddeac276b37dcf99df7ef946d46fd0e70e807f63cdc110fe0,"{""config"":""baseline_pauli"",""d"":3,""p"":0.004641588833612777,""r_e"":0.0,""rounds"":3}",
     36864,       315,         0,   0.024,blind_mwpm,b33e36ff62adcc27fc46c7b22864c2c494b6c1e067e69726c1959469ded7048f,"{""config"":""baseline_pauli"",""d"":3,""p"":0.0031622776601683794,""r_e"":0.0,""rounds"":3}",
     13585,       496,         0,   0.009,herald_mwpm,54a6f6d3330d175370b29cfa2e6f3e026a69b97c0b3442721925f2b50d3298a6,"{""config"":""baseline_pauli"",""d"":3,""p"":0.006812920690579608,""r_e"":0.0,""rounds"":3}",
     20879,        77,         0,   0.009,blind_mwpm,7730a148cd02918993eb44df5f502d1fd7e39b00c24646361c5210fd91794e95,"{""config"":""baseline_pauli"",""d"":3,""p"":0.0021544346900318843,""r_e"":0.0,""rounds"":3}",
     12561,       462,         0,   0.009,blind_mwpm,0912c1fb613898cc53a9e8f7f05adc3570bc08d9edf87841797447ef86a51994,"{""config"":""baseline_pauli"",""d"":3,""p"":0.006812920690579608,""r_e"":0.0,""rounds"":3}",
      9489,       644,         0,   0.010,herald_mwpm,bdd096da9f06d18a033d6fdaa7f3d1506e6753cbd92b796b3eb65a29777550c5,"{""config"":""baseline_pauli"",""d"":3,""p"":0.01,""r_e"":0.0,""rounds"":3}",
     21504,       392,         0,   0.013,herald_mwpm,e7dbdd72616468a21a7e7c19da48a7f8a6cf5b2cf23b41edba0b00bb7185110d,"{""config"":""baseline_pauli"",""d"":3,""p"":0.004641588833612777,""r_e"":0.0,""rounds"":3}",
     19456,       367,         0,   0.013,blind_mwpm,012993c74bcbffdddeac276b37dcf99df7ef946d46fd0e70e807f63cdc110fe0,"{""config"":""baseline_pauli"",""d"":3,""p"":0.004641588833612777,""r_e"":0.0,""rounds"":3}",
     14336,       517,         0,   0.011,herald_mwpm,54a6f6d3330d175370b29cfa2e6f3e026a69b97c0b3442721925f2b50d3298a6,"{""config"":""baseline_pauli"",""d"":3,""p"":0.006812920690579608,""r_e"":0.0,""rounds"":3}",
     14336,       574,         0,   0.010,blind_mwpm,0912c1fb613898cc53a9e8f7f05adc3570bc08d9edf87841797447ef86a51994,"{""config"":""baseline_pauli"",""d"":3,""p"":0.006812920690579608,""r_e"":0.0,""rounds"":3}",
      9489,       634,         0,   0.010,blind_mwpm,99c5b32e04f42b8f921c13857e90e282d6fd320d86d42541ad71a51b613d6294,"{""config"":""baseline_pauli"",""d"":3,""p"":0.01,""r_e"":0.0,""rounds"":3}",
      6144,       409,         0,   0.007,herald_mwpm,bdd096da9f06d18a033d6fdaa7f3d1506e6753cbd92b796b3eb65a29777550c5,"{""config"":""baseline_pauli"",""d"":3,""p"":0.01,""r_e"":0.0,""rounds"":3}",
     21903,       182,         0,   0.013,blind_mwpm,b33e36ff62adcc27fc46c7b22864c2c494b6c1e067e69726c1959469ded7048f,"{""config"":""baseline_pauli"",""d"":3,""p"":0.0031622776601683794,""r_e"":0.0,""rounds"":3}",
     16384,       319,         0,   0.008,blind_mwpm,012993c74bcbffdddeac276b37dcf99df7ef946d46fd0e70e807f63cdc110fe0,"{""config"":""baseline_pauli"",""d"":3,""p"":0.004641588833612777,""r_e"":0.0,""rounds"":3}",
     20480,       349,         0,   0.010,herald_mwpm,e7dbdd72616468a21a7e7c19da48a7f8a6cf5b2cf23b41edba0b00bb7185110d,"{""config"":""baseline_pauli"",""d"":3,""p"":0.004641588833612777,""r_e"":0.0,""rounds"":3}",
      6144,       381,         0,   0.005,blind_mwpm,99c5b32e04f42b8f921c13857e90e282d6fd320d86d42541ad71a51b613d6294,"{""config"":""baseline_pauli"",""d"":3,""p"":0.01,""r_e"":0.0,""rounds"":3}",
      8465,      1076,         0,   0.009,herald_mwpm,8a8dcae9ddbd1cafa66f6a240a23f1dfb5193a61656b96d481948f6a07ca94aa,"{""config"":""baseline_pauli"",""d"":3,""p"":0.01467799267622069,""r_e"":0.0,""rounds"":3}",
      8465,      1079,         0,   0.009,blind_mwpm,dd5960db369f98693e5c46daf3cc7bda38d6907983009a3a024e10ffea0640d7,"{""config"":""baseline_pauli"",""d"":3,""p"":0.01467799267622069,""r_e"":0.0,""rounds"":3}",
      5393,      1206,         0,   0.010,blind_mwpm,8066aa5d1dd087d7de4bee7f7f4f52bc6eac2e723182004ac4b3cd5ab5644b75,"{""config"":""baseline_pauli"",""d"":3,""p"":0.021544346900318832,""r_e"":0.0,""rounds"":3}",
      5393,      1187,         0,   0.010,herald_mwpm,1ee13f0809309c6d6b80f9a53d18a4f25bfee77d4d1ad3768f1ccf422e9115cd,"{""config"":""baseline_pauli"",""d"":3,""p"":0.021544346900318832,""r_e"":0.0,""rounds"":3}",
      3345,      1115,         0,   0.010,herald_mwpm,603236c7ac5ed640af4ab3b290e9fe1d6dc823618b599bbde5eb2f36172a9273,"{""config"":""baseline_pauli"",""d"":3,""p"":0.03162277660168379,""r_e"":0.0,""rounds"":3}",
      3345,      1149,         0,   0.010,blind_mwpm,ffe4f6020b846fc3c73b715a4d737985865c7d8a65c37c7a623e3e8a9456dffb,"{""config"":""baseline_pauli"",""d"":3,""p"":0.03162277660168379,""r_e"":0.0,""rounds"":3}",
      3345,      1432,         0,   0.012,herald_mwpm,d825abc9e29cc4cee38b8e327c8d6cf7800d0878cd0550f5ad2edd824d3ff495,"{""config"":""baseline_pauli"",""d"":3,""p"":0.046415888336127774,""r_e"":0.0,""rounds"":3}",
      2321,       959,         0,   0.010,blind_mwpm,1c19883b642067bcdf569172b1ddefb94e5532b9b0a2b4fef533a63a9c1a62f3,"{""config"":""baseline_pauli"",""d"":3,""p"":0.046415888336127774,""r_e"":0.0,""rounds"":3}",
      1024,       407,         0,   0.003,blind_mwpm,1c19883b642067bcdf569172b1ddefb94e5532b9b0a2b4fef533a63a9c1a62f3,"{""config"":""baseline_pauli"",""d"":3,""p"":0.046415888336127774,""r_e"":0.0,""rounds"":3}",
      2321,      1121,         0,   0.010,herald_mwpm,d1f48b3ad8d49f205c7a60ab97c1a1825d99e116eaf9c236caa370560f080460,"{""config"":""baseline_pauli"",""d"":3,""p"":0.06812920690579612,""r_e"":0.0,""rounds"":3}",
      2321,      1127,         0,   0.009,blind_mwpm,0cf32856155c3628575899a20d98dc37cc8c9d5f1f4bcfdcc94c067f545f75b9,"{""config"":""baseline_pauli"",""d"":3,""p"":0.06812920690579612,""r_e"":0.0,""rounds"":3}",
      2321,      1121,         0,   0.010,herald_mwpm,b6b34bde4baab425f5b0d54476d679c12961000bfeab653e164f0322aa7b16ed,"{""config"":""baseline_pauli"",""d"":3,""p"":0.1,""r_e"":0.0,""rounds"":3}",
      2321,      1184,         0,   0.014,blind_mwpm,64b05b0d00f7bf2ca0559665b8df3702bce51ad78b3f5b4f3559592cace4b35b,"{""config"":""baseline_pauli"",""d"":3,""p"":0.1,""r_e"":0.0,""rounds"":3}",
      7441,         2,         0,   0.010,herald_mwpm,246ee2a0d078e53c691dc11953b8088fabe987aaf250be0fc398fdf2f4fbe471,"{""config"":""baseline_pauli"",""d"":5,""p"":0.001,""r_e"":0.0,""rounds"":5}",
      7441,         2,         0,   0.009,blind_mwpm,3abb86bde1d8f5eaa1256d67d3ad0451d5da94254f49acdcf1884f99c2073ae6,"{""config"":""baseline_pauli"",""d"":5,""p"":0.001,""r_e"":0.0,""rounds"":5}",
      7441,         4,         0,   0.010,herald_mwpm,2a46623f39090dbfe27ef9dd47fdae29098802641e4be7b74792e15cf12d8330,"{""config"":""baseline_pauli"",""d"":5,""p"":0.0014677992676220691,""r_e"":0.0,""rounds"":5}",
      8465,         1,         0,   0.010,blind_mwpm,1649053d9217cbe03546715071d73669179aa48c06868161753fa0a6f1f4d397,"{""config"":""baseline_pauli"",""d"":5,""p"":0.0014677992676220691,""r_e"":0.0,""rounds"":5}",
      5393,         4,         0,   0.010,herald_mwpm,507cfd55fa6d7e1b99dbf8e3be2dc2c32b08cf49d65b41abced6045ad61841be,"{""config"":""baseline_pauli"",""d"":5,""p"":0.0021544346900318843,""r_e"":0.0,""rounds"":5}",
     14336,         2,         0,   0.014,herald_mwpm,246ee2a0d078e53c691dc11953b8088fabe987aaf250be0fc398fdf2f4fbe471,"{""config"":""baseline_pauli"",""d"":5,""p"":0.001,""r_e"":0.0,""rounds"":5}",
     11264,         0,         0,   0.014,blind_mwpm,3abb86bde1d8f5eaa1256d67d3ad0451d5da94254f49acdcf1884f99c2073ae6,"{""config"":""baseline_pauli"",""d"":5,""p"":0.001,""r_e"":0.0,""rounds"":5}",
      9216,         5,         0,   0.014,herald_mwpm,2a46623f39090dbfe27ef9dd47fdae29098802641e4be7b74792e15cf12d8330,"{""config"":""baseline_pauli"",""d"":5,""p"":0.0014677992676220691,""r_e"":0.0,""rounds"":5}",
      5393,         7,         0,   0.009,blind_mwpm,8715ec74ec705b54cae785fc98ffe8332ec0679a37763940ce9f198f933eaee9,"{""config"":""baseline_pauli"",""d"":5,""p"":0.0021544346900318843,""r_e"":0.0,""rounds"":5}",
     10240,         4,         0,   0.014,blind_mwpm,1649053d9217cbe03546715071d73669179aa48c06868161753fa0a6f1f4d397,"{""config"":""baseline_pauli"",""d"":5,""p"":0.0014677992676220691,""r_e"":0.0,""rounds"":5}",
     10240,        10,         0,   0.014,herald_mwpm,507cfd55fa6d7e1b99dbf8e3be2dc2c32b08cf49d65b41abced6045ad61841be,"{""config"":""baseline_pauli"",""d"":5,""p"":0.0021544346900318843,""r_e"":0.0,""rounds"":5}",
      3345,         7,         0,   0.009,herald_mwpm,0fccb92989653df16f09a2beea842102b43cb917132e793e0116a42e058f9c23,"{""config"":""baseline_pauli"",""d"":5,""p"":0.0031622776601683794,""r_e"":0.0,""rounds"":5}",
     15360,         0,         0,   0.018,herald_mwpm,246ee2a0d078e53c691dc11953b8088fabe987aaf250be0fc398fdf2f4fbe471,"{""config"":""baseline_pauli"",""d"":5,""p"":0.001,""r_e"":0.0,""rounds"":5}",
      8192,         4,         0,   0.014,blind_mwpm,8715ec74ec705b54cae785fc98ffe8332ec0679a37763940ce9f198f933eaee9,"{""config"":""baseline_pauli"",""d"":5,""p"":0.0021544346900318843,""r_e"":0.0,""rounds"":5}",
      5393,         9,         0,   0.010,blind_mwpm,6b54d00faf4e4726a19196a29bf26f0463d8d4cc60d80304b8b63e78486582c8,"{""config"":""baseline_pauli"",""d"":5,""p"":0.0031622776601683794,""r_e"":0.0,""rounds"":5}",
     17408,         3,         0,   0.018,blind_mwpm,3abb86bde1d8f5eaa1256d67d3ad0451d5da94254f49acdcf1884f99c2073ae6,"{""config"":""baseline_pauli"",""d"":5,""p"":0.001,""r_e"":0.0,""rounds"":5}",
     12288,         4,         0,   0.018,herald_mwpm,2a46623f39090dbfe27ef9dd47fdae29098802641e4be7b74792e15cf12d8330,"{""config"":""baseline_pauli"",""d"":5,""p"":0.0014677992676220691,""r_e"":0.0,""rounds"":5}",
     14336,         4,         0,   0.018,blind_mwpm,1649053d9217cbe03546715071d73669179aa48c06868161753fa0a6f1f4d397,"{""config"":""baseline_pauli"",""d"":5,""p"":0.0014677992676220691,""r_e"":0.0,""rounds"":5}",
     11264,        11,         0,   0.019,herald_mwpm,507cfd55fa6d7e1b99dbf8e3be2dc2c32b08cf49d65b41abced6045ad61841be,"{""config"":""baseline_pauli"",""d"":5,""p"":0.0021544346900318843,""r_e"":0.0,""rounds"":5}",
      7168,        28,         0,   0.014,herald_mwpm,0fccb92989653df16f09a2beea842102b43cb917132e793e0116a42e058f9c23,"{""config"":""baseline_pauli"",""d"":5,""p"":0.0031622776601683794,""r_e"":0.0,""rounds"":5}",
      6144,        31,         0,   0.013,blind_mwpm,6b54d00faf4e4726a19196a29bf26f0463d8d4cc60d80304b8b63e78486582c8,"{""config"":""baseline_pauli"",""d"":5,""p"":0.0031622776601683794,""r_e"":0.0,""rounds"":5}",
     13312,        14,         0,   0.019,blind_mwpm,8715ec74ec705b54cae785fc98ffe8332ec0679a37763940ce9f198f933eaee9,"{""config"":""baseline_pauli"",""d"":5,""p"":0.0021544346900318843,""r_e"":0.0,""rounds"":5}",
     20480,         4,         0,   0.024,herald_mwpm,246ee2a0d078e53c691dc11953b8088fabe987aaf250be0fc398fdf2f4fbe471,"{""config"":""baseline_pauli"",""d"":5,""p"":0.001,""r_e"":0.0,""rounds"":5}",
     23552,         3,         0,   0.025,blind_mwpm,3abb86bde1d8f5eaa1256d67d3ad0451d5da94254f49acdcf1884f99c2073ae6,"{""config"":""baseline_pauli"",""d"":5,""p"":0.001,""r_e"":0.0,""rounds"":5}",
     21504,        10,         0,   0.026,herald_mwpm,2a46623f39090dbfe27ef9dd47fdae29098802641e4be7b74792e15cf12d8330,"{""config"":""baseline_pauli"",""d"":5,""p"":0.0014677992676220691,""r_e"":0.0,""rounds"":5}",
      9216,        25,         0,   0.020,herald_mwpm,0fccb92989653df16f09a2beea842102b43cb917132e793e0116a42e058f9c23,"{""config"":""baseline_pauli"",""d"":5,""p"":0.0031622776601683794,""r_e"":0.0,""rounds"":5}",
     21504,        10,         0,   0.026,blind_mwpm,1649053d9217cbe03546715071d73669179aa48c06868161753fa0a6f1f4d397,"{""config"":""baseline_pauli"",""d"":5,""p"":0.0014677992676220691,""r_e"":0.0,""rounds"":5}",
      9216,        24,         0,   0.019,blind_mwpm,6b54d00faf4e4726a19196a29bf26f0463d8d4cc60d80304b8b63e78486582c8,"{""config"":""baseline_pauli"",""d"":5,""p"":0.0031622776601683794,""r_e"":0.0,""rounds"":5}",
     16384,         9,         0,   0.027,herald_mwpm,507cfd55fa6d7e1b99dbf8e3be2dc2c32b08cf49d65b41abced6045ad61841be,"{""config"":""baseline_pauli"",""d"":5,""p"":0.0021544346900318843,""r_e"":0.0,""rounds"":5}",
     14336,        16,         0,   0.028,blind_mwpm,8715ec74ec705b54cae785fc98ffe8332ec0679a37763940ce9f198f933eaee9,"{""config"":""baseline_pauli"",""d"":5,""p"":0.0021544346900318843,""r_e"":0.0,""rounds"":5}",
     14336,        43,         0,   0.029,herald_mwpm,0fccb92989653df16f09a2beea842102b43cb917132e793e0116a42e058f9c23,"{""config"":""baseline_pauli"",""d"":5,""p"":0.0031622776601683794,""r_e"":0.0,""rounds"":5}",
     15360,        50,         0,   0.027,blind_mwpm,6b54d00faf4e4726a19196a29bf26f0463d8d4cc60d80304b8b63e78486582c8,"{""config"":""baseline_pauli"",""d"":5,""p"":0.0031622776601683794,""r_e"":0.0,""rounds"":5}",
     31744,         2,         0,   0.036,herald_mwpm,246ee2a0d078e53c691dc11953b8088fabe987aaf250be0fc398fdf2f4fbe471,"{""config"":""baseline_pauli"",""d"":5,""p"":0.001,""r_e"":0.0,""rounds"":5}",
     36864,         4,         0,   0.036,blind_mwpm,3abb86bde1d8f5eaa1256d67d3ad0451d5da94254f49acdcf1884f99c2073ae6,"{""config"":""baseline_pauli"",""d"":5,""p"":0.001,""r_e"":0.0,""rounds"":5}",
     28672,        10,         0,   0.036,herald_mwpm,2a46623f39090dbfe27ef9dd47fdae29098802641e4be7b74792e15cf12d8330,"{""config"":""baseline_pauli"",""d"":5,""p"":0.0014677992676220691,""r_e"":0.0,""rounds"":5}",
      3471,         0,         0,   0.003,blind_mwpm,3abb86bde1d8f5eaa1256d67d3ad0451d5da94254f49acdcf1884f99c2073ae6,"{""config"":""baseline_pauli"",""d"":5,""p"":0.001,""r_e"":0.0,""rounds"":5}",
     30720,        12,         0,   0.035,blind_mwpm,1649053d9217cbe03546715071d73669179aa48c06868161753fa0a6f1f4d397,"{""config"":""baseline_pauli"",""d"":5,""p"":0.0014677992676220691,""r_e"":0.0,""rounds"":5}",
     22528,        28,         0,   0.038,herald_mwpm,507cfd55fa6d7e1b99dbf8e3be2dc2c32b08cf49d65b41abced6045ad61841be,"{""config"":""baseline_pauli"",""d"":5,""p"":0.0021544346900318843,""r_e"":0.0,""rounds"":5}",
     10639,         1,         0,   0.014,herald_mwpm,246ee2a0d078e53c691dc11953b8088fabe987aaf250be0fc398fdf2f4fbe471,"{""config"":""baseline_pauli"",""d"":5,""p"":0.001,""r_e"":0.0,""rounds"":5}",
     25600,        26,         0,   0.039,blind_mwpm,8715ec74ec705b54cae785fc98ffe8332ec0679a37763940ce9f198f933eaee9,"{""config"":""baseline_pauli"",""d"":5,""p"":0.0021544346900318843,""r_e"":0.0,""rounds"":5}",
     14735,         9,         0,   0.018,blind_mwpm,1649053d9217cbe03546715071d73669179aa48c06868161753fa0a6f1f4d397,"{""config"":""baseline_pauli"",""d"":5,""p"":0.0014677992676220691,""r_e"":0.0,""rounds"":5}",
     20879,         5,         0,   0.027,herald_mwpm,2a46623f39090dbfe27ef9dd47fdae29098802641e4be7b74792e15cf12d8330,"{""config"":""baseline_pauli"",""d"":5,""p"":0.0014677992676220691,""r_e"":0.0,""rounds"":5}",
     18432,        60,         0,   0.039,herald_mwpm,0fccb92989653df16f09a2beea842102b43cb917132e793e0116a42e058f9c23,"{""config"":""baseline_pauli"",""d"":5,""p"":0.0031622776601683794,""r_e"":0.0,""rounds"":5}",
     18432,        55,         0,   0.038,blind_mwpm,6b54d00faf4e4726a19196a29bf26f0463d8d4cc60d80304b8b63e78486582c8,"{""config"":""baseline_pauli"",""d"":5,""p"":0.0031622776601683794,""r_e"":0.0,""rounds"":5}",
      2321,        25,         0,   0.011,herald_mwpm,40530cc98b02d9227d606d4a846deead2fae71c7f6035ebf16b86f1d380ee1fb,"{""config"":""baseline_pauli"",""d"":5,""p"":0.004641588833612777,""r_e"":0.0,""rounds"":5}",
      2321,        24,         0,   0.010,blind_mwpm,6f24c10c9ebd4c7702b90ae459c4215e94dfaedd71485542def55edd408ddb08,"{""config"":""baseline_pauli"",""d"":5,""p"":0.004641588833612777,""r_e"":0.0,""rounds"":5}",
     26624,        28,         0,   0.051,herald_mwpm,507cfd55fa6d7e1b99dbf8e3be2dc2c32b08cf49d65b41abced6045ad61841be,"{""config"":""baseline_pauli"",""d"":5,""p"":0.0021544346900318843,""r_e"":0.0,""rounds"":5}",
      4096,        57,         0,   0.016,herald_mwpm,40530cc98b02d9227d606d4a846deead2fae71c7f6035ebf16b86f1d380ee1fb,"{""config"":""baseline_pauli"",""d"":5,""p"":0.004641588833612777,""r_e"":0.0,""rounds"":5}",
      5120,        54,         0,   0.014,blind_mwpm,6f24c10c9ebd4c7702b90ae459c4215e94dfaedd71485542def55edd408ddb08,"{""config"":""baseline_pauli"",""d"":5,""p"":0.004641588833612777,""r_e"":0.0,""rounds"":5}",
     26624,        25,         0,   0.048,blind_mwpm,8715ec74ec705b54cae785fc98ffe8332ec0679a37763940ce9f198f933eaee9,"{""config"":""baseline_pauli"",""d"":5,""p"":0.0021544346900318843,""r_e"":0.0,""rounds"":5}",
      7567,         8,         0,   0.012,herald_mwpm,507cfd55fa6d7e1b99dbf8e3be2dc2c32b08cf49d65b41abced6045ad61841be,"{""config"":""baseline_pauli"",""d"":5,""p"":0.0021544346900318843,""r_e"":0.0,""rounds"":5}",
      2321,        46,         0,   0.013,herald_mwpm,e36c7a8f1fe2b0f6bf67dca683dcb2455c5f02d7354544d7fedcab954c32881e,"{""config"":""baseline_pauli"",""d"":5,""p"":0.006812920690579608,""r_e"":0.0,""rounds"":5}",
      3345,       102,         0,   0.014,blind_mwpm,a4cad245271be673b4257d85833c6867b425e28276a6586a265bf11f9b35ac40,"{""config"":""baseline_pauli"",""d"":5,""p"":0.006812920690579608,""r_e"":0.0,""rounds"":5}",
      6144,        56,         0,   0.020,herald_mwpm,40530cc98b02d9227d606d4a846deead2fae71c7f6035ebf16b86f1d380ee1fb,"{""config"":""baseline_pauli"",""d"":5,""p"":0.004641588833612777,""r_e"":0.0,""rounds"":5}",
      6543,        11,         0,   0.012,blind_mwpm,8715ec74ec705b54cae785fc98ffe8332ec0679a37763940ce9f198f933eaee9,"{""config"":""baseline_pauli"",""d"":5,""p"":0.0021544346900318843,""r_e"":0.0,""rounds"":5}",
     20480,        69,         0,   0.050,blind_mwpm,6b54d00faf4e4726a19196a29bf26f0463d8d4cc60d80304b8b63e78486582c8,"{""config"":""baseline_pauli"",""d"":5,""p"":0.0031622776601683794,""r_e"":0.0,""rounds"":5}",
     19456,        56,         0,   0.049,herald_mwpm,0fccb92989653df16f09a2beea842102b43cb917132e793e0116a42e058f9c23,"{""config"":""baseline_pauli"",""d"":5,""p"":0.0031622776601683794,""r_e"":0.0,""rounds"":5}",
      3072,        86,         0,   0.014,herald_mwpm,e36c7a8f1fe2b0f6bf67dca683dcb2455c5f02d7354544d7fedcab954c32881e,"{""config"":""baseline_pauli"",""d"":5,""p"":0.006812920690579608,""r_e"":0.0,""rounds"":5}",
      7168,        61,         0,   0.022,blind_mwpm,6f24c10c9ebd4c7702b90ae459c4215e94dfaedd71485542def55edd408ddb08,"{""config"":""baseline_pauli"",""d"":5,""p"":0.004641588833612777,""r_e"":0.0,""rounds"":5}",
      3072,       101,         0,   0.015,blind_mwpm,a4cad245271be673b4257d85833c6867b425e28276a6586a265bf11f9b35ac40,"{""config"":""baseline_pauli"",""d"":5,""p"":0.006812920690579608,""r_e"":0.0,""rounds"":5}",
      9216,        70,         0,   0.027,herald_mwpm,40530cc98b02d9227d606d4a846deead2fae71c7f6035ebf16b86f1d380ee1fb,"{""config"":""baseline_pauli"",""d"":5,""p"":0.004641588833612777,""r_e"":0.0,""rounds"":5}",
      4096,       103,         0,   0.020,blind_mwpm,a4cad245271be673b4257d85833c6867b425e28276a6586a265bf11f9b35ac40,"{""config"":""baseline_pauli"",""d"":5,""p"":0.006812920690579608,""r_e"":0.0,""rounds"":5}",
      5120,       154,         0,   0.023,herald_mwpm,e36c7a8f1fe2b0f6bf67dca683dcb2455c5f02d7354544d7fedcab954c32881e,"{""config"":""baseline_pauli"",""d"":5,""p"":0.006812920690579608,""r_e"":0.0,""rounds"":5}",
      1297,        82,         0,   0.012,herald_mwpm,07a5a795b6eaf76ed1e9ad92b0e1fd17908002fa36bcafcd3b6d25def00ccf92,"{""config"":""baseline_pauli"",""d"":5,""p"":0.01,""r_e"":0.0,""rounds"":5}",
      8192,        95,         0,   0.029,blind_mwpm,6f24c10c9ebd4c7702b90ae459c4215e94dfaedd71485542def55edd408ddb08,"{""config"":""baseline_pauli"",""d"":5,""p"":0.004641588833612777,""r_e"":0.0,""rounds"":5}",
      1297,        90,         0,   0.010,blind_mwpm,52d88ca53016223eaf804a6c35a1790bc4a9172e761863454c0fb17864a08042,"{""config"":""baseline_pauli"",""d"":5,""p"":0.01,""r_e"":0.0,""rounds"":5}",
      2048,       139,         0,   0.016,herald_mwpm,07a5a795b6eaf76ed1e9ad92b0e1fd17908002fa36bcafcd3b6d25def00ccf92,"{""config"":""baseline_pauli"",""d"":5,""p"":0.01,""r_e"":0.0,""rounds"":5}",
      2048,       158,         0,   0.018,blind_mwpm,52d88ca53016223eaf804a6c35a1790bc4a9172e761863454c0fb17864a08042,"{""config"":""baseline_pauli"",""d"":5,""p"":0.01,""r_e"":0.0,""rounds"":5}",
      6144,       187,         0,   0.030,blind_mwpm,a4cad245271be673b4257d85833c6867b425e28276a6586a265bf11f9b35ac40,"{""config"":""baseline_pauli"",""d"":5,""p"":0.006812920690579608,""r_e"":0.0,""rounds"":5}",
      7168,       189,         0,   0.030,herald_mwpm,e36c7a8f1fe2b0f6bf67dca683dcb2455c5f02d7354544d7fedcab954c32881e,"{""config"":""baseline_pauli"",""d"":5,""p"":0.006812920690579608,""r_e"":0.0,""rounds"":5}",
     12288,        96,         0,   0.038,herald_mwpm,40530cc98b02d9227d606d4a846deead2fae71c7f6035ebf16b86f1d380ee1fb,"{""config"":""baseline_pauli"",""d"":5,""p"":0.004641588833612777,""r_e"":0.0,""rounds"":5}",
     24975,        77,         0,   0.065,blind_mwpm,6b54d00faf4e4726a19196a29bf26f0463d8d4cc60d80304b8b63e78486582c8,"{""config"":""baseline_pauli"",""d"":5,""p"":0.0031622776601683794,""r_e"":0.0,""rounds"":5}",
      4096,       274,         0,   0.022,herald_mwpm,07a5a795b6eaf76ed1e9ad92b0e1fd17908002fa36bcafcd3b6d25def00ccf92,"{""config"":""baseline_pauli"",""d"":5,""p"":0.01,""r_e"":0.0,""rounds"":5}",
      3072,       184,         0,   0.020,blind_mwpm,52d88ca53016223eaf804a6c35a1790bc4a9172e761863454c0fb17864a08042,"{""config"":""baseline_pauli"",""d"":5,""p"":0.01,""r_e"":0.0,""rounds"":5}",
     27648,        93,         0,   0.071,herald_mwpm,0fccb92989653df16f09a2beea842102b43cb917132e793e0116a42e058f9c23,"{""config"":""baseline_pauli"",""d"":5,""p"":0.0031622776601683794,""r_e"":0.0,""rounds"":5}",
     12288,       108,         0,   0.036,blind_mwpm,6f24c10c9ebd4c7702b90ae459c4215e94dfaedd71485542def55edd408ddb08,"{""config"":""baseline_pauli"",""d"":5,""p"":0.004641588833612777,""r_e"":0.0,""rounds"":5}",
       399,         1,         0,   0.001,herald_mwpm,0fccb92989653df16f09a2beea842102b43cb917132e793e0116a42e058f9c23,"{""config"":""baseline_pauli"",""d"":5,""p"":0.0031622776601683794,""r_e"":0.0,""rounds"":5}",
      8192,       207,         0,   0.038,blind_mwpm,a4cad245271be673b4257d85833c6867b425e28276a6586a265bf11f9b35ac40,"{""config"":""baseline_pauli"",""d"":5,""p"":0.006812920690579608,""r_e"":0.0,""rounds"":5}",
      9216,       254,         0,   0.038,herald_mwpm,e36c7a8f1fe2b0f6bf67dca683dcb2455c5f02d7354544d7fedcab954c32881e,"{""config"":""baseline_pauli"",""d"":5,""p"":0.006812920690579608,""r_e"":0.0,""rounds"":5}",
      5120,       401,         0,   0.033,herald_mwpm,07a5a795b6eaf76ed1e9ad92b0e1fd17908002fa36bcafcd3b6d25def00ccf92,"{""config"":""baseline_pauli"",""d"":5,""p"":0.01,""r_e"":0.0,""rounds"":5}",
      5120,       384,         0,   0.032,blind_mwpm,52d88ca53016223eaf804a6c35a1790bc4a9172e761863454c0fb17864a08042,"{""config"":""baseline_pauli"",""d"":5,""p"":0.01,""r_e"":0.0,""rounds"":5}",
      1297,       192,         0,   0.014,herald_mwpm,c755daf0781281baefbe262fa93c27c54346e6af62be2037a24acc0910d764e1,"{""config"":""baseline_pauli"",""d"":5,""p"":0.01467799267622069,""r_e"":0.0,""rounds"":5}",
     15360,       162,         0,   0.053,herald_mwpm,40530cc98b02d9227d606d4a846deead2fae71c7f6035ebf16b86f1d380ee1fb,"{""config"":""baseline_pauli"",""d"":5,""p"":0.004641588833612777,""r_e"":0.0,""rounds"":5}",
      2048,       149,         0,   0.018,herald_mwpm,07a5a795b6eaf76ed1e9ad92b0e1fd17908002fa36bcafcd3b6d25def00ccf92,"{""config"":""baseline_pauli"",""d"":5,""p"":0.01,""r_e"":0.0,""rounds"":5}",
      1297,       211,         0,   0.016,blind_mwpm,4e676f76c835db2e5cbd9c6373410da90498bb2b757567398e49debe3fec7f9f,"{""config"":""baseline_pauli"",""d"":5,""p"":0.01467799267622069,""r_e"":0.0,""rounds"":5}",
      3072,       248,         0,   0.020,blind_mwpm,52d88ca53016223eaf804a6c35a1790bc4a9172e761863454c0fb17864a08042,"{""config"":""baseline_pauli"",""d"":5,""p"":0.01,""r_e"":0.0,""rounds"":5}",
     15360,       162,         0,   0.052,blind_mwpm,6f24c10c9ebd4c7702b90ae459c4215e94dfaedd71485542def55edd408ddb08,"{""config"":""baseline_pauli"",""d"":5,""p"":0.004641588833612777,""r_e"":0.0,""rounds"":5}",
      2048,       352,         0,   0.021,herald_mwpm,c755daf0781281baefbe262fa93c27c54346e6af62be2037a24acc0910d764e1,"{""config"":""baseline_pauli"",""d"":5,""p"":0.01467799267622069,""r_e"":0.0,""rounds"":5}",
     10240,       325,         0,   0.045,blind_mwpm,a4cad245271be673b4257d85833c6867b425e28276a6586a265bf11f9b35ac40,"{""config"":""baseline_pauli"",""d"":5,""p"":0.006812920690579608,""r_e"":0.0,""rounds"":5}",
      2048,       354,         0,   0.021,blind_mwpm,4e676f76c835db2e5cbd9c6373410da90498bb2b757567398e49debe3fec7f9f,"{""config"":""baseline_pauli"",""d"":5,""p"":0.01467799267622069,""r_e"":0.0,""rounds"":5}",
     10240,       289,         0,   0.049,herald_mwpm,e36c7a8f1fe2b0f6bf67dca683dcb2455c5f02d7354544d7fedcab954c32881e,"{""config"":""baseline_pauli"",""d"":5,""p"":0.006812920690579608,""r_e"":0.0,""rounds"":5}",
      2048,       335,         0,   0.020,herald_mwpm,c755daf0781281baefbe262fa93c27c54346e6af62be2037a24acc0910d764e1,"{""config"":""baseline_pauli"",""d"":5,""p"":0.01467799267622069,""r_e"":0.0,""rounds"":5}",
      2048,       339,         0,   0.020,blind_mwpm,4e676f76c835db2e5cbd9c6373410da90498bb2b757567398e49debe3fec7f9f,"{""config"":""baseline_pauli"",""d"":5,""p"":0.01467799267622069,""r_e"":0.0,""rounds"":5}",
      1024,       169,         0,   0.010,herald_mwpm,c755daf0781281baefbe262fa93c27c54346e6af62be2037a24acc0910d764e1,"{""config"":""baseline_pauli"",""d"":5,""p"":0.01467799267622069,""r_e"":0.0,""rounds"":5}",
      1024,       168,         0,   0.009,blind_mwpm,4e676f76c835db2e5cbd9c6373410da90498bb2b757567398e49debe3fec7f9f,"{""config"":""baseline_pauli"",""d"":5,""p"":0.01467799267622069,""r_e"":0.0,""rounds"":5}",
      1297,       389,         0,   0.018,blind_mwpm,82757c7b46331ac02bc5842d932fde1aeee739297b4d0d628b3749b86301af3e,"{""config"":""baseline_pauli"",""d"":5,""p"":0.021544346900318832,""r_e"":0.0,""rounds"":5}",
      1297,       420,         0,   0.024,herald_mwpm,c472d2a9e5a595c14843659b7454c170aa1b9295fd04cd691b88db9c13ed7476,"{""config"":""baseline_pauli"",""d"":5,""p"":0.021544346900318832,""r_e"":0.0,""rounds"":5}",
     24576,       219,         0,   0.078,herald_mwpm,40530cc98b02d9227d606d4a846deead2fae71c7f6035ebf16b86f1d380ee1fb,"{""config"":""baseline_pauli"",""d"":5,""p"":0.004641588833612777,""r_e"":0.0,""rounds"":5}",
      1297,       609,         0,   0.025,herald_mwpm,8c7515b4bebe816428c99c21725c1abc6c8c1954e65aabd9a6ee34cb6792d323,"{""config"":""baseline_pauli"",""d"":5,""p"":0.03162277660168379,""r_e"":0.0,""rounds"":5}",
      1024,       315,         0,   0.017,herald_mwpm,c472d2a9e5a595c14843659b7454c170aa1b9295fd04cd691b88db9c13ed7476,"{""config"":""baseline_pauli"",""d"":5,""p"":0.021544346900318832,""r_e"":0.0,""rounds"":5}",
     25600,       229,         0,   0.079,blind_mwpm,6f24c10c9ebd4c7702b90ae459c4215e94dfaedd71485542def55edd408ddb08,"{""config"":""baseline_pauli"",""d"":5,""p"":0.004641588833612777,""r_e"":0.0,""rounds"":5}",
      1024,       311,         0,   0.014,herald_mwpm,c472d2a9e5a595c14843659b7454c170aa1b9295fd04cd691b88db9c13ed7476,"{""config"":""baseline_pauli"",""d"":5,""p"":0.021544346900318832,""r_e"":0.0,""rounds"":5}",
      2048,       641,         0,   0.032,blind_mwpm,82757c7b46331ac02bc5842d932fde1aeee739297b4d0d628b3749b86301af3e,"{""config"":""baseline_pauli"",""d"":5,""p"":0.021544346900318832,""r_e"":0.0,""rounds"":5}",
      1297,       590,         0,   0.034,blind_mwpm,51e50aac345287e93869d160a09ebe71768808ef17572726dbf3e2de709e2e6e,"{""config"":""baseline_pauli"",""d"":5,""p"":0.03162277660168379,""r_e"":0.0,""rounds"":5}",
       273,       113,         0,   0.009,blind_mwpm,d40e5af3122d10b49d77401eff8fab589164d7be8dc6f030cd957bbc10439695,"{""config"":""baseline_pauli"",""d"":5,""p"":0.046415888336127774,""r_e"":0.0,""rounds"":5}",
      1024,       451,         0,   0.022,herald_mwpm,8c7515b4bebe816428c99c21725c1abc6c8c1954e65aabd9a6ee34cb6792d323,"{""config"":""baseline_pauli"",""d"":5,""p"":0.03162277660168379,""r_e"":0.0,""rounds"":5}",
      1297,       670,         0,   0.031,herald_mwpm,ee3c002d02df99d96d4594d55e0c02c729948acdb70e8f62cf91dd943afd4d29,"{""config"":""baseline_pauli"",""d"":5,""p"":0.046415888336127774,""r_e"":0.0,""rounds"":5}",
      1024,       454,         0,   0.017,blind_mwpm,51e50aac345287e93869d160a09ebe71768808ef17572726dbf3e2de709e2e6e,"{""config"":""baseline_pauli"",""d"":5,""p"":0.03162277660168379,""r_e"":0.0,""rounds"":5}",
      1024,       496,         0,   0.024,blind_mwpm,d40e5af3122d10b49d77401eff8fab589164d7be8dc6f030cd957bbc10439695,"{""config"":""baseline_pauli"",""d"":5,""p"":0.046415888336127774,""r_e"":0.0,""rounds"":5}",
      1024,       493,         0,   0.027,herald_mwpm,ee3c002d02df99d96d4594d55e0c02c729948acdb70e8f62cf91dd943afd4d29,"{""config"":""baseline_pauli"",""d"":5,""p"":0.046415888336127774,""r_e"":0.0,""rounds"":5}",
      1024,       542,         0,   0.021,blind_mwpm,d40e5af3122d10b49d77401eff8fab589164d7be8dc6f030cd957bbc10439695,"{""config"":""baseline_pauli"",""d"":5,""p"":0.046415888336127774,""r_e"":0.0,""rounds"":5}",
       273,       152,         0,   0.011,herald_mwpm,046993f966bbd8e123944f0d54d3bb9d1b1bc5f4a1cccad87ddd77861cb88d71,"{""config"":""baseline_pauli"",""d"":5,""p"":0.06812920690579612,""r_e"":0.0,""rounds"":5}",
       273,       135,         0,   0.012,herald_mwpm,11d323c0ab88c0ca50fa2ab3ddb22d2fb305c88675d8590a844385823cd1d327,"{""config"":""baseline_pauli"",""d"":5,""p"":0.1,""r_e"":0.0,""rounds"":5}",
     23951,       245,         0,   0.085,blind_mwpm,6f24c10c9ebd4c7702b90ae459c4215e94dfaedd71485542def55edd408ddb08,"{""config"":""baseline_pauli"",""d"":5,""p"":0.004641588833612777,""r_e"":0.0,""rounds"":5}",
     25999,       239,         0,   0.099,herald_mwpm,40530cc98b02d9227d606d4a846deead2fae71c7f6035ebf16b86f1d380ee1fb,"{""config"":""baseline_pauli"",""d"":5,""p"":0.004641588833612777,""r_e"":0.0,""rounds"":5}",
       273,       120,         0,   0.011,blind_mwpm,e63ab80aa6857a8a7a1ca4c3826020d9d6f4ed6d17a9bc69c7446d4a3eb4d42f,"{""config"":""baseline_pauli"",""d"":5,""p"":0.1,""r_e"":0.0,""rounds"":5}",
      1297,       619,         0,   0.036,blind_mwpm,8f180360578d897d1a242a518182079a15ef45855a1a5d6c6978fcde07d82eae,"{""config"":""baseline_pauli"",""d"":5,""p"":0.06812920690579612,""r_e"":0.0,""rounds"":5}",
      1024,       508,         0,   0.029,herald_mwpm,046993f966bbd8e123944f0d54d3bb9d1b1bc5f4a1cccad87ddd77861cb88d71,"{""config"":""baseline_pauli"",""d"":5,""p"":0.06812920690579612,""r_e"":0.0,""rounds"":5}",
      1024,       476,         0,   0.040,herald_mwpm,11d323c0ab88c0ca50fa2ab3ddb22d2fb305c88675d8590a844385823cd1d327,"{""config"":""baseline_pauli"",""d"":5,""p"":0.1,""r_e"":0.0,""rounds"":5}",
      1024,       496,         0,   0.035,blind_mwpm,e63ab80aa6857a8a7a1ca4c3826020d9d6f4ed6d17a9bc69c7446d4a3eb4d42f,"{""config"":""baseline_pauli"",""d"":5,""p"":0.1,""r_e"":0.0,""rounds"":5}",
      1024,       495,         0,   0.031,blind_mwpm,8f180360578d897d1a242a518182079a15ef45855a1a5d6c6978fcde07d82eae,"{""config"":""baseline_pauli"",""d"":5,""p"":0.06812920690579612,""r_e"":0.0,""rounds"":5}",
      1024,       499,         0,   0.034,herald_mwpm,046993f966bbd8e123944f0d54d3bb9d1b1bc5f4a1cccad87ddd77861cb88d71,"{""config"":""baseline_pauli"",""d"":5,""p"":0.06812920690579612,""r_e"":0.0,""rounds"":5}",
      2321,         0,         0,   0.010,herald_mwpm,ec1031378711ff55534ac909a3b97423a4593e30ce2100e1c28a7138a1521190,"{""config"":""baseline_pauli"",""d"":7,""p"":0.001,""r_e"":0.0,""rounds"":7}",
      1024,       529,         0,   0.034,blind_mwpm,e63ab80aa6857a8a7a1ca4c3826020d9d6f4ed6d17a9bc69c7446d4a3eb4d42f,"{""config"":""baseline_pauli"",""d"":5,""p"":0.1,""r_e"":0.0,""rounds"":5}",
      1024,       527,         0,   0.039,herald_mwpm,11d323c0ab88c0ca50fa2ab3ddb22d2fb305c88675d8590a844385823cd1d327,"{""config"":""baseline_pauli"",""d"":5,""p"":0.1,""r_e"":0.0,""rounds"":5}",
      5120,         0,         0,   0.015,herald_mwpm,ec1031378711ff55534ac909a3b97423a4593e30ce2100e1c28a7138a1521190,"{""config"":""baseline_pauli"",""d"":7,""p"":0.001,""r_e"":0.0,""rounds"":7}",
      3345,         0,         0,   0.010,blind_mwpm,ca46f2c70fa16eb282f8d490dbd5752b13c1bcb1b048f5fec39047437974b8ae,"{""config"":""baseline_pauli"",""d"":7,""p"":0.001,""r_e"":0.0,""rounds"":7}",
      4096,         0,         0,   0.015,blind_mwpm,ca46f2c70fa16eb282f8d490dbd5752b13c1bcb1b048f5fec39047437974b8ae,"{""config"":""baseline_pauli"",""d"":7,""p"":0.001,""r_e"":0.0,""rounds"":7}",
      6144,         0,         0,   0.019,herald_mwpm,ec1031378711ff55534ac909a3b97423a4593e30ce2100e1c28a7138a1521190,"{""config"":""baseline_pauli"",""d"":7,""p"":0.001,""r_e"":0.0,""rounds"":7}",
      3345,         1,         0,   0.013,blind_mwpm,1aab4c871fb88a63eeae116ef9c9f488e435b0996b36a35f52516811abb88f10,"{""config"":""baseline_pauli"",""d"":7,""p"":0.0014677992676220691,""r_e"":0.0,""rounds"":7}",
      2321,         0,         0,   0.011,herald_mwpm,e801cd2a6d9548e28322b1922f8a8a583d9fb032df08780813d8ac1b9e7bba64,"{""config"":""baseline_pauli"",""d"":7,""p"":0.0014677992676220691,""r_e"":0.0,""rounds"":7}",
      6144,         0,         0,   0.020,blind_mwpm,ca46f2c70fa16eb282f8d490dbd5752b13c1bcb1b048f5fec39047437974b8ae,"{""config"":""baseline_pauli"",""d"":7,""p"":0.001,""r_e"":0.0,""rounds"":7}",
      4096,         0,         0,   0.016,blind_mwpm,1aab4c871fb88a63eeae116ef9c9f488e435b0996b36a35f52516811abb88f10,"{""config"":""baseline_pauli"",""d"":7,""p"":0.0014677992676220691,""r_e"":0.0,""rounds"":7}",
      1297,         0,         0,   0.009,herald_mwpm,484a80b10e1b5d69b7ef8381b58b37d30975be2aa5b9d6da2828dea992da1820,"{""config"":""baseline_pauli"",""d"":7,""p"":0.0021544346900318843,""r_e"":0.0,""rounds"":7}",
      4096,         0,         0,   0.015,herald_mwpm,e801cd2a6d9548e28322b1922f8a8a583d9fb032df08780813d8ac1b9e7bba64,"{""config"":""baseline_pauli"",""d"":7,""p"":0.0014677992676220691,""r_e"":0.0,""rounds"":7}",
      9216,         0,         0,   0.027,herald_mwpm,ec1031378711ff55534ac909a3b97423a4593e30ce2100e1c28a7138a1521190,"{""config"":""baseline_pauli"",""d"":7,""p"":0.001,""r_e"":0.0,""rounds"":7}",
      2321,         1,         0,   0.012,blind_mwpm,2890cc61e759e7f4fae9011648a9bae87e8acf26007fe4f4eb506f834c4ccdd0,"{""config"":""baseline_pauli"",""d"":7,""p"":0.0021544346900318843,""r_e"":0.0,""rounds"":7}",
      6144,         0,         0,   0.019,blind_mwpm,1aab4c871fb88a63eeae116ef9c9f488e435b0996b36a35f52516811abb88f10,"{""config"":""baseline_pauli"",""d"":7,""p"":0.0014677992676220691,""r_e"":0.0,""rounds"":7}",
      3072,         0,         0,   0.019,herald_mwpm,484a80b10e1b5d69b7ef8381b58b37d30975be2aa5b9d6da2828dea992da1820,"{""config"":""baseline_pauli"",""d"":7,""p"":0.0021544346900318843,""r_e"":0.0,""rounds"":7}",
      9216,         0,         0,   0.028,blind_mwpm,ca46f2c70fa16eb282f8d490dbd5752b13c1bcb1b048f5fec39047437974b8ae,"{""config"":""baseline_pauli"",""d"":7,""p"":0.001,""r_e"":0.0,""rounds"":7}",
      6144,         1,         0,   0.024,herald_mwpm,e801cd2a6d9548e28322b1922f8a8a583d9fb032df08780813d8ac1b9e7bba64,"{""config"":""baseline_pauli"",""d"":7,""p"":0.0014677992676220691,""r_e"":0.0,""rounds"":7}",
      4096,         2,         0,   0.017,blind_mwpm,2890cc61e759e7f4fae9011648a9bae87e8acf26007fe4f4eb506f834c4ccdd0,"{""config"":""baseline_pauli"",""d"":7,""p"":0.0021544346900318843,""r_e"":0.0,""rounds"":7}",
      4096,         2,         0,   0.018,herald_mwpm,484a80b10e1b5d69b7ef8381b58b37d30975be2aa5b9d6da2828dea992da1820,"{""config"":""baseline_pauli"",""d"":7,""p"":0.0021544346900318843,""r_e"":0.0,""rounds"":7}",
     11264,         0,         0,   0.036,herald_mwpm,ec1031378711ff55534ac909a3b97423a4593e30ce2100e1c28a7138a1521190,"{""config"":""baseline_pauli"",""d"":7,""p"":0.001,""r_e"":0.0,""rounds"":7}",
      8192,         0,         0,   0.029,blind_mwpm,1aab4c871fb88a63eeae116ef9c9f488e435b0996b36a35f52516811abb88f10,"{""config"":""baseline_pauli"",""d"":7,""p"":0.0014677992676220691,""r_e"":0.0,""rounds"":7}",
      2321,         1,         0,   0.014,herald_mwpm,e697893fe53ed875da8f7252e718c5eba953cdde4cd08ccb407d2f684422a2c4,"{""config"":""baseline_pauli"",""d"":7,""p"":0.0031622776601683794,""r_e"":0.0,""rounds"":7}",
      5120,         1,         0,   0.021,blind_mwpm,2890cc61e759e7f4fae9011648a9bae87e8acf26007fe4f4eb506f834c4ccdd0,"{""config"":""baseline_pauli"",""d"":7,""p"":0.0021544346900318843,""r_e"":0.0,""rounds"":7}",
      8192,         0,         0,   0.028,herald_mwpm,e801cd2a6d9548e28322b1922f8a8a583d9fb032df08780813d8ac1b9e7bba64,"{""config"":""baseline_pauli"",""d"":7,""p"":0.0014677992676220691,""r_e"":0.0,""rounds"":7}",
      2321,         3,         0,   0.014,blind_mwpm,fc188bb15fe0f68c208655be2ac6a15e77c1f40aa220595776d80a645d57fb2c,"{""config"":""baseline_pauli"",""d"":7,""p"":0.0031622776601683794,""r_e"":0.0,""rounds"":7}",
     13312,         1,         0,   0.036,blind_mwpm,ca46f2c70fa16eb282f8d490dbd5752b13c1bcb1b048f5fec39047437974b8ae,"{""config"":""baseline_pauli"",""d"":7,""p"":0.001,""r_e"":0.0,""rounds"":7}",
      7168,         1,         0,   0.029,herald_mwpm,484a80b10e1b5d69b7ef8381b58b37d30975be2aa5b9d6da2828dea992da1820,"{""config"":""baseline_pauli"",""d"":7,""p"":0.0021544346900318843,""r_e"":0.0,""rounds"":7}",
      3072,         3,         0,   0.019,herald_mwpm,e697893fe53ed875da8f7252e718c5eba953cdde4cd08ccb407d2f684422a2c4,"{""config"":""baseline_pauli"",""d"":7,""p"":0.0031622776601683794,""r_e"":0.0,""rounds"":7}",
      3072,         3,         0,   0.018,blind_mwpm,fc188bb15fe0f68c208655be2ac6a15e77c1f40aa220595776d80a645d57fb2c,"{""config"":""baseline_pauli"",""d"":7,""p"":0.0031622776601683794,""r_e"":0.0,""rounds"":7}",
      6144,         2,         0,   0.028,blind_mwpm,2890cc61e759e7f4fae9011648a9bae87e8acf26007fe4f4eb506f834c4ccdd0,"{""config"":""baseline_pauli"",""d"":7,""p"":0.0021544346900318843,""r_e"":0.0,""rounds"":7}",
     12288,         0,         0,   0.040,blind_mwpm,1aab4c871fb88a63eeae116ef9c9f488e435b0996b36a35f52516811abb88f10,"{""config"":""baseline_pauli"",""d"":7,""p"":0.0014677992676220691,""r_e"":0.0,""rounds"":7}",
     11264,         0,         0,   0.038,herald_mwpm,e801cd2a6d9548e28322b1922f8a8a583d9fb032df08780813d8ac1b9e7bba64,"{""config"":""baseline_pauli"",""d"":7,""p"":0.0014677992676220691,""r_e"":0.0,""rounds"":7}",
      4096,         5,         0,   0.023,herald_mwpm,e697893fe53ed875da8f7252e718c5eba953cdde4cd08ccb407d2f684422a2c4,"{""config"":""baseline_pauli"",""d"":7,""p"":0.0031622776601683794,""r_e"":0.0,""rounds"":7}",
     20480,         1,         0,   0.053,herald_mwpm,ec1031378711ff55534ac909a3b97423a4593e30ce2100e1c28a7138a1521190,"{""config"":""baseline_pauli"",""d"":7,""p"":0.001,""r_e"":0.0,""rounds"":7}",
      4096,         2,         0,   0.024,blind_mwpm,fc188bb15fe0f68c208655be2ac6a15e77c1f40aa220595776d80a645d57fb2c,"{""config"":""baseline_pauli"",""d"":7,""p"":0.0031622776601683794,""r_e"":0.0,""rounds"":7}",
      9216,         6,         0,   0.042,herald_mwpm,484a80b10e1b5d69b7ef8381b58b37d30975be2aa5b9d6da2828dea992da1820,"{""config"":""baseline_pauli"",""d"":7,""p"":0.0021544346900318843,""r_e"":0.0,""rounds"":7}",
     18432,         0,         0,   0.054,blind_mwpm,ca46f2c70fa16eb282f8d490dbd5752b13c1bcb1b048f5fec39047437974b8ae,"{""config"":""baseline_pauli"",""d"":7,""p"":0.001,""r_e"":0.0,""rounds"":7}",
     10240,         4,         0,   0.042,blind_mwpm,2890cc61e759e7f4fae9011648a9bae87e8acf26007fe4f4eb506f834c4ccdd0,"{""config"":""baseline_pauli"",""d"":7,""p"":0.0021544346900318843,""r_e"":0.0,""rounds"":7}",
      5120,         5,         0,   0.030,herald_mwpm,e697893fe53ed875da8f7252e718c5eba953cdde4cd08ccb407d2f684422a2c4,"{""config"":""baseline_pauli"",""d"":7,""p"":0.0031622776601683794,""r_e"":0.0,""rounds"":7}",
      5120,         4,         0,   0.028,blind_mwpm,fc188bb15fe0f68c208655be2ac6a15e77c1f40aa220595776d80a645d57fb2c,"{""config"":""baseline_pauli"",""d"":7,""p"":0.0031622776601683794,""r_e"":0.0,""rounds"":7}",
     15360,         4,         0,   0.055,blind_mwpm,1aab4c871fb88a63eeae116ef9c9f488e435b0996b36a35f52516811abb88f10,"{""config"":""baseline_pauli"",""d"":7,""p"":0.0014677992676220691,""r_e"":0.0,""rounds"":7}",
     16384,         0,         0,   0.054,herald_mwpm,e801cd2a6d9548e28322b1922f8a8a583d9fb032df08780813d8ac1b9e7bba64,"{""config"":""baseline_pauli"",""d"":7,""p"":0.0014677992676220691,""r_e"":0.0,""rounds"":7}",
      7168,        11,         0,   0.037,blind_mwpm,fc188bb15fe0f68c208655be2ac6a15e77c1f40aa220595776d80a645d57fb2c,"{""config"":""baseline_pauli"",""d"":7,""p"":0.0031622776601683794,""r_e"":0.0,""rounds"":7}",
      7168,         9,         0,   0.040,herald_mwpm,e697893fe53ed875da8f7252e718c5eba953cdde4cd08ccb407d2f684422a2c4,"{""config"":""baseline_pauli"",""d"":7,""p"":0.0031622776601683794,""r_e"":0.0,""rounds"":7}",
     13312,         1,         0,   0.056,herald_mwpm,484a80b10e1b5d69b7ef8381b58b37d30975be2aa5b9d6da2828dea992da1820,"{""config"":""baseline_pauli"",""d"":7,""p"":0.0021544346900318843,""r_e"":0.0,""rounds"":7}",
     24576,         0,         0,   0.072,herald_mwpm,ec1031378711ff55534ac909a3b97423a4593e30ce2100e1c28a7138a1521190,"{""config"":""baseline_pauli"",""d"":7,""p"":0.001,""r_e"":0.0,""rounds"":7}",
     12288,         1,         0,   0.051,blind_mwpm,2890cc61e759e7f4fae9011648a9bae87e8acf26007fe4f4eb506f834c4ccdd0,"{""config"":""baseline_pauli"",""d"":7,""p"":0.0021544346900318843,""r_e"":0.0,""rounds"":7}",
     24576,         0,         0,   0.071,blind_mwpm,ca46f2c70fa16eb282f8d490dbd5752b13c1bcb1b048f5fec39047437974b8ae,"{""config"":""baseline_pauli"",""d"":7,""p"":0.001,""r_e"":0.0,""rounds"":7}",
      9216,        14,         0,   0.051,blind_mwpm,fc188bb15fe0f68c208655be2ac6a15e77c1f40aa220595776d80a645d57fb2c,"{""config"":""baseline_pauli"",""d"":7,""p"":0.0031622776601683794,""r_e"":0.0,""rounds"":7}",
     10240,        11,         0,   0.050,herald_mwpm,e697893fe53ed875da8f7252e718c5eba953cdde4cd08ccb407d2f684422a2c4,"{""config"":""baseline_pauli"",""d"":7,""p"":0.0031622776601683794,""r_e"":0.0,""rounds"":7}",
     19456,         0,         0,   0.074,herald_mwpm,e801cd2a6d9548e28322b1922f8a8a583d9fb032df08780813d8ac1b9e7bba64,"{""config"":""baseline_pauli"",""d"":7,""p"":0.0014677992676220691,""r_e"":0.0,""rounds"":7}",
     22528,         3,         0,   0.074,blind_mwpm,1aab4c871fb88a63eeae116ef9c9f488e435b0996b36a35f52516811abb88f10,"{""config"":""baseline_pauli"",""d"":7,""p"":0.0014677992676220691,""r_e"":0.0,""rounds"":7}",
     20879,         0,         0,   0.062,herald_mwpm,ec1031378711ff55534ac909a3b97423a4593e30ce2100e1c28a7138a1521190,"{""config"":""baseline_pauli"",""d"":7,""p"":0.001,""r_e"":0.0,""rounds"":7}",
     15360,         3,         0,   0.069,herald_mwpm,484a80b10e1b5d69b7ef8381b58b37d30975be2aa5b9d6da2828dea992da1820,"{""config"":""baseline_pauli"",""d"":7,""p"":0.0021544346900318843,""r_e"":0.0,""rounds"":7}",
     16384,         4,         0,   0.072,blind_mwpm,2890cc61e759e7f4fae9011648a9bae87e8acf26007fe4f4eb506f834c4ccdd0,"{""config"":""baseline_pauli"",""d"":7,""p"":0.0021544346900318843,""r_e"":0.0,""rounds"":7}",
     20879,         0,         0,   0.061,blind_mwpm,ca46f2c70fa16eb282f8d490dbd5752b13c1bcb1b048f5fec39047437974b8ae,"{""config"":""baseline_pauli"",""d"":7,""p"":0.001,""r_e"":0.0,""rounds"":7}",
     12288,        17,         0,   0.075,herald_mwpm,e697893fe53ed875da8f7252e718c5eba953cdde4cd08ccb407d2f684422a2c4,"{""config"":""baseline_pauli"",""d"":7,""p"":0.0031622776601683794,""r_e"":0.0,""rounds"":7}",
     13312,        11,         0,   0.083,blind_mwpm,fc188bb15fe0f68c208655be2ac6a15e77c1f40aa220595776d80a645d57fb2c,"{""config"":""baseline_pauli"",""d"":7,""p"":0.0031622776601683794,""r_e"":0.0,""rounds"":7}",
      1297,         8,         0,   0.012,herald_mwpm,7402ca2d86fa07408130f21af18850e0e0edb763985d21dd45ffc48d772a201d,"{""config"":""baseline_pauli"",""d"":7,""p"":0.004641588833612777,""r_e"":0.0,""rounds"":7}",
     25600,         2,         0,   0.102,herald_mwpm,e801cd2a6d9548e28322b1922f8a8a583d9fb032df08780813d8ac1b9e7bba64,"{""config"":""baseline_pauli"",""d"":7,""p"":0.0014677992676220691,""r_e"":0.0,""rounds"":7}",
     27648,         0,         0,   0.101,blind_mwpm,1aab4c871fb88a63eeae116ef9c9f488e435b0996b36a35f52516811abb88f10,"{""config"":""baseline_pauli"",""d"":7,""p"":0.0014677992676220691,""r_e"":0.0,""rounds"":7}",
       399,         0,         0,   0.002,blind_mwpm,1aab4c871fb88a63eeae116ef9c9f488e435b0996b36a35f52516811abb88f10,"{""config"":""baseline_pauli"",""d"":7,""p"":0.0014677992676220691,""r_e"":0.0,""rounds"":7}",
      1297,         7,         0,   0.012,blind_mwpm,1df3e0a0f07a76f6a4213c59643d3a5ec076c7fcfbdaf92571e2e16819b45f8c,"{""config"":""baseline_pauli"",""d"":7,""p"":0.004641588833612777,""r_e"":0.0,""rounds"":7}",
      2048,        12,         0,   0.015,herald_mwpm,7402ca2d86fa07408130f21af18850e0e0edb763985d21dd45ffc48d772a201d,"{""config"":""baseline_pauli"",""d"":7,""p"":0.004641588833612777,""r_e"":0.0,""rounds"":7}",
     21504,         4,         0,   0.108,herald_mwpm,484a80b10e1b5d69b7ef8381b58b37d30975be2aa5b9d6da2828dea992da1820,"{""config"":""baseline_pauli"",""d"":7,""p"":0.0021544346900318843,""r_e"":0.0,""rounds"":7}",
      6543,         0,         0,   0.026,herald_mwpm,e801cd2a6d9548e28322b1922f8a8a583d9fb032df08780813d8ac1b9e7bba64,"{""config"":""baseline_pauli"",""d"":7,""p"":0.0014677992676220691,""r_e"":0.0,""rounds"":7}",
      2048,        10,         0,   0.020,blind_mwpm,1df3e0a0f07a76f6a4213c59643d3a5ec076c7fcfbdaf92571e2e16819b45f8c,"{""config"":""baseline_pauli"",""d"":7,""p"":0.004641588833612777,""r_e"":0.0,""rounds"":7}",
     23552,         6,         0,   0.101,blind_mwpm,2890cc61e759e7f4fae9011648a9bae87e8acf26007fe4f4eb506f834c4ccdd0,"{""config"":""baseline_pauli"",""d"":7,""p"":0.0021544346900318843,""r_e"":0.0,""rounds"":7}",
      3072,        10,         0,   0.026,herald_mwpm,7402ca2d86fa07408130f21af18850e0e0edb763985d21dd45ffc48d772a201d,"{""config"":""baseline_pauli"",""d"":7,""p"":0.004641588833612777,""r_e"":0.0,""rounds"":7}",
      3072,         9,         0,   0.023,blind_mwpm,1df3e0a0f07a76f6a4213c59643d3a5ec076c7fcfbdaf92571e2e16819b45f8c,"{""config"":""baseline_pauli"",""d"":7,""p"":0.004641588833612777,""r_e"":0.0,""rounds"":7}",
      3072,        11,         0,   0.028,herald_mwpm,7402ca2d86fa07408130f21af18850e0e0edb763985d21dd45ffc48d772a201d,"{""config"":""baseline_pauli"",""d"":7,""p"":0.004641588833612777,""r_e"":0.0,""rounds"":7}",
     15360,        12,         0,   0.102,herald_mwpm,e697893fe53ed875da8f7252e718c5eba953cdde4cd08ccb407d2f684422a2c4,"{""config"":""baseline_pauli"",""d"":7,""p"":0.0031622776601683794,""r_e"":0.0,""rounds"":7}",
     16384,        10,         0,   0.104,blind_mwpm,fc188bb15fe0f68c208655be2ac6a15e77c1f40aa220595776d80a645d57fb2c,"{""config"":""baseline_pauli"",""d"":7,""p"":0.0031622776601683794,""r_e"":0.0,""rounds"":7}",
      3072,        16,         0,   0.029,blind_mwpm,1df3e0a0f07a76f6a4213c59643d3a5ec076c7fcfbdaf92571e2e16819b45f8c,"{""config"":""baseline_pauli"",""d"":7,""p"":0.004641588833612777,""r_e"":0.0,""rounds"":7}",
       273,         6,         0,   0.008,herald_mwpm,a9b8b82c89ff902dfadc2caecb29a2f0fccd2c9eca3fc7cdb465e3368d1206b4,"{""config"":""baseline_pauli"",""d"":7,""p"":0.006812920690579608,""r_e"":0.0,""rounds"":7}",
      4096,        18,         0,   0.039,herald_mwpm,7402ca2d86fa07408130f21af18850e0e0edb763985d21dd45ffc48d772a201d,"{""config"":""baseline_pauli"",""d"":7,""p"":0.004641588833612777,""r_e"":0.0,""rounds"":7}",
      2048,        34,         0,   0.030,herald_mwpm,a9b8b82c89ff902dfadc2caecb29a2f0fccd2c9eca3fc7cdb465e3368d1206b4,"{""config"":""baseline_pauli"",""d"":7,""p"":0.006812920690579608,""r_e"":0.0,""rounds"":7}",
      4096,        22,         0,   0.033,blind_mwpm,1df3e0a0f07a76f6a4213c59643d3a5ec076c7fcfbdaf92571e2e16819b45f8c,"{""config"":""baseline_pauli"",""d"":7,""p"":0.004641588833612777,""r_e"":0.0,""rounds"":7}",
      1297,        24,         0,   0.018,blind_mwpm,4fac9248c2725dbd691f4f9c12142819499ae52ccd57ea65d73ad5c11489c1bc,"{""config"":""baseline_pauli"",""d"":7,""p"":0.006812920690579608,""r_e"":0.0,""rounds"":7}",
     19855,         0,         0,   0.099,blind_mwpm,2890cc61e759e7f4fae9011648a9bae87e8acf26007fe4f4eb506f834c4ccdd0,"{""config"":""baseline_pauli"",""d"":7,""p"":0.0021544346900318843,""r_e"":0.0,""rounds"":7}",
      1024,        18,         0,   0.014,blind_mwpm,4fac9248c2725dbd691f4f9c12142819499ae52ccd57ea65d73ad5c11489c1bc,"{""config"":""baseline_pauli"",""d"":7,""p"":0.006812920690579608,""r_e"":0.0,""rounds"":7}",
      2048,        39,         0,   0.029,herald_mwpm,a9b8b82c89ff902dfadc2caecb29a2f0fccd2c9eca3fc7cdb465e3368d1206b4,"{""config"":""baseline_pauli"",""d"":7,""p"":0.006812920690579608,""r_e"":0.0,""rounds"":7}",
     24975,         4,         0,   0.128,herald_mwpm,484a80b10e1b5d69b7ef8381b58b37d30975be2aa5b9d6da2828dea992da1820,"{""config"":""baseline_pauli"",""d"":7,""p"":0.0021544346900318843,""r_e"":0.0,""rounds"":7}",
      5120,        20,         0,   0.053,herald_mwpm,7402ca2d86fa07408130f21af18850e0e0edb763985d21dd45ffc48d772a201d,"{""config"":""baseline_pauli"",""d"":7,""p"":0.004641588833612777,""r_e"":0.0,""rounds"":7}",
      2048,        39,         0,   0.032,blind_mwpm,4fac9248c2725dbd691f4f9c12142819499ae52ccd57ea65d73ad5c11489c1bc,"{""config"":""baseline_pauli"",""d"":7,""p"":0.006812920690579608,""r_e"":0.0,""rounds"":7}",
      6144,        35,         0,   0.056,blind_mwpm,1df3e0a0f07a76f6a4213c59643d3a5ec076c7fcfbdaf92571e2e16819b45f8c,"{""config"":""baseline_pauli"",""d"":7,""p"":0.004641588833612777,""r_e"":0.0,""rounds"":7}",
      3072,        45,         0,   0.038,herald_mwpm,a9b8b82c89ff902dfadc2caecb29a2f0fccd2c9eca3fc7cdb465e3368d1206b4,"{""config"":""baseline_pauli"",""d"":7,""p"":0.006812920690579608,""r_e"":0.0,""rounds"":7}",
      2048,        40,         0,   0.029,blind_mwpm,4fac9248c2725dbd691f4f9c12142819499ae52ccd57ea65d73ad5c11489c1bc,"{""config"":""baseline_pauli"",""d"":7,""p"":0.006812920690579608,""r_e"":0.0,""rounds"":7}",
     21504,        23,         0,   0.138,herald_mwpm,e697893fe53ed875da8f7252e718c5eba953cdde4cd08ccb407d2f684422a2c4,"{""config"":""baseline_pauli"",""d"":7,""p"":0.0031622776601683794,""r_e"":0.0,""rounds"":7}",
     20480,        17,         0,   0.139,blind_mwpm,fc188bb15fe0f68c208655be2ac6a15e77c1f40aa220595776d80a645d57fb2c,"{""config"":""baseline_pauli"",""d"":7,""p"":0.0031622776601683794,""r_e"":0.0,""rounds"":7}",
      3072,        45,         0,   0.051,herald_mwpm,a9b8b82c89ff902dfadc2caecb29a2f0fccd2c9eca3fc7cdb465e3368d1206b4,"{""config"":""baseline_pauli"",""d"":7,""p"":0.006812920690579608,""r_e"":0.0,""rounds"":7}",
      6144,        25,         0,   0.081,herald_mwpm,7402ca2d86fa07408130f21af18850e0e0edb763985d21dd45ffc48d772a201d,"{""config"":""baseline_pauli"",""d"":7,""p"":0.004641588833612777,""r_e"":0.0,""rounds"":7}",
      2048,        40,         0,   0.039,blind_mwpm,4fac9248c2725dbd691f4f9c12142819499ae52ccd57ea65d73ad5c11489c1bc,"{""config"":""baseline_pauli"",""d"":7,""p"":0.006812920690579608,""r_e"":0.0,""rounds"":7}",
      1297,        83,         0,   0.043,herald_mwpm,c15e3229f94b166d15edfad084d766c64abde97694ed35608163a5eedc8bfc8c,"{""config"":""baseline_pauli"",""d"":7,""p"":0.01,""r_e"":0.0,""rounds"":7}",
      6144,        30,         0,   0.073,blind_mwpm,1df3e0a0f07a76f6a4213c59643d3a5ec076c7fcfbdaf92571e2e16819b45f8c,"{""config"":""baseline_pauli"",""d"":7,""p"":0.004641588833612777,""r_e"":0.0,""rounds"":7}",
       273,        14,         0,   0.007,blind_mwpm,6d0e8f93cfad7ec334fab6dc09562b70e9ccbb29793847e951d11da7d96696b5,"{""config"":""baseline_pauli"",""d"":7,""p"":0.01,""r_e"":0.0,""rounds"":7}",
      3072,        56,         0,   0.057,herald_mwpm,a9b8b82c89ff902dfadc2caecb29a2f0fccd2c9eca3fc7cdb465e3368d1206b4,"{""config"":""baseline_pauli"",""d"":7,""p"":0.006812920690579608,""r_e"":0.0,""rounds"":7}",
      1024,        88,         0,   0.036,herald_mwpm,c15e3229f94b166d15edfad084d766c64abde97694ed35608163a5eedc8bfc8c,"{""config"":""baseline_pauli"",""d"":7,""p"":0.01,""r_e"":0.0,""rounds"":7}",
      1024,        75,         0,   0.032,blind_mwpm,6d0e8f93cfad7ec334fab6dc09562b70e9ccbb29793847e951d11da7d96696b5,"{""config"":""baseline_pauli"",""d"":7,""p"":0.01,""r_e"":0.0,""rounds"":7}",
      4096,        75,         0,   0.064,blind_mwpm,4fac9248c2725dbd691f4f9c12142819499ae52ccd57ea65d73ad5c11489c1bc,"{""config"":""baseline_pauli"",""d"":7,""p"":0.006812920690579608,""r_e"":0.0,""rounds"":7}",
      1024,        67,         0,   0.030,blind_mwpm,6d0e8f93cfad7ec334fab6dc09562b70e9ccbb29793847e951d11da7d96696b5,"{""config"":""baseline_pauli"",""d"":7,""p"":0.01,""r_e"":0.0,""rounds"":7}",
      1024,        79,         0,   0.042,herald_mwpm,c15e3229f94b166d15edfad084d766c64abde97694ed35608163a5eedc8bfc8c,"{""config"":""baseline_pauli"",""d"":7,""p"":0.01,""r_e"":0.0,""rounds"":7}",
      1024,        75,         0,   0.025,blind_mwpm,6d0e8f93cfad7ec334fab6dc09562b70e9ccbb29793847e951d11da7d96696b5,"{""config"":""baseline_pauli"",""d"":7,""p"":0.01,""r_e"":0.0,""rounds"":7}",
      8192,        41,         0,   0.107,herald_mwpm,7402ca2d86fa07408130f21af18850e0e0edb763985d21dd45ffc48d772a201d,"{""config"":""baseline_pauli"",""d"":7,""p"":0.004641588833612777,""r_e"":0.0,""rounds"":7}",
      8192,        39,         0,   0.096,blind_mwpm,1df3e0a0f07a76f6a4213c59643d3a5ec076c7fcfbdaf92571e2e16819b45f8c,"{""config"":""baseline_pauli"",""d"":7,""p"":0.004641588833612777,""r_e"":0.0,""rounds"":7}",
      1024,        87,         0,   0.030,herald_mwpm,c15e3229f94b166d15edfad084d766c64abde97694ed35608163a5eedc8bfc8c,"{""config"":""baseline_pauli"",""d"":7,""p"":0.01,""r_e"":0.0,""rounds"":7}",
      4096,        87,         0,   0.085,herald_mwpm,a9b8b82c89ff902dfadc2caecb29a2f0fccd2c9eca3fc7cdb465e3368d1206b4,"{""config"":""baseline_pauli"",""d"":7,""p"":0.006812920690579608,""r_e"":0.0,""rounds"":7}",
      4096,        89,         0,   0.073,blind_mwpm,4fac9248c2725dbd691f4f9c12142819499ae52ccd57ea65d73ad5c11489c1bc,"{""config"":""baseline_pauli"",""d"":7,""p"":0.006812920690579608,""r_e"":0.0,""rounds"":7}",
     18831,        17,         0,   0.152,herald_mwpm,e697893fe53ed875da8f7252e718c5eba953cdde4cd08ccb407d2f684422a2c4,"{""config"":""baseline_pauli"",""d"":7,""p"":0.0031622776601683794,""r_e"":0.0,""rounds"":7}",
      1024,        92,         0,   0.038,herald_mwpm,c15e3229f94b166d15edfad084d766c64abde97694ed35608163a5eedc8bfc8c,"{""config"":""baseline_pauli"",""d"":7,""p"":0.01,""r_e"":0.0,""rounds"":7}",
      2048,       161,         0,   0.060,blind_mwpm,6d0e8f93cfad7ec334fab6dc09562b70e9ccbb29793847e951d11da7d96696b5,"{""config"":""baseline_pauli"",""d"":7,""p"":0.01,""r_e"":0.0,""rounds"":7}",
     18831,        19,         0,   0.156,blind_mwpm,fc188bb15fe0f68c208655be2ac6a15e77c1f40aa220595776d80a645d57fb2c,"{""config"":""baseline_pauli"",""d"":7,""p"":0.0031622776601683794,""r_e"":0.0,""rounds"":7}",
      6144,       140,         0,   0.103,herald_mwpm,a9b8b82c89ff902dfadc2caecb29a2f0fccd2c9eca3fc7cdb465e3368d1206b4,"{""config"":""baseline_pauli"",""d"":7,""p"":0.006812920690579608,""r_e"":0.0,""rounds"":7}",
      3072,       220,         0,   0.079,herald_mwpm,c15e3229f94b166d15edfad084d766c64abde97694ed35608163a5eedc8bfc8c,"{""config"":""baseline_pauli"",""d"":7,""p"":0.01,""r_e"":0.0,""rounds"":7}",
      3072,       214,         0,   0.079,blind_mwpm,6d0e8f93cfad7ec334fab6dc09562b70e9ccbb29793847e951d11da7d96696b5,"{""config"":""baseline_pauli"",""d"":7,""p"":0.01,""r_e"":0.0,""rounds"":7}",
      6144,       119,         0,   0.138,blind_mwpm,4fac9248c2725dbd691f4f9c12142819499ae52ccd57ea65d73ad5c11489c1bc,"{""config"":""baseline_pauli"",""d"":7,""p"":0.006812920690579608,""r_e"":0.0,""rounds"":7}",
     12288,        57,         0,   0.162,herald_mwpm,7402ca2d86fa07408130f21af18850e0e0edb763985d21dd45ffc48d772a201d,"{""config"":""baseline_pauli"",""d"":7,""p"":0.004641588833612777,""r_e"":0.0,""rounds"":7}",
     13312,        59,         0,   0.164,blind_mwpm,1df3e0a0f07a76f6a4213c59643d3a5ec076c7fcfbdaf92571e2e16819b45f8c,"{""config"":""baseline_pauli"",""d"":7,""p"":0.004641588833612777,""r_e"":0.0,""rounds"":7}",
       273,        59,         0,   0.015,blind_mwpm,004621865672e18f2bea982c4f499587a1cf1c0e40b26cccd27117de21005589,"{""config"":""baseline_pauli"",""d"":7,""p"":0.01467799267622069,""r_e"":0.0,""rounds"":7}",
      2048,       154,         0,   0.089,blind_mwpm,6d0e8f93cfad7ec334fab6dc09562b70e9ccbb29793847e951d11da7d96696b5,"{""config"":""baseline_pauli"",""d"":7,""p"":0.01,""r_e"":0.0,""rounds"":7}",
      2048,       140,         0,   0.093,herald_mwpm,c15e3229f94b166d15edfad084d766c64abde97694ed35608163a5eedc8bfc8c,"{""config"":""baseline_pauli"",""d"":7,""p"":0.01,""r_e"":0.0,""rounds"":7}",
       273,        56,         0,   0.011,herald_mwpm,fc5e4292ffc2c3a438352fbbcbacc0c11bd4fb8afa48db8134e8689c629c6f6a,"{""config"":""baseline_pauli"",""d"":7,""p"":0.01467799267622069,""r_e"":0.0,""rounds"":7}",
      1024,       217,         0,   0.036,blind_mwpm,004621865672e18f2bea982c4f499587a1cf1c0e40b26cccd27117de21005589,"{""config"":""baseline_pauli"",""d"":7,""p"":0.01467799267622069,""r_e"":0.0,""rounds"":7}",
      1024,       204,         0,   0.041,herald_mwpm,fc5e4292ffc2c3a438352fbbcbacc0c11bd4fb8afa48db8134e8689c629c6f6a,"{""config"":""baseline_pauli"",""d"":7,""p"":0.01467799267622069,""r_e"":0.0,""rounds"":7}",
      6144,       114,         0,   0.153,herald_mwpm,a9b8b82c89ff902dfadc2caecb29a2f0fccd2c9eca3fc7cdb465e3368d1206b4,"{""config"":""baseline_pauli"",""d"":7,""p"":0.006812920690579608,""r_e"":0.0,""rounds"":7}",
      1024,       228,         0,   0.038,blind_mwpm,004621865672e18f2bea982c4f499587a1cf1c0e40b26cccd27117de21005589,"{""config"":""baseline_pauli"",""d"":7,""p"":0.01467799267622069,""r_e"":0.0,""rounds"":7}",
      1024,       216,         0,   0.040,herald_mwpm,fc5e4292ffc2c3a438352fbbcbacc0c11bd4fb8afa48db8134e8689c629c6f6a,"{""config"":""baseline_pauli"",""d"":7,""p"":0.01467799267622069,""r_e"":0.0,""rounds"":7}",
      9216,       168,         0,   0.156,blind_mwpm,4fac9248c2725dbd691f4f9c12142819499ae52ccd57ea65d73ad5c11489c1bc,"{""config"":""baseline_pauli"",""d"":7,""p"":0.006812920690579608,""r_e"":0.0,""rounds"":7}",
      4096,       295,         0,   0.097,herald_mwpm,c15e3229f94b166d15edfad084d766c64abde97694ed35608163a5eedc8bfc8c,"{""config"":""baseline_pauli"",""d"":7,""p"":0.01,""r_e"":0.0,""rounds"":7}",
      4096,       284,         0,   0.102,blind_mwpm,6d0e8f93cfad7ec334fab6dc09562b70e9ccbb29793847e951d11da7d96696b5,"{""config"":""baseline_pauli"",""d"":7,""p"":0.01,""r_e"":0.0,""rounds"":7}",
      1024,       213,         0,   0.035,blind_mwpm,004621865672e18f2bea982c4f499587a1cf1c0e40b26cccd27117de21005589,"{""config"":""baseline_pauli"",""d"":7,""p"":0.01467799267622069,""r_e"":0.0,""rounds"":7}",
      1024,       200,         0,   0.044,herald_mwpm,fc5e4292ffc2c3a438352fbbcbacc0c11bd4fb8afa48db8134e8689c629c6f6a,"{""config"":""baseline_pauli"",""d"":7,""p"":0.01467799267622069,""r_e"":0.0,""rounds"":7}",
      1024,       219,         0,   0.046,blind_mwpm,004621865672e18f2bea982c4f499587a1cf1c0e40b26cccd27117de21005589,"{""config"":""baseline_pauli"",""d"":7,""p"":0.01467799267622069,""r_e"":0.0,""rounds"":7}",
     17408,        83,         0,   0.205,herald_mwpm,7402ca2d86fa07408130f21af18850e0e0edb763985d21dd45ffc48d772a201d,"{""config"":""baseline_pauli"",""d"":7,""p"":0.004641588833612777,""r_e"":0.0,""rounds"":7}",
     18432,        75,         0,   0.209,blind_mwpm,1df3e0a0f07a76f6a4213c59643d3a5ec076c7fcfbdaf92571e2e16819b45f8c,"{""config"":""baseline_pauli"",""d"":7,""p"":0.004641588833612777,""r_e"":0.0,""rounds"":7}",
      1024,       188,         0,   0.049,herald_mwpm,fc5e4292ffc2c3a438352fbbcbacc0c11bd4fb8afa48db8134e8689c629c6f6a,"{""config"":""baseline_pauli"",""d"":7,""p"":0.01467799267622069,""r_e"":0.0,""rounds"":7}",
      1024,       206,         0,   0.040,blind_mwpm,004621865672e18f2bea982c4f499587a1cf1c0e40b26cccd27117de21005589,"{""config"":""baseline_pauli"",""d"":7,""p"":0.01467799267622069,""r_e"":0.0,""rounds"":7}",
      1024,       207,         0,   0.034,herald_mwpm,fc5e4292ffc2c3a438352fbbcbacc0c11bd4fb8afa48db8134e8689c629c6f6a,"{""config"":""baseline_pauli"",""d"":7,""p"":0.01467799267622069,""r_e"":0.0,""rounds"":7}",
       273,        94,         0,   0.019,herald_mwpm,cf82f72fdec4e8fdee227f3888e115d849d08fffad90a0de956be6a8fc2b2ef2,"{""config"":""baseline_pauli"",""d"":7,""p"":0.021544346900318832,""r_e"":0.0,""rounds"":7}",
       273,       102,         0,   0.017,blind_mwpm,10009407d32588d380448cdf59cf4d0dd8e7dd382e0fdf006b956a38138d4193,"{""config"":""baseline_pauli"",""d"":7,""p"":0.021544346900318832,""r_e"":0.0,""rounds"":7}",
     14336,       281,         0,   0.216,herald_mwpm,a9b8b82c89ff902dfadc2caecb29a2f0fccd2c9eca3fc7cdb465e3368d1206b4,"{""config"":""baseline_pauli"",""d"":7,""p"":0.006812920690579608,""r_e"":0.0,""rounds"":7}",
      1024,       395,         0,   0.057,herald_mwpm,cf82f72fdec4e8fdee227f3888e115d849d08fffad90a0de956be6a8fc2b2ef2,"{""config"":""baseline_pauli"",""d"":7,""p"":0.021544346900318832,""r_e"":0.0,""rounds"":7}",
      1024,       397,         0,   0.061,blind_mwpm,10009407d32588d380448cdf59cf4d0dd8e7dd382e0fdf006b956a38138d4193,"{""config"":""baseline_pauli"",""d"":7,""p"":0.021544346900318832,""r_e"":0.0,""rounds"":7}",
     14336,       295,         0,   0.219,blind_mwpm,4fac9248c2725dbd691f4f9c12142819499ae52ccd57ea65d73ad5c11489c1bc,"{""config"":""baseline_pauli"",""d"":7,""p"":0.006812920690579608,""r_e"":0.0,""rounds"":7}",
        17,        10,         0,   0.006,blind_mwpm,605f25eaae1c0536293ca47e33d2acdf72bb9c085b8cec94f5a661f0be897018,"{""config"":""baseline_pauli"",""d"":7,""p"":0.03162277660168379,""r_e"":0.0,""rounds"":7}",
       273,       136,         0,   0.028,herald_mwpm,e58e5d5b910f31529cf2dbe148e8a16fe0b609cdeb01026f3122a1d9e1b25521,"{""config"":""baseline_pauli"",""d"":7,""p"":0.03162277660168379,""r_e"":0.0,""rounds"":7}",
      1024,       397,         0,   0.056,blind_mwpm,10009407d32588d380448cdf59cf4d0dd8e7dd382e0fdf006b956a38138d4193,"{""config"":""baseline_pauli"",""d"":7,""p"":0.021544346900318832,""r_e"":0.0,""rounds"":7}",
      1024,       421,         0,   0.070,herald_mwpm,cf82f72fdec4e8fdee227f3888e115d849d08fffad90a0de956be6a8fc2b2ef2,"{""config"":""baseline_pauli"",""d"":7,""p"":0.021544346900318832,""r_e"":0.0,""rounds"":7}",
       256,       142,         0,   0.025,blind_mwpm,605f25eaae1c0536293ca47e33d2acdf72bb9c085b8cec94f5a661f0be897018,"{""config"":""baseline_pauli"",""d"":7,""p"":0.03162277660168379,""r_e"":0.0,""rounds"":7}",
      6144,       110,         0,   0.116,blind_mwpm,4fac9248c2725dbd691f4f9c12142819499ae52ccd57ea65d73ad5c11489c1bc,"{""config"":""baseline_pauli"",""d"":7,""p"":0.006812920690579608,""r_e"":0.0,""rounds"":7}",
      1024,       501,         0,   0.123,herald_mwpm,e58e5d5b910f31529cf2dbe148e8a16fe0b609cdeb01026f3122a1d9e1b25521,"{""config"":""baseline_pauli"",""d"":7,""p"":0.03162277660168379,""r_e"":0.0,""rounds"":7}",
     23552,       106,         0,   0.265,blind_mwpm,1df3e0a0f07a76f6a4213c59643d3a5ec076c7fcfbdaf92571e2e16819b45f8c,"{""config"":""baseline_pauli"",""d"":7,""p"":0.004641588833612777,""r_e"":0.0,""rounds"":7}",
     24576,       123,         0,   0.266,herald_mwpm,7402ca2d86fa07408130f21af18850e0e0edb763985d21dd45ffc48d772a201d,"{""config"":""baseline_pauli"",""d"":7,""p"":0.004641588833612777,""r_e"":0.0,""rounds"":7}",
      1024,       368,         0,   0.105,blind_mwpm,10009407d32588d380448cdf59cf4d0dd8e7dd382e0fdf006b956a38138d4193,"{""config"":""baseline_pauli"",""d"":7,""p"":0.021544346900318832,""r_e"":0.0,""rounds"":7}",
      1024,       405,         0,   0.104,herald_mwpm,cf82f72fdec4e8fdee227f3888e115d849d08fffad90a0de956be6a8fc2b2ef2,"{""config"":""baseline_pauli"",""d"":7,""p"":0.021544346900318832,""r_e"":0.0,""rounds"":7}",
      9216,       164,         0,   0.154,herald_mwpm,a9b8b82c89ff902dfadc2caecb29a2f0fccd2c9eca3fc7cdb465e3368d1206b4,"{""config"":""baseline_pauli"",""d"":7,""p"":0.006812920690579608,""r_e"":0.0,""rounds"":7}",
      1024,       497,         0,   0.120,blind_mwpm,605f25eaae1c0536293ca47e33d2acdf72bb9c085b8cec94f5a661f0be897018,"{""config"":""baseline_pauli"",""d"":7,""p"":0.03162277660168379,""r_e"":0.0,""rounds"":7}",
      1024,       490,         0,   0.072,herald_mwpm,e58e5d5b910f31529cf2dbe148e8a16fe0b609cdeb01026f3122a1d9e1b25521,"{""config"":""baseline_pauli"",""d"":7,""p"":0.03162277660168379,""r_e"":0.0,""rounds"":7}",
      1024,       483,         0,   0.082,blind_mwpm,605f25eaae1c0536293ca47e33d2acdf72bb9c085b8cec94f5a661f0be897018,"{""config"":""baseline_pauli"",""d"":7,""p"":0.03162277660168379,""r_e"":0.0,""rounds"":7}",
     10639,        55,         0,   0.110,blind_mwpm,1df3e0a0f07a76f6a4213c59643d3a5ec076c7fcfbdaf92571e2e16819b45f8c,"{""config"":""baseline_pauli"",""d"":7,""p"":0.004641588833612777,""r_e"":0.0,""rounds"":7}",
       273,       133,         0,   0.032,herald_mwpm,03a7cefd5330643244746048f6482342c7ed464dcdee50b7cb369f1354cb3025,"{""config"":""baseline_pauli"",""d"":7,""p"":0.046415888336127774,""r_e"":0.0,""rounds"":7}",
       273,       147,         0,   0.029,blind_mwpm,ecc44acbf7683b6136def427fad73b05511402f3ae0d28b464b97483a0385585,"{""config"":""baseline_pauli"",""d"":7,""p"":0.046415888336127774,""r_e"":0.0,""rounds"":7}",
     12687,        58,         0,   0.133,herald_mwpm,7402ca2d86fa07408130f21af18850e0e0edb763985d21dd45ffc48d772a201d,"{""config"":""baseline_pauli"",""d"":7,""p"":0.004641588833612777,""r_e"":0.0,""rounds"":7}",
       273,       130,         0,   0.034,herald_mwpm,034c3f4986b9bd7a5d004904f8568438512017b91268e25022977586a655e069,"{""config"":""baseline_pauli"",""d"":7,""p"":0.06812920690579612,""r_e"":0.0,""rounds"":7}",
       273,       143,         0,   0.037,blind_mwpm,b7b95002b2e6aa7745347d3c06996dbbcdc0c0595cb5de3f3b6bca7dbcc085ed,"{""config"":""baseline_pauli"",""d"":7,""p"":0.06812920690579612,""r_e"":0.0,""rounds"":7}",
       273,       129,         0,   0.045,herald_mwpm,f1fdae6a3c1e611f9035a1f17794441a3d05e987aa4318ab49f97c7f3788b60b,"{""config"":""baseline_pauli"",""d"":7,""p"":0.1,""r_e"":0.0,""rounds"":7}",
      1024,       509,         0,   0.100,blind_mwpm,ecc44acbf7683b6136def427fad73b05511402f3ae0d28b464b97483a0385585,"{""config"":""baseline_pauli"",""d"":7,""p"":0.046415888336127774,""r_e"":0.0,""rounds"":7}",
      1024,       522,         0,   0.110,herald_mwpm,03a7cefd5330643244746048f6482342c7ed464dcdee50b7cb369f1354cb3025,"{""config"":""baseline_pauli"",""d"":7,""p"":0.046415888336127774,""r_e"":0.0,""rounds"":7}",
       273,       135,         0,   0.040,blind_mwpm,e3c8457522c6d958527a99efd5a220d7fa613801100db2e5b7bf252c46ad631a,"{""config"":""baseline_pauli"",""d"":7,""p"":0.1,""r_e"":0.0,""rounds"":7}",
      1024,       506,         0,   0.125,herald_mwpm,034c3f4986b9bd7a5d004904f8568438512017b91268e25022977586a655e069,"{""config"":""baseline_pauli"",""d"":7,""p"":0.06812920690579612,""r_e"":0.0,""rounds"":7}",
      1024,       523,         0,   0.125,blind_mwpm,b7b95002b2e6aa7745347d3c06996dbbcdc0c0595cb5de3f3b6bca7dbcc085ed,"{""config"":""baseline_pauli"",""d"":7,""p"":0.06812920690579612,""r_e"":0.0,""rounds"":7}",
      1024,       509,         0,   0.108,blind_mwpm,ecc44acbf7683b6136def427fad73b05511402f3ae0d28b464b97483a0385585,"{""config"":""baseline_pauli"",""d"":7,""p"":0.046415888336127774,""r_e"":0.0,""rounds"":7}",
      1024,       520,         0,   0.108,herald_mwpm,03a7cefd5330643244746048f6482342c7ed464dcdee50b7cb369f1354cb3025,"{""config"":""baseline_pauli"",""d"":7,""p"":0.046415888336127774,""r_e"":0.0,""rounds"":7}",
      1297,         0,         0,   0.010,herald_mwpm,fcdbac7e943ce1fdc2bfa66021bfc734915b55ba5449f417b1caef75b3436705,"{""config"":""baseline_pauli"",""d"":9,""p"":0.001,""r_e"":0.0,""rounds"":9}",
      1024,       497,         0,   0.135,herald_mwpm,f1fdae6a3c1e611f9035a1f17794441a3d05e987aa4318ab49f97c7f3788b60b,"{""config"":""baseline_pauli"",""d"":7,""p"":0.1,""r_e"":0.0,""rounds"":7}",
      1297,         0,         0,   0.013,blind_mwpm,b301482c4cd882124124ae52a0b0cd1a9c06576fc640f18578dbb771c6584e3b,"{""config"":""baseline_pauli"",""d"":9,""p"":0.001,""r_e"":0.0,""rounds"":9}",
      2048,         0,         0,   0.018,herald_mwpm,fcdbac7e943ce1fdc2bfa66021bfc734915b55ba5449f417b1caef75b3436705,"{""config"":""baseline_pauli"",""d"":9,""p"":0.001,""r_e"":0.0,""rounds"":9}",
      3072,         0,         0,   0.019,blind_mwpm,b301482c4cd882124124ae52a0b0cd1a9c06576fc640f18578dbb771c6584e3b,"{""config"":""baseline_pauli"",""d"":9,""p"":0.001,""r_e"":0.0,""rounds"":9}",
      4096,         0,         0,   0.021,herald_mwpm,fcdbac7e943ce1fdc2bfa66021bfc734915b55ba5449f417b1caef75b3436705,"{""config"":""baseline_pauli"",""d"":9,""p"":0.001,""r_e"":0.0,""rounds"":9}",
      1024,       516,         0,   0.121,blind_mwpm,b7b95002b2e6aa7745347d3c06996dbbcdc0c0595cb5de3f3b6bca7dbcc085ed,"{""config"":""baseline_pauli"",""d"":7,""p"":0.06812920690579612,""r_e"":0.0,""rounds"":7}",
      3072,         0,         0,   0.025,blind_mwpm,b301482c4cd882124124ae52a0b0cd1a9c06576fc640f18578dbb771c6584e3b,"{""config"":""baseline_pauli"",""d"":9,""p"":0.001,""r_e"":0.0,""rounds"":9}",
      1024,       501,         0,   0.151,blind_mwpm,e3c8457522c6d958527a99efd5a220d7fa613801100db2e5b7bf252c46ad631a,"{""config"":""baseline_pauli"",""d"":7,""p"":0.1,""r_e"":0.0,""rounds"":7}",
      1024,       505,         0,   0.130,herald_mwpm,034c3f4986b9bd7a5d004904f8568438512017b91268e25022977586a655e069,"{""config"":""baseline_pauli"",""d"":7,""p"":0.06812920690579612,""r_e"":0.0,""rounds"":7}",
      4096,         0,         0,   0.032,herald_mwpm,fcdbac7e943ce1fdc2bfa66021bfc734915b55ba5449f417b1caef75b3436705,"{""config"":""baseline_pauli"",""d"":9,""p"":0.001,""r_e"":0.0,""rounds"":9}",
      5120,         0,         0,   0.032,blind_mwpm,b301482c4cd882124124ae52a0b0cd1a9c06576fc640f18578dbb771c6584e3b,"{""config"":""baseline_pauli"",""d"":9,""p"":0.001,""r_e"":0.0,""rounds"":9}",
      6144,         0,         0,   0.045,herald_mwpm,fcdbac7e943ce1fdc2bfa66021bfc734915b55ba5449f417b1caef75b3436705,"{""config"":""baseline_pauli"",""d"":9,""p"":0.001,""r_e"":0.0,""rounds"":9}",
      1024,       495,         0,   0.116,herald_mwpm,f1fdae6a3c1e611f9035a1f17794441a3d05e987aa4318ab49f97c7f3788b60b,"{""config"":""baseline_pauli"",""d"":7,""p"":0.1,""r_e"":0.0,""rounds"":7}",
      5120,         0,         0,   0.045,blind_mwpm,b301482c4cd882124124ae52a0b0cd1a9c06576fc640f18578dbb771c6584e3b,"{""config"":""baseline_pauli"",""d"":9,""p"":0.001,""r_e"":0.0,""rounds"":9}",
      6144,         0,         0,   0.053,herald_mwpm,fcdbac7e943ce1fdc2bfa66021bfc734915b55ba5449f417b1caef75b3436705,"{""config"":""baseline_pauli"",""d"":9,""p"":0.001,""r_e"":0.0,""rounds"":9}",
      1024,       529,         0,   0.127,blind_mwpm,e3c8457522c6d958527a99efd5a220d7fa613801100db2e5b7bf252c46ad631a,"{""config"":""baseline_pauli"",""d"":7,""p"":0.1,""r_e"":0.0,""rounds"":7}",
      7168,         0,         0,   0.051,blind_mwpm,b301482c4cd882124124ae52a0b0cd1a9c06576fc640f18578dbb771c6584e3b,"{""config"":""baseline_pauli"",""d"":9,""p"":0.001,""r_e"":0.0,""rounds"":9}",
      1297,         0,         0,   0.014,herald_mwpm,1a2929757cff3ab2c0dece87057c838640a8cd3134563fa8bf28cbc55606e337,"{""config"":""baseline_pauli"",""d"":9,""p"":0.0014677992676220691,""r_e"":0.0,""rounds"":9}",
      1297,         0,         0,   0.015,blind_mwpm,40c724ba8c503ded6fcc4a357cf06ba0131262575697759e583b5497ffe164ff,"{""config"":""baseline_pauli"",""d"":9,""p"":0.0014677992676220691,""r_e"":0.0,""rounds"":9}",
      2048,         0,         0,   0.021,herald_mwpm,1a2929757cff3ab2c0dece87057c838640a8cd3134563fa8bf28cbc55606e337,"{""config"":""baseline_pauli"",""d"":9,""p"":0.0014677992676220691,""r_e"":0.0,""rounds"":9}",
      2048,         0,         0,   0.018,blind_mwpm,40c724ba8c503ded6fcc4a357cf06ba0131262575697759e583b5497ffe164ff,"{""config"":""baseline_pauli"",""d"":9,""p"":0.0014677992676220691,""r_e"":0.0,""rounds"":9}",
      3072,         0,         0,   0.026,herald_mwpm,1a2929757cff3ab2c0dece87057c838640a8cd3134563fa8bf28cbc55606e337,"{""config"":""baseline_pauli"",""d"":9,""p"":0.0014677992676220691,""r_e"":0.0,""rounds"":9}",
      3072,         0,         0,   0.026,blind_mwpm,40c724ba8c503ded6fcc4a357cf06ba0131262575697759e583b5497ffe164ff,"{""config"":""baseline_pauli"",""d"":9,""p"":0.0014677992676220691,""r_e"":0.0,""rounds"":9}",
     12288,         0,         0,   0.070,herald_mwpm,fcdbac7e943ce1fdc2bfa66021bfc734915b55ba5449f417b1caef75b3436705,"{""config"":""baseline_pauli"",""d"":9,""p"":0.001,""r_e"":0.0,""rounds"":9}",
     12288,         0,         0,   0.077,blind_mwpm,b301482c4cd882124124ae52a0b0cd1a9c06576fc640f18578dbb771c6584e3b,"{""config"":""baseline_pauli"",""d"":9,""p"":0.001,""r_e"":0.0,""rounds"":9}",
      4096,         0,         0,   0.029,herald_mwpm,1a2929757cff3ab2c0dece87057c838640a8cd3134563fa8bf28cbc55606e337,"{""config"":""baseline_pauli"",""d"":9,""p"":0.0014677992676220691,""r_e"":0.0,""rounds"":9}",
      1297,         0,         0,   0.015,herald_mwpm,76ab5c92cb815f31757888bd2979e603cb864d54d2e4c7f77eaad1b3fe57dfe1,"{""config"":""baseline_pauli"",""d"":9,""p"":0.0021544346900318843,""r_e"":0.0,""rounds"":9}",
      3072,         0,         0,   0.030,blind_mwpm,40c724ba8c503ded6fcc4a357cf06ba0131262575697759e583b5497ffe164ff,"{""config"":""baseline_pauli"",""d"":9,""p"":0.0014677992676220691,""r_e"":0.0,""rounds"":9}",
       273,         0,         0,   0.008,blind_mwpm,90d748f7ad362b358fe169ac33c19e776568c815eb607d3c0448bb38ee2c51d0,"{""config"":""baseline_pauli"",""d"":9,""p"":0.0021544346900318843,""r_e"":0.0,""rounds"":9}",
      2048,         0,         0,   0.016,herald_mwpm,76ab5c92cb815f31757888bd2979e603cb864d54d2e4c7f77eaad1b3fe57dfe1,"{""config"":""baseline_pauli"",""d"":9,""p"":0.0021544346900318843,""r_e"":0.0,""rounds"":9}",
      2048,         0,         0,   0.017,blind_mwpm,90d748f7ad362b358fe169ac33c19e776568c815eb607d3c0448bb38ee2c51d0,"{""config"":""baseline_pauli"",""d"":9,""p"":0.0021544346900318843,""r_e"":0.0,""rounds"":9}",
      5120,         0,         0,   0.038,herald_mwpm,1a2929757cff3ab2c0dece87057c838640a8cd3134563fa8bf28cbc55606e337,"{""config"":""baseline_pauli"",""d"":9,""p"":0.0014677992676220691,""r_e"":0.0,""rounds"":9}",
      3072,         0,         0,   0.024,herald_mwpm,76ab5c92cb815f31757888bd2979e603cb864d54d2e4c7f77eaad1b3fe57dfe1,"{""config"":""baseline_pauli"",""d"":9,""p"":0.0021544346900318843,""r_e"":0.0,""rounds"":9}",
      5120,         0,         0,   0.038,blind_mwpm,40c724ba8c503ded6fcc4a357cf06ba0131262575697759e583b5497ffe164ff,"{""config"":""baseline_pauli"",""d"":9,""p"":0.0014677992676220691,""r_e"":0.0,""rounds"":9}",
      2048,         0,         0,   0.021,blind_mwpm,90d748f7ad362b358fe169ac33c19e776568c815eb607d3c0448bb38ee2c51d0,"{""config"":""baseline_pauli"",""d"":9,""p"":0.0021544346900318843,""r_e"":0.0,""rounds"":9}",
      1297,         1,         0,   0.028,herald_mwpm,6b5d7d00efc1158b2a7162021822c1a8169d873a9c2e9fbdec80f653831c232b,"{""config"":""baseline_pauli"",""d"":9,""p"":0.0031622776601683794,""r_e"":0.0,""rounds"":9}",
      2048,         0,         0,   0.023,herald_mwpm,6b5d7d00efc1158b2a7162021822c1a8169d873a9c2e9fbdec80f653831c232b,"{""config"":""baseline_pauli"",""d"":9,""p"":0.0031622776601683794,""r_e"":0.0,""rounds"":9}",
      3072,         1,         0,   0.037,herald_mwpm,76ab5c92cb815f31757888bd2979e603cb864d54d2e4c7f77eaad1b3fe57dfe1,"{""config"":""baseline_pauli"",""d"":9,""p"":0.0021544346900318843,""r_e"":0.0,""rounds"":9}",
      3072,         0,         0,   0.031,blind_mwpm,90d748f7ad362b358fe169ac33c19e776568c815eb607d3c0448bb38ee2c51d0,"{""config"":""baseline_pauli"",""d"":9,""p"":0.0021544346900318843,""r_e"":0.0,""rounds"":9}",
     16384,         0,         0,   0.102,herald_mwpm,fcdbac7e943ce1fdc2bfa66021bfc734915b55ba5449f417b1caef75b3436705,"{""config"":""baseline_pauli"",""d"":9,""p"":0.001,""r_e"":0.0,""rounds"":9}",
      1297,         0,         0,   0.015,blind_mwpm,e571e1dc90df2fb7f348011292ad422251902e42a85016df6675909f8a67d530,"{""config"":""baseline_pauli"",""d"":9,""p"":0.0031622776601683794,""r_e"":0.0,""rounds"":9}",
      7168,         0,         0,   0.051,blind_mwpm,40c724ba8c503ded6fcc4a357cf06ba0131262575697759e583b5497ffe164ff,"{""config"":""baseline_pauli"",""d"":9,""p"":0.0014677992676220691,""r_e"":0.0,""rounds"":9}",
     13312,         0,         0,   0.094,blind_mwpm,b301482c4cd882124124ae52a0b0cd1a9c06576fc640f18578dbb771c6584e3b,"{""config"":""baseline_pauli"",""d"":9,""p"":0.001,""r_e"":0.0,""rounds"":9}",
      6144,         0,         0,   0.065,herald_mwpm,1a2929757cff3ab2c0dece87057c838640a8cd3134563fa8bf28cbc55606e337,"{""config"":""baseline_pauli"",""d"":9,""p"":0.0014677992676220691,""r_e"":0.0,""rounds"":9}",
      1024,         1,         0,   0.030,herald_mwpm,6b5d7d00efc1158b2a7162021822c1a8169d873a9c2e9fbdec80f653831c232b,"{""config"":""baseline_pauli"",""d"":9,""p"":0.0031622776601683794,""r_e"":0.0,""rounds"":9}",
      1024,         0,         0,   0.015,blind_mwpm,e571e1dc90df2fb7f348011292ad422251902e42a85016df6675909f8a67d530,"{""config"":""baseline_pauli"",""d"":9,""p"":0.0031622776601683794,""r_e"":0.0,""rounds"":9}",
      5120,         0,         0,   0.042,blind_mwpm,90d748f7ad362b358fe169ac33c19e776568c815eb607d3c0448bb38ee2c51d0,"{""config"":""baseline_pauli"",""d"":9,""p"":0.0021544346900318843,""r_e"":0.0,""rounds"":9}",
      3072,         0,         0,   0.045,herald_mwpm,76ab5c92cb815f31757888bd2979e603cb864d54d2e4c7f77eaad1b3fe57dfe1,"{""config"":""baseline_pauli"",""d"":9,""p"":0.0021544346900318843,""r_e"":0.0,""rounds"":9}",
      2048,         0,         0,   0.029,herald_mwpm,6b5d7d00efc1158b2a7162021822c1a8169d873a9c2e9fbdec80f653831c232b,"{""config"":""baseline_pauli"",""d"":9,""p"":0.0031622776601683794,""r_e"":0.0,""rounds"":9}",
      2048,         1,         0,   0.027,blind_mwpm,e571e1dc90df2fb7f348011292ad422251902e42a85016df6675909f8a67d530,"{""config"":""baseline_pauli"",""d"":9,""p"":0.0031622776601683794,""r_e"":0.0,""rounds"":9}",
      2048,         0,         0,   0.033,blind_mwpm,e571e1dc90df2fb7f348011292ad422251902e42a85016df6675909f8a67d530,"{""config"":""baseline_pauli"",""d"":9,""p"":0.0031622776601683794,""r_e"":0.0,""rounds"":9}",
     12288,         0,         0,   0.078,blind_mwpm,40c724ba8c503ded6fcc4a357cf06ba0131262575697759e583b5497ffe164ff,"{""config"":""baseline_pauli"",""d"":9,""p"":0.0014677992676220691,""r_e"":0.0,""rounds"":9}",
      6144,         0,         0,   0.058,blind_mwpm,90d748f7ad362b358fe169ac33c19e776568c815eb607d3c0448bb38ee2c51d0,"{""config"":""baseline_pauli"",""d"":9,""p"":0.0021544346900318843,""r_e"":0.0,""rounds"":9}",
      6144,         0,         0,   0.056,herald_mwpm,76ab5c92cb815f31757888bd2979e603cb864d54d2e4c7f77eaad1b3fe57dfe1,"{""config"":""baseline_pauli"",""d"":9,""p"":0.0021544346900318843,""r_e"":0.0,""rounds"":9}",
     11264,         0,         0,   0.081,herald_mwpm,1a2929757cff3ab2c0dece87057c838640a8cd3134563fa8bf28cbc55606e337,"{""config"":""baseline_pauli"",""d"":9,""p"":0.0014677992676220691,""r_e"":0.0,""rounds"":9}",
      4096,         3,         0,   0.048,herald_mwpm,6b5d7d00efc1158b2a7162021822c1a8169d873a9c2e9fbdec80f653831c232b,"{""config"":""baseline_pauli"",""d"":9,""p"":0.0031622776601683794,""r_e"":0.0,""rounds"":9}",
      3072,         0,         0,   0.036,blind_mwpm,e571e1dc90df2fb7f348011292ad422251902e42a85016df6675909f8a67d530,"{""config"":""baseline_pauli"",""d"":9,""p"":0.0031622776601683794,""r_e"":0.0,""rounds"":9}",
     24576,         0,         0,   0.139,herald_mwpm,fcdbac7e943ce1fdc2bfa66021bfc734915b55ba5449f417b1caef75b3436705,"{""config"":""baseline_pauli"",""d"":9,""p"":0.001,""r_e"":0.0,""rounds"":9}",
      4096,         1,         0,   0.060,herald_mwpm,6b5d7d00efc1158b2a7162021822c1a8169d873a9c2e9fbdec80f653831c232b,"{""config"":""baseline_pauli"",""d"":9,""p"":0.0031622776601683794,""r_e"":0.0,""rounds"":9}",
     24576,         0,         0,   0.147,blind_mwpm,b301482c4cd882124124ae52a0b0cd1a9c06576fc640f18578dbb771c6584e3b,"{""config"":""baseline_pauli"",""d"":9,""p"":0.001,""r_e"":0.0,""rounds"":9}",
      8192,         0,         0,   0.077,blind_mwpm,90d748f7ad362b358fe169ac33c19e776568c815eb607d3c0448bb38ee2c51d0,"{""config"":""baseline_pauli"",""d"":9,""p"":0.0021544346900318843,""r_e"":0.0,""rounds"":9}",
      9216,         1,         0,   0.075,herald_mwpm,76ab5c92cb815f31757888bd2979e603cb864d54d2e4c7f77eaad1b3fe57dfe1,"{""config"":""baseline_pauli"",""d"":9,""p"":0.0021544346900318843,""r_e"":0.0,""rounds"":9}",
      4096,         1,         0,   0.055,blind_mwpm,e571e1dc90df2fb7f348011292ad422251902e42a85016df6675909f8a67d530,"{""config"":""baseline_pauli"",""d"":9,""p"":0.0031622776601683794,""r_e"":0.0,""rounds"":9}",
     12288,         0,         0,   0.099,blind_mwpm,40c724ba8c503ded6fcc4a357cf06ba0131262575697759e583b5497ffe164ff,"{""config"":""baseline_pauli"",""d"":9,""p"":0.0014677992676220691,""r_e"":0.0,""rounds"":9}",
     15360,         0,         0,   0.110,herald_mwpm,1a2929757cff3ab2c0dece87057c838640a8cd3134563fa8bf28cbc55606e337,"{""config"":""baseline_pauli"",""d"":9,""p"":0.0014677992676220691,""r_e"":0.0,""rounds"":9}",
      6144,         2,         0,   0.085,herald_mwpm,6b5d7d00efc1158b2a7162021822c1a8169d873a9c2e9fbdec80f653831c232b,"{""config"":""baseline_pauli"",""d"":9,""p"":0.0031622776601683794,""r_e"":0.0,""rounds"":9}",
      5120,         4,         0,   0.072,blind_mwpm,e571e1dc90df2fb7f348011292ad422251902e42a85016df6675909f8a67d530,"{""config"":""baseline_pauli"",""d"":9,""p"":0.0031622776601683794,""r_e"":0.0,""rounds"":9}",
     12288,         1,         0,   0.105,blind_mwpm,90d748f7ad362b358fe169ac33c19e776568c815eb607d3c0448bb38ee2c51d0,"{""config"":""baseline_pauli"",""d"":9,""p"":0.0021544346900318843,""r_e"":0.0,""rounds"":9}",
     13312,         1,         0,   0.109,herald_mwpm,76ab5c92cb815f31757888bd2979e603cb864d54d2e4c7f77eaad1b3fe57dfe1,"{""config"":""baseline_pauli"",""d"":9,""p"":0.0021544346900318843,""r_e"":0.0,""rounds"":9}",
     22927,         0,         0,   0.142,herald_mwpm,fcdbac7e943ce1fdc2bfa66021bfc734915b55ba5449f417b1caef75b3436705,"{""config"":""baseline_pauli"",""d"":9,""p"":0.001,""r_e"":0.0,""rounds"":9}",
     24975,         0,         0,   0.143,blind_mwpm,b301482c4cd882124124ae52a0b0cd1a9c06576fc640f18578dbb771c6584e3b,"{""config"":""baseline_pauli"",""d"":9,""p"":0.001,""r_e"":0.0,""rounds"":9}",
     22528,         0,         0,   0.144,blind_mwpm,40c724ba8c503ded6fcc4a357cf06ba0131262575697759e583b5497ffe164ff,"{""config"":""baseline_pauli"",""d"":9,""p"":0.0014677992676220691,""r_e"":0.0,""rounds"":9}",
      8192,         1,         0,   0.108,herald_mwpm,6b5d7d00efc1158b2a7162021822c1a8169d873a9c2e9fbdec80f653831c232b,"{""config"":""baseline_pauli"",""d"":9,""p"":0.0031622776601683794,""r_e"":0.0,""rounds"":9}",
     20480,         0,         0,   0.137,herald_mwpm,1a2929757cff3ab2c0dece87057c838640a8cd3134563fa8bf28cbc55606e337,"{""config"":""baseline_pauli"",""d"":9,""p"":0.0014677992676220691,""r_e"":0.0,""rounds"":9}",
      8192,         0,         0,   0.107,blind_mwpm,e571e1dc90df2fb7f348011292ad422251902e42a85016df6675909f8a67d530,"{""config"":""baseline_pauli"",""d"":9,""p"":0.0031622776601683794,""r_e"":0.0,""rounds"":9}",
     15360,         1,         0,   0.143,herald_mwpm,76ab5c92cb815f31757888bd2979e603cb864d54d2e4c7f77eaad1b3fe57dfe1,"{""config"":""baseline_pauli"",""d"":9,""p"":0.0021544346900318843,""r_e"":0.0,""rounds"":9}",
     15360,         2,         0,   0.152,blind_mwpm,90d748f7ad362b358fe169ac33c19e776568c815eb607d3c0448bb38ee2c51d0,"{""config"":""baseline_pauli"",""d"":9,""p"":0.0021544346900318843,""r_e"":0.0,""rounds"":9}",
       273,         1,         0,   0.012,blind_mwpm,8311bbc778cb2ec10854bb26619f549f0aa91a239494466d52985be7b2a39f03,"{""config"":""baseline_pauli"",""d"":9,""p"":0.004641588833612777,""r_e"":0.0,""rounds"":9}",
      1024,         4,         0,   0.021,blind_mwpm,8311bbc778cb2ec10854bb26619f549f0aa91a239494466d52985be7b2a39f03,"{""config"":""baseline_pauli"",""d"":9,""p"":0.004641588833612777,""r_e"":0.0,""rounds"":9}",
     12288,         0,         0,   0.162,herald_mwpm,6b5d7d00efc1158b2a7162021822c1a8169d873a9c2e9fbdec80f653831c232b,"{""config"":""baseline_pauli"",""d"":9,""p"":0.0031622776601683794,""r_e"":0.0,""rounds"":9}",
     10240,         2,         0,   0.145,blind_mwpm,e571e1dc90df2fb7f348011292ad422251902e42a85016df6675909f8a67d530,"{""config"":""baseline_pauli"",""d"":9,""p"":0.0031622776601683794,""r_e"":0.0,""rounds"":9}",
       273,         1,         0,   0.013,herald_mwpm,44047d73f2ef25f1ab13ea58f6f9642de89b9b32c24127cae8258410991a81a9,"{""config"":""baseline_pauli"",""d"":9,""p"":0.004641588833612777,""r_e"":0.0,""rounds"":9}",
      1024,         4,         0,   0.022,blind_mwpm,8311bbc778cb2ec10854bb26619f549f0aa91a239494466d52985be7b2a39f03,"{""config"":""baseline_pauli"",""d"":9,""p"":0.004641588833612777,""r_e"":0.0,""rounds"":9}",
      1024,         0,         0,   0.019,herald_mwpm,44047d73f2ef25f1ab13ea58f6f9642de89b9b32c24127cae8258410991a81a9,"{""config"":""baseline_pauli"",""d"":9,""p"":0.004641588833612777,""r_e"":0.0,""rounds"":9}",
     24576,         0,         0,   0.202,blind_mwpm,40c724ba8c503ded6fcc4a357cf06ba0131262575697759e583b5497ffe164ff,"{""config"":""baseline_pauli"",""d"":9,""p"":0.0014677992676220691,""r_e"":0.0,""rounds"":9}",
     27648,         1,         0,   0.205,herald_mwpm,1a2929757cff3ab2c0dece87057c838640a8cd3134563fa8bf28cbc55606e337,"{""config"":""baseline_pauli"",""d"":9,""p"":0.0014677992676220691,""r_e"":0.0,""rounds"":9}",
      2048,         3,         0,   0.036,blind_mwpm,8311bbc778cb2ec10854bb26619f549f0aa91a239494466d52985be7b2a39f03,"{""config"":""baseline_pauli"",""d"":9,""p"":0.004641588833612777,""r_e"":0.0,""rounds"":9}",
      2048,         5,         0,   0.039,herald_mwpm,44047d73f2ef25f1ab13ea58f6f9642de89b9b32c24127cae8258410991a81a9,"{""config"":""baseline_pauli"",""d"":9,""p"":0.004641588833612777,""r_e"":0.0,""rounds"":9}",
      3471,         0,         0,   0.026,herald_mwpm,1a2929757cff3ab2c0dece87057c838640a8cd3134563fa8bf28cbc55606e337,"{""config"":""baseline_pauli"",""d"":9,""p"":0.0014677992676220691,""r_e"":0.0,""rounds"":9}",
      6543,         0,         0,   0.048,blind_mwpm,40c724ba8c503ded6fcc4a357cf06ba0131262575697759e583b5497ffe164ff,"{""config"":""baseline_pauli"",""d"":9,""p"":0.0014677992676220691,""r_e"":0.0,""rounds"":9}",
      2048,         6,         0,   0.040,blind_mwpm,8311bbc778cb2ec10854bb26619f549f0aa91a239494466d52985be7b2a39f03,"{""config"":""baseline_pauli"",""d"":9,""p"":0.004641588833612777,""r_e"":0.0,""rounds"":9}",
      2048,         0,         0,   0.033,herald_mwpm,44047d73f2ef25f1ab13ea58f6f9642de89b9b32c24127cae8258410991a81a9,"{""config"":""baseline_pauli"",""d"":9,""p"":0.004641588833612777,""r_e"":0.0,""rounds"":9}",
     21504,         2,         0,   0.205,herald_mwpm,76ab5c92cb815f31757888bd2979e603cb864d54d2e4c7f77eaad1b3fe57dfe1,"{""config"":""baseline_pauli"",""d"":9,""p"":0.0021544346900318843,""r_e"":0.0,""rounds"":9}",
     20480,         2,         0,   0.216,blind_mwpm,90d748f7ad362b358fe169ac33c19e776568c815eb607d3c0448bb38ee2c51d0,"{""config"":""baseline_pauli"",""d"":9,""p"":0.0021544346900318843,""r_e"":0.0,""rounds"":9}",
      2048,         5,         0,   0.043,herald_mwpm,44047d73f2ef25f1ab13ea58f6f9642de89b9b32c24127cae8258410991a81a9,"{""config"":""baseline_pauli"",""d"":9,""p"":0.004641588833612777,""r_e"":0.0,""rounds"":9}",
      3072,         8,         0,   0.061,blind_mwpm,8311bbc778cb2ec10854bb26619f549f0aa91a239494466d52985be7b2a39f03,"{""config"":""baseline_pauli"",""d"":9,""p"":0.004641588833612777,""r_e"":0.0,""rounds"":9}",
      3072,        10,         0,   0.062,herald_mwpm,44047d73f2ef25f1ab13ea58f6f9642de89b9b32c24127cae8258410991a81a9,"{""config"":""baseline_pauli"",""d"":9,""p"":0.004641588833612777,""r_e"":0.0,""rounds"":9}",
     15360,         4,         0,   0.205,blind_mwpm,e571e1dc90df2fb7f348011292ad422251902e42a85016df6675909f8a67d530,"{""config"":""baseline_pauli"",""d"":9,""p"":0.0031622776601683794,""r_e"":0.0,""rounds"":9}",
     14336,         6,         0,   0.211,herald_mwpm,6b5d7d00efc1158b2a7162021822c1a8169d873a9c2e9fbdec80f653831c232b,"{""config"":""baseline_pauli"",""d"":9,""p"":0.0031622776601683794,""r_e"":0.0,""rounds"":9}",
      4096,         5,         0,   0.085,blind_mwpm,8311bbc778cb2ec10854bb26619f549f0aa91a239494466d52985be7b2a39f03,"{""config"":""baseline_pauli"",""d"":9,""p"":0.004641588833612777,""r_e"":0.0,""rounds"":9}",
       273,         2,         0,   0.013,herald_mwpm,d32f347ff1b3ebd04996392a3931f94978d845b870d8be50e190169f1e0bbe13,"{""config"":""baseline_pauli"",""d"":9,""p"":0.006812920690579608,""r_e"":0.0,""rounds"":9}",
      3072,         4,         0,   0.075,herald_mwpm,44047d73f2ef25f1ab13ea58f6f9642de89b9b32c24127cae8258410991a81a9,"{""config"":""baseline_pauli"",""d"":9,""p"":0.004641588833612777,""r_e"":0.0,""rounds"":9}",
       273,         3,         0,   0.012,blind_mwpm,907bea4ee9afea98f796762f3507e9d86170aed42a5439e2bfcfdd2c46a14fb4,"{""config"":""baseline_pauli"",""d"":9,""p"":0.006812920690579608,""r_e"":0.0,""rounds"":9}",
      1024,        19,         0,   0.025,herald_mwpm,d32f347ff1b3ebd04996392a3931f94978d845b870d8be50e190169f1e0bbe13,"{""config"":""baseline_pauli"",""d"":9,""p"":0.006812920690579608,""r_e"":0.0,""rounds"":9}",
      1024,        11,         0,   0.033,herald_mwpm,d32f347ff1b3ebd04996392a3931f94978d845b870d8be50e190169f1e0bbe13,"{""config"":""baseline_pauli"",""d"":9,""p"":0.006812920690579608,""r_e"":0.0,""rounds"":9}",
      1024,        14,         0,   0.039,blind_mwpm,907bea4ee9afea98f796762f3507e9d86170aed42a5439e2bfcfdd2c46a14fb4,"{""config"":""baseline_pauli"",""d"":9,""p"":0.006812920690579608,""r_e"":0.0,""rounds"":9}",
      1024,        21,         0,   0.030,herald_mwpm,d32f347ff1b3ebd04996392a3931f94978d845b870d8be50e190169f1e0bbe13,"{""config"":""baseline_pauli"",""d"":9,""p"":0.006812920690579608,""r_e"":0.0,""rounds"":9}",
      1024,        17,         0,   0.031,blind_mwpm,907bea4ee9afea98f796762f3507e9d86170aed42a5439e2bfcfdd2c46a14fb4,"{""config"":""baseline_pauli"",""d"":9,""p"":0.006812920690579608,""r_e"":0.0,""rounds"":9}",
      5120,        13,         0,   0.116,blind_mwpm,8311bbc778cb2ec10854bb26619f549f0aa91a239494466d52985be7b2a39f03,"{""config"":""baseline_pauli"",""d"":9,""p"":0.004641588833612777,""r_e"":0.0,""rounds"":9}",
     21903,         0,         0,   0.250,herald_mwpm,76ab5c92cb815f31757888bd2979e603cb864d54d2e4c7f77eaad1b3fe57dfe1,"{""config"":""baseline_pauli"",""d"":9,""p"":0.0021544346900318843,""r_e"":0.0,""rounds"":9}",
      5120,        15,         0,   0.107,herald_mwpm,44047d73f2ef25f1ab13ea58f6f9642de89b9b32c24127cae8258410991a81a9,"{""config"":""baseline_pauli"",""d"":9,""p"":0.004641588833612777,""r_e"":0.0,""rounds"":9}",
      2048,        31,         0,   0.059,blind_mwpm,907bea4ee9afea98f796762f3507e9d86170aed42a5439e2bfcfdd2c46a14fb4,"{""config"":""baseline_pauli"",""d"":9,""p"":0.006812920690579608,""r_e"":0.0,""rounds"":9}",
      2048,        34,         0,   0.064,herald_mwpm,d32f347ff1b3ebd04996392a3931f94978d845b870d8be50e190169f1e0bbe13,"{""config"":""baseline_pauli"",""d"":9,""p"":0.006812920690579608,""r_e"":0.0,""rounds"":9}",
     24975,         1,         0,   0.282,blind_mwpm,90d748f7ad362b358fe169ac33c19e776568c815eb607d3c0448bb38ee2c51d0,"{""config"":""baseline_pauli"",""d"":9,""p"":0.0021544346900318843,""r_e"":0.0,""rounds"":9}",
      2048,        31,         0,   0.065,blind_mwpm,907bea4ee9afea98f796762f3507e9d86170aed42a5439e2bfcfdd2c46a14fb4,"{""config"":""baseline_pauli"",""d"":9,""p"":0.006812920690579608,""r_e"":0.0,""rounds"":9}",
      2048,        29,         0,   0.076,herald_mwpm,d32f347ff1b3ebd04996392a3931f94978d845b870d8be50e190169f1e0bbe13,"{""config"":""baseline_pauli"",""d"":9,""p"":0.006812920690579608,""r_e"":0.0,""rounds"":9}",
     21504,         6,         0,   0.288,blind_mwpm,e571e1dc90df2fb7f348011292ad422251902e42a85016df6675909f8a67d530,"{""config"":""baseline_pauli"",""d"":9,""p"":0.0031622776601683794,""r_e"":0.0,""rounds"":9}",
     20480,         6,         0,   0.296,herald_mwpm,6b5d7d00efc1158b2a7162021822c1a8169d873a9c2e9fbdec80f653831c232b,"{""config"":""baseline_pauli"",""d"":9,""p"":0.0031622776601683794,""r_e"":0.0,""rounds"":9}",
      8192,        22,         0,   0.167,blind_mwpm,8311bbc778cb2ec10854bb26619f549f0aa91a239494466d52985be7b2a39f03,"{""config"":""baseline_pauli"",""d"":9,""p"":0.004641588833612777,""r_e"":0.0,""rounds"":9}",
      2048,        25,         0,   0.061,blind_mwpm,907bea4ee9afea98f796762f3507e9d86170aed42a5439e2bfcfdd2c46a14fb4,"{""config"":""baseline_pauli"",""d"":9,""p"":0.006812920690579608,""r_e"":0.0,""rounds"":9}",
      7168,        14,         0,   0.150,herald_mwpm,44047d73f2ef25f1ab13ea58f6f9642de89b9b32c24127cae8258410991a81a9,"{""config"":""baseline_pauli"",""d"":9,""p"":0.004641588833612777,""r_e"":0.0,""rounds"":9}",
       273,        11,         0,   0.022,herald_mwpm,80b9a60a82d3aec1f3ab2edfedf3d3605625af3ced972cae106ca04e271fd887,"{""config"":""baseline_pauli"",""d"":9,""p"":0.01,""r_e"":0.0,""rounds"":9}",
      3072,        50,         0,   0.110,herald_mwpm,d32f347ff1b3ebd04996392a3931f94978d845b870d8be50e190169f1e0bbe13,"{""config"":""baseline_pauli"",""d"":9,""p"":0.006812920690579608,""r_e"":0.0,""rounds"":9}",
       273,        23,         0,   0.020,blind_mwpm,3e0a5bb8634a7ed5756b851e6c99df9809eff95644ccd3d993073eab17d4e49e,"{""config"":""baseline_pauli"",""d"":9,""p"":0.01,""r_e"":0.0,""rounds"":9}",
      3072,        56,         0,   0.106,blind_mwpm,907bea4ee9afea98f796762f3507e9d86170aed42a5439e2bfcfdd2c46a14fb4,"{""config"":""baseline_pauli"",""d"":9,""p"":0.006812920690579608,""r_e"":0.0,""rounds"":9}",
      1024,        68,         0,   0.067,herald_mwpm,80b9a60a82d3aec1f3ab2edfedf3d3605625af3ced972cae106ca04e271fd887,"{""config"":""baseline_pauli"",""d"":9,""p"":0.01,""r_e"":0.0,""rounds"":9}",
      1024,        77,         0,   0.057,blind_mwpm,3e0a5bb8634a7ed5756b851e6c99df9809eff95644ccd3d993073eab17d4e49e,"{""config"":""baseline_pauli"",""d"":9,""p"":0.01,""r_e"":0.0,""rounds"":9}",
      1024,        84,         0,   0.049,herald_mwpm,80b9a60a82d3aec1f3ab2edfedf3d3605625af3ced972cae106ca04e271fd887,"{""config"":""baseline_pauli"",""d"":9,""p"":0.01,""r_e"":0.0,""rounds"":9}",
      1024,        79,         0,   0.050,blind_mwpm,3e0a5bb8634a7ed5756b851e6c99df9809eff95644ccd3d993073eab17d4e49e,"{""config"":""baseline_pauli"",""d"":9,""p"":0.01,""r_e"":0.0,""rounds"":9}",
      4096,        63,         0,   0.131,herald_mwpm,d32f347ff1b3ebd04996392a3931f94978d845b870d8be50e190169f1e0bbe13,"{""config"":""baseline_pauli"",""d"":9,""p"":0.006812920690579608,""r_e"":0.0,""rounds"":9}",
      9216,        27,         0,   0.211,blind_mwpm,8311bbc778cb2ec10854bb26619f549f0aa91a239494466d52985be7b2a39f03,"{""config"":""baseline_pauli"",""d"":9,""p"":0.004641588833612777,""r_e"":0.0,""rounds"":9}",
      1024,        78,         0,   0.054,herald_mwpm,80b9a60a82d3aec1f3ab2edfedf3d3605625af3ced972cae106ca04e271fd887,"{""config"":""baseline_pauli"",""d"":9,""p"":0.01,""r_e"":0.0,""rounds"":9}",
      9216,        24,         0,   0.220,herald_mwpm,44047d73f2ef25f1ab13ea58f6f9642de89b9b32c24127cae8258410991a81a9,"{""config"":""baseline_pauli"",""d"":9,""p"":0.004641588833612777,""r_e"":0.0,""rounds"":9}",
      4096,        58,         0,   0.135,blind_mwpm,907bea4ee9afea98f796762f3507e9d86170aed42a5439e2bfcfdd2c46a14fb4,"{""config"":""baseline_pauli"",""d"":9,""p"":0.006812920690579608,""r_e"":0.0,""rounds"":9}",
      1024,        76,         0,   0.054,blind_mwpm,3e0a5bb8634a7ed5756b851e6c99df9809eff95644ccd3d993073eab17d4e49e,"{""config"":""baseline_pauli"",""d"":9,""p"":0.01,""r_e"":0.0,""rounds"":9}",
      1024,        76,         0,   0.061,herald_mwpm,80b9a60a82d3aec1f3ab2edfedf3d3605625af3ced972cae106ca04e271fd887,"{""config"":""baseline_pauli"",""d"":9,""p"":0.01,""r_e"":0.0,""rounds"":9}",
      1024,        76,         0,   0.064,blind_mwpm,3e0a5bb8634a7ed5756b851e6c99df9809eff95644ccd3d993073eab17d4e49e,"{""config"":""baseline_pauli"",""d"":9,""p"":0.01,""r_e"":0.0,""rounds"":9}",
     23951,        11,         0,   0.367,herald_mwpm,6b5d7d00efc1158b2a7162021822c1a8169d873a9c2e9fbdec80f653831c232b,"{""config"":""baseline_pauli"",""d"":9,""p"":0.0031622776601683794,""r_e"":0.0,""rounds"":9}",
      4096,        79,         0,   0.153,herald_mwpm,d32f347ff1b3ebd04996392a3931f94978d845b870d8be50e190169f1e0bbe13,"{""config"":""baseline_pauli"",""d"":9,""p"":0.006812920690579608,""r_e"":0.0,""rounds"":9}",
     25999,        11,         0,   0.398,blind_mwpm,e571e1dc90df2fb7f348011292ad422251902e42a85016df6675909f8a67d530,"{""config"":""baseline_pauli"",""d"":9,""p"":0.0031622776601683794,""r_e"":0.0,""rounds"":9}",
      1024,        66,         0,   0.062,blind_mwpm,3e0a5bb8634a7ed5756b851e6c99df9809eff95644ccd3d993073eab17d4e49e,"{""config"":""baseline_pauli"",""d"":9,""p"":0.01,""r_e"":0.0,""rounds"":9}",
      2048,       139,         0,   0.104,herald_mwpm,80b9a60a82d3aec1f3ab2edfedf3d3605625af3ced972cae106ca04e271fd887,"{""config"":""baseline_pauli"",""d"":9,""p"":0.01,""r_e"":0.0,""rounds"":9}",
      5120,        69,         0,   0.157,blind_mwpm,907bea4ee9afea98f796762f3507e9d86170aed42a5439e2bfcfdd2c46a14fb4,"{""config"":""baseline_pauli"",""d"":9,""p"":0.006812920690579608,""r_e"":0.0,""rounds"":9}",
      2048,       151,         0,   0.107,herald_mwpm,80b9a60a82d3aec1f3ab2edfedf3d3605625af3ced972cae106ca04e271fd887,"{""config"":""baseline_pauli"",""d"":9,""p"":0.01,""r_e"":0.0,""rounds"":9}",
      2048,       165,         0,   0.128,blind_mwpm,3e0a5bb8634a7ed5756b851e6c99df9809eff95644ccd3d993073eab17d4e49e,"{""config"":""baseline_pauli"",""d"":9,""p"":0.01,""r_e"":0.0,""rounds"":9}",
     13312,        30,         0,   0.303,blind_mwpm,8311bbc778cb2ec10854bb26619f549f0aa91a239494466d52985be7b2a39f03,"{""config"":""baseline_pauli"",""d"":9,""p"":0.004641588833612777,""r_e"":0.0,""rounds"":9}",
     13312,        26,         0,   0.302,herald_mwpm,44047d73f2ef25f1ab13ea58f6f9642de89b9b32c24127cae8258410991a81a9,"{""config"":""baseline_pauli"",""d"":9,""p"":0.004641588833612777,""r_e"":0.0,""rounds"":9}",
       273,        63,         0,   0.030,blind_mwpm,3caf019b310cc9be5df3952b143f09c81764c8b651db4e492b08fbcf50649d47,"{""config"":""baseline_pauli"",""d"":9,""p"":0.01467799267622069,""r_e"":0.0,""rounds"":9}",
        17,         4,         0,   0.005,herald_mwpm,1b655c89c170e3d021ab6a79968e3def2550bcf21e9f63d4801b80ba1f9e0545,"{""config"":""baseline_pauli"",""d"":9,""p"":0.01467799267622069,""r_e"":0.0,""rounds"":9}",
      6144,        76,         0,   0.241,herald_mwpm,d32f347ff1b3ebd04996392a3931f94978d845b870d8be50e190169f1e0bbe13,"{""config"":""baseline_pauli"",""d"":9,""p"":0.006812920690579608,""r_e"":0.0,""rounds"":9}",
      2048,       154,         0,   0.113,herald_mwpm,80b9a60a82d3aec1f3ab2edfedf3d3605625af3ced972cae106ca04e271fd887,"{""config"":""baseline_pauli"",""d"":9,""p"":0.01,""r_e"":0.0,""rounds"":9}",
       256,        61,         0,   0.031,herald_mwpm,1b655c89c170e3d021ab6a79968e3def2550bcf21e9f63d4801b80ba1f9e0545,"{""config"":""baseline_pauli"",""d"":9,""p"":0.01467799267622069,""r_e"":0.0,""rounds"":9}",
      2048,       156,         0,   0.137,blind_mwpm,3e0a5bb8634a7ed5756b851e6c99df9809eff95644ccd3d993073eab17d4e49e,"{""config"":""baseline_pauli"",""d"":9,""p"":0.01,""r_e"":0.0,""rounds"":9}",
      6144,        64,         0,   0.235,blind_mwpm,907bea4ee9afea98f796762f3507e9d86170aed42a5439e2bfcfdd2c46a14fb4,"{""config"":""baseline_pauli"",""d"":9,""p"":0.006812920690579608,""r_e"":0.0,""rounds"":9}",
      1024,       249,         0,   0.146,blind_mwpm,3caf019b310cc9be5df3952b143f09c81764c8b651db4e492b08fbcf50649d47,"{""config"":""baseline_pauli"",""d"":9,""p"":0.01467799267622069,""r_e"":0.0,""rounds"":9}",
      1024,       238,         0,   0.134,herald_mwpm,1b655c89c170e3d021ab6a79968e3def2550bcf21e9f63d4801b80ba1f9e0545,"{""config"":""baseline_pauli"",""d"":9,""p"":0.01467799267622069,""r_e"":0.0,""rounds"":9}",
      2048,       153,         0,   0.153,herald_mwpm,80b9a60a82d3aec1f3ab2edfedf3d3605625af3ced972cae106ca04e271fd887,"{""config"":""baseline_pauli"",""d"":9,""p"":0.01,""r_e"":0.0,""rounds"":9}",
      2048,       135,         0,   0.163,blind_mwpm,3e0a5bb8634a7ed5756b851e6c99df9809eff95644ccd3d993073eab17d4e49e,"{""config"":""baseline_pauli"",""d"":9,""p"":0.01,""r_e"":0.0,""rounds"":9}",
      1024,       236,         0,   0.098,blind_mwpm,3caf019b310cc9be5df3952b143f09c81764c8b651db4e492b08fbcf50649d47,"{""config"":""baseline_pauli"",""d"":9,""p"":0.01467799267622069,""r_e"":0.0,""rounds"":9}",
      1024,       259,         0,   0.118,herald_mwpm,1b655c89c170e3d021ab6a79968e3def2550bcf21e9f63d4801b80ba1f9e0545,"{""config"":""baseline_pauli"",""d"":9,""p"":0.01467799267622069,""r_e"":0.0,""rounds"":9}",
      2048,       147,         0,   0.106,herald_mwpm,80b9a60a82d3aec1f3ab2edfedf3d3605625af3ced972cae106ca04e271fd887,"{""config"":""baseline_pauli"",""d"":9,""p"":0.01,""r_e"":0.0,""rounds"":9}",
      7168,       103,         0,   0.289,herald_mwpm,d32f347ff1b3ebd04996392a3931f94978d845b870d8be50e190169f1e0bbe13,"{""config"":""baseline_pauli"",""d"":9,""p"":0.006812920690579608,""r_e"":0.0,""rounds"":9}",
      1024,       246,         0,   0.094,blind_mwpm,3caf019b310cc9be5df3952b143f09c81764c8b651db4e492b08fbcf50649d47,"{""config"":""baseline_pauli"",""d"":9,""p"":0.01467799267622069,""r_e"":0.0,""rounds"":9}",
      2048,       158,         0,   0.115,blind_mwpm,3e0a5bb8634a7ed5756b851e6c99df9809eff95644ccd3d993073eab17d4e49e,"{""config"":""baseline_pauli"",""d"":9,""p"":0.01,""r_e"":0.0,""rounds"":9}",
     16384,        38,         0,   0.403,blind_mwpm,8311bbc778cb2ec10854bb26619f549f0aa91a239494466d52985be7b2a39f03,"{""config"":""baseline_pauli"",""d"":9,""p"":0.004641588833612777,""r_e"":0.0,""rounds"":9}",
     16384,        43,         0,   0.407,herald_mwpm,44047d73f2ef25f1ab13ea58f6f9642de89b9b32c24127cae8258410991a81a9,"{""config"":""baseline_pauli"",""d"":9,""p"":0.004641588833612777,""r_e"":0.0,""rounds"":9}",
      7168,       103,         0,   0.314,blind_mwpm,907bea4ee9afea98f796762f3507e9d86170aed42a5439e2bfcfdd2c46a14fb4,"{""config"":""baseline_pauli"",""d"":9,""p"":0.006812920690579608,""r_e"":0.0,""rounds"":9}",
      1024,       239,         0,   0.107,herald_mwpm,1b655c89c170e3d021ab6a79968e3def2550bcf21e9f63d4801b80ba1f9e0545,"{""config"":""baseline_pauli"",""d"":9,""p"":0.01467799267622069,""r_e"":0.0,""rounds"":9}",
      1024,       271,         0,   0.119,blind_mwpm,3caf019b310cc9be5df3952b143f09c81764c8b651db4e492b08fbcf50649d47,"{""config"":""baseline_pauli"",""d"":9,""p"":0.01467799267622069,""r_e"":0.0,""rounds"":9}",
      1024,       246,         0,   0.121,herald_mwpm,1b655c89c170e3d021ab6a79968e3def2550bcf21e9f63d4801b80ba1f9e0545,"{""config"":""baseline_pauli"",""d"":9,""p"":0.01467799267622069,""r_e"":0.0,""rounds"":9}",
       273,       119,         0,   0.046,herald_mwpm,6484a8d6729ee80f99c1057a4ff881201fb7d50616dd5671264e88b8d344d3d9,"{""config"":""baseline_pauli"",""d"":9,""p"":0.021544346900318832,""r_e"":0.0,""rounds"":9}",
       273,       128,         0,   0.047,blind_mwpm,a45b7875801bc12a88dac6bc57b630c957692bd6cd0980ac08cea3b9319ddc6e,"{""config"":""baseline_pauli"",""d"":9,""p"":0.021544346900318832,""r_e"":0.0,""rounds"":9}",
         1,         0,         0,   0.017,blind_mwpm,d951ea40e49158039bed9b4e9e1baca474ee395e8631f81dc928165f97ed5c49,"{""config"":""baseline_pauli"",""d"":9,""p"":0.03162277660168379,""r_e"":0.0,""rounds"":9}",
     11264,       159,         0,   0.432,herald_mwpm,d32f347ff1b3ebd04996392a3931f94978d845b870d8be50e190169f1e0bbe13,"{""config"":""baseline_pauli"",""d"":9,""p"":0.006812920690579608,""r_e"":0.0,""rounds"":9}",
      1024,       463,         0,   0.155,herald_mwpm,6484a8d6729ee80f99c1057a4ff881201fb7d50616dd5671264e88b8d344d3d9,"{""config"":""baseline_pauli"",""d"":9,""p"":0.021544346900318832,""r_e"":0.0,""rounds"":9}",
       273,       137,         0,   0.065,herald_mwpm,174ff23ab427aa94df998ee454043659eb8f0f5c68b4ede941e8265042ebdec5,"{""config"":""baseline_pauli"",""d"":9,""p"":0.03162277660168379,""r_e"":0.0,""rounds"":9}",
      1024,       467,         0,   0.162,blind_mwpm,a45b7875801bc12a88dac6bc57b630c957692bd6cd0980ac08cea3b9319ddc6e,"{""config"":""baseline_pauli"",""d"":9,""p"":0.021544346900318832,""r_e"":0.0,""rounds"":9}",
       272,       138,         0,   0.054,blind_mwpm,d951ea40e49158039bed9b4e9e1baca474ee395e8631f81dc928165f97ed5c49,"{""config"":""baseline_pauli"",""d"":9,""p"":0.03162277660168379,""r_e"":0.0,""rounds"":9}",
     12288,       171,         0,   0.428,blind_mwpm,907bea4ee9afea98f796762f3507e9d86170aed42a5439e2bfcfdd2c46a14fb4,"{""config"":""baseline_pauli"",""d"":9,""p"":0.006812920690579608,""r_e"":0.0,""rounds"":9}",
      1024,       443,         0,   0.167,herald_mwpm,6484a8d6729ee80f99c1057a4ff881201fb7d50616dd5671264e88b8d344d3d9,"{""config"":""baseline_pauli"",""d"":9,""p"":0.021544346900318832,""r_e"":0.0,""rounds"":9}",
     23552,        58,         0,   0.566,blind_mwpm,8311bbc778cb2ec10854bb26619f549f0aa91a239494466d52985be7b2a39f03,"{""config"":""baseline_pauli"",""d"":9,""p"":0.004641588833612777,""r_e"":0.0,""rounds"":9}",
     22528,        46,         0,   0.567,herald_mwpm,44047d73f2ef25f1ab13ea58f6f9642de89b9b32c24127cae8258410991a81a9,"{""config"":""baseline_pauli"",""d"":9,""p"":0.004641588833612777,""r_e"":0.0,""rounds"":9}",
      1024,       478,         0,   0.163,blind_mwpm,a45b7875801bc12a88dac6bc57b630c957692bd6cd0980ac08cea3b9319ddc6e,"{""config"":""baseline_pauli"",""d"":9,""p"":0.021544346900318832,""r_e"":0.0,""rounds"":9}",
      1024,       519,         0,   0.226,herald_mwpm,174ff23ab427aa94df998ee454043659eb8f0f5c68b4ede941e8265042ebdec5,"{""config"":""baseline_pauli"",""d"":9,""p"":0.03162277660168379,""r_e"":0.0,""rounds"":9}",
      1024,       496,         0,   0.227,blind_mwpm,d951ea40e49158039bed9b4e9e1baca474ee395e8631f81dc928165f97ed5c49,"{""config"":""baseline_pauli"",""d"":9,""p"":0.03162277660168379,""r_e"":0.0,""rounds"":9}",
     10639,        22,         0,   0.237,blind_mwpm,8311bbc778cb2ec10854bb26619f549f0aa91a239494466d52985be7b2a39f03,"{""config"":""baseline_pauli"",""d"":9,""p"":0.004641588833612777,""r_e"":0.0,""rounds"":9}",
      1024,       519,         0,   0.225,herald_mwpm,174ff23ab427aa94df998ee454043659eb8f0f5c68b4ede941e8265042ebdec5,"{""config"":""baseline_pauli"",""d"":9,""p"":0.03162277660168379,""r_e"":0.0,""rounds"":9}",
       273,       124,         0,   0.073,herald_mwpm,8ecd951fcb4ef4d14add12a61910a7e948ff86d96eebf1dc277333496e7d5d4b,"{""config"":""baseline_pauli"",""d"":9,""p"":0.046415888336127774,""r_e"":0.0,""rounds"":9}",
      1024,       512,         0,   0.226,blind_mwpm,d951ea40e49158039bed9b4e9e1baca474ee395e8631f81dc928165f97ed5c49,"{""config"":""baseline_pauli"",""d"":9,""p"":0.03162277660168379,""r_e"":0.0,""rounds"":9}",
     12687,        22,         0,   0.305,herald_mwpm,44047d73f2ef25f1ab13ea58f6f9642de89b9b32c24127cae8258410991a81a9,"{""config"":""baseline_pauli"",""d"":9,""p"":0.004641588833612777,""r_e"":0.0,""rounds"":9}",
       273,       149,         0,   0.090,blind_mwpm,f83e020832afc7e53a74c9286d4700cd25a4a8abdffd8c8a495536ffa41686c8,"{""config"":""baseline_pauli"",""d"":9,""p"":0.046415888336127774,""r_e"":0.0,""rounds"":9}",
     15360,       243,         0,   0.604,herald_mwpm,d32f347ff1b3ebd04996392a3931f94978d845b870d8be50e190169f1e0bbe13,"{""config"":""baseline_pauli"",""d"":9,""p"":0.006812920690579608,""r_e"":0.0,""rounds"":9}",
     14336,       183,         0,   0.563,blind_mwpm,907bea4ee9afea98f796762f3507e9d86170aed42a5439e2bfcfdd2c46a14fb4,"{""config"":""baseline_pauli"",""d"":9,""p"":0.006812920690579608,""r_e"":0.0,""rounds"":9}",
         1,         0,         0,   0.005,herald_mwpm,ce8bf887d86c0349e9d6ae0549ee190080640d5163915edb0e7ad5ea8659f740,"{""config"":""baseline_pauli"",""d"":9,""p"":0.06812920690579612,""r_e"":0.0,""rounds"":9}",
        17,         9,         0,   0.010,blind_mwpm,47a219c8101481d8b4122b84b6d2daf8e89894ab06c2358786c6bedcbf4aee74,"{""config"":""baseline_pauli"",""d"":9,""p"":0.06812920690579612,""r_e"":0.0,""rounds"":9}",
        17,         9,         0,   0.012,blind_mwpm,de30cf593c4cabbddc3e34b8bd91b0540cfcc23e51ab8b656be07b3e8e2ee699,"{""config"":""baseline_pauli"",""d"":9,""p"":0.1,""r_e"":0.0,""rounds"":9}",
        17,        10,         0,   0.010,herald_mwpm,097591e30bcf79706d40d0d4bf210837d847f07940d04a9e09b4550e8ce4a94b,"{""config"":""baseline_pauli"",""d"":9,""p"":0.1,""r_e"":0.0,""rounds"":9}",
       272,       142,         0,   0.103,herald_mwpm,ce8bf887d86c0349e9d6ae0549ee190080640d5163915edb0e7ad5ea8659f740,"{""config"":""baseline_pauli"",""d"":9,""p"":0.06812920690579612,""r_e"":0.0,""rounds"":9}",
       256,       120,         0,   0.093,blind_mwpm,47a219c8101481d8b4122b84b6d2daf8e89894ab06c2358786c6bedcbf4aee74,"{""config"":""baseline_pauli"",""d"":9,""p"":0.06812920690579612,""r_e"":0.0,""rounds"":9}",
       256,       134,         0,   0.087,blind_mwpm,de30cf593c4cabbddc3e34b8bd91b0540cfcc23e51ab8b656be07b3e8e2ee699,"{""config"":""baseline_pauli"",""d"":9,""p"":0.1,""r_e"":0.0,""rounds"":9}",
       256,       125,         0,   0.096,herald_mwpm,097591e30bcf79706d40d0d4bf210837d847f07940d04a9e09b4550e8ce4a94b,"{""config"":""baseline_pauli"",""d"":9,""p"":0.1,""r_e"":0.0,""rounds"":9}",
      1024,       502,         0,   0.366,herald_mwpm,8ecd951fcb4ef4d14add12a61910a7e948ff86d96eebf1dc277333496e7d5d4b,"{""config"":""baseline_pauli"",""d"":9,""p"":0.046415888336127774,""r_e"":0.0,""rounds"":9}",
      1024,       479,         0,   0.335,blind_mwpm,f83e020832afc7e53a74c9286d4700cd25a4a8abdffd8c8a495536ffa41686c8,"{""config"":""baseline_pauli"",""d"":9,""p"":0.046415888336127774,""r_e"":0.0,""rounds"":9}",
      9216,       123,         0,   0.370,herald_mwpm,d32f347ff1b3ebd04996392a3931f94978d845b870d8be50e190169f1e0bbe13,"{""config"":""baseline_pauli"",""d"":9,""p"":0.006812920690579608,""r_e"":0.0,""rounds"":9}",
      1024,       535,         0,   0.272,herald_mwpm,8ecd951fcb4ef4d14add12a61910a7e948ff86d96eebf1dc277333496e7d5d4b,"{""config"":""baseline_pauli"",""d"":9,""p"":0.046415888336127774,""r_e"":0.0,""rounds"":9}",
      1024,       478,         0,   0.357,herald_mwpm,ce8bf887d86c0349e9d6ae0549ee190080640d5163915edb0e7ad5ea8659f740,"{""config"":""baseline_pauli"",""d"":9,""p"":0.06812920690579612,""r_e"":0.0,""rounds"":9}",
     12288,       178,         0,   0.494,blind_mwpm,907bea4ee9afea98f796762f3507e9d86170aed42a5439e2bfcfdd2c46a14fb4,"{""config"":""baseline_pauli"",""d"":9,""p"":0.006812920690579608,""r_e"":0.0,""rounds"":9}",
      1024,       519,         0,   0.297,blind_mwpm,f83e020832afc7e53a74c9286d4700cd25a4a8abdffd8c8a495536ffa41686c8,"{""config"":""baseline_pauli"",""d"":9,""p"":0.046415888336127774,""r_e"":0.0,""rounds"":9}",
      1024,       504,         0,   0.374,blind_mwpm,47a219c8101481d8b4122b84b6d2daf8e89894ab06c2358786c6bedcbf4aee74,"{""config"":""baseline_pauli"",""d"":9,""p"":0.06812920690579612,""r_e"":0.0,""rounds"":9}",
      1024,       521,         0,   0.373,blind_mwpm,de30cf593c4cabbddc3e34b8bd91b0540cfcc23e51ab8b656be07b3e8e2ee699,"{""config"":""baseline_pauli"",""d"":9,""p"":0.1,""r_e"":0.0,""rounds"":9}",
      1024,       505,         0,   0.408,herald_mwpm,097591e30bcf79706d40d0d4bf210837d847f07940d04a9e09b4550e8ce4a94b,"{""config"":""baseline_pauli"",""d"":9,""p"":0.1,""r_e"":0.0,""rounds"":9}",
         1,         0,         0,   0.014,herald_mwpm,a3644c8d8ebb3d79da78a13e5b7e04e8b77eba708c390fe1be3b7baf1978abab,"{""config"":""baseline_pauli"",""d"":11,""p"":0.001,""r_e"":0.0,""rounds"":11}",
      1296,         0,         0,   0.018,herald_mwpm,a3644c8d8ebb3d79da78a13e5b7e04e8b77eba708c390fe1be3b7baf1978abab,"{""config"":""baseline_pauli"",""d"":11,""p"":0.001,""r_e"":0.0,""rounds"":11}",
      2048,         0,         0,   0.023,herald_mwpm,a3644c8d8ebb3d79da78a13e5b7e04e8b77eba708c390fe1be3b7baf1978abab,"{""config"":""baseline_pauli"",""d"":11,""p"":0.001,""r_e"":0.0,""rounds"":11}",
      3072,         0,         0,   0.028,herald_mwpm,a3644c8d8ebb3d79da78a13e5b7e04e8b77eba708c390fe1be3b7baf1978abab,"{""config"":""baseline_pauli"",""d"":11,""p"":0.001,""r_e"":0.0,""rounds"":11}",
      1024,       523,         0,   0.400,herald_mwpm,ce8bf887d86c0349e9d6ae0549ee190080640d5163915edb0e7ad5ea8659f740,"{""config"":""baseline_pauli"",""d"":9,""p"":0.06812920690579612,""r_e"":0.0,""rounds"":9}",
       273,         0,         0,   0.010,blind_mwpm,57a348326875d91f3e8fa0d439821a8de5c09899520b01ce4277281cb6332a5e,"{""config"":""baseline_pauli"",""d"":11,""p"":0.0014677992676220691,""r_e"":0.0,""rounds"":11}",
      1024,       510,         0,   0.384,blind_mwpm,47a219c8101481d8b4122b84b6d2daf8e89894ab06c2358786c6bedcbf4aee74,"{""config"":""baseline_pauli"",""d"":9,""p"":0.06812920690579612,""r_e"":0.0,""rounds"":9}",
      1297,         0,         0,   0.020,blind_mwpm,deb689c2492b78eb73efb8040da08e749478e9e5c89de01e414f9ba0727aa6e8,"{""config"":""baseline_pauli"",""d"":11,""p"":0.001,""r_e"":0.0,""rounds"":11}",
      2048,         0,         0,   0.024,blind_mwpm,57a348326875d91f3e8fa0d439821a8de5c09899520b01ce4277281cb6332a5e,"{""config"":""baseline_pauli"",""d"":11,""p"":0.0014677992676220691,""r_e"":0.0,""rounds"":11}",
      3072,         0,         0,   0.044,herald_mwpm,a3644c8d8ebb3d79da78a13e5b7e04e8b77eba708c390fe1be3b7baf1978abab,"{""config"":""baseline_pauli"",""d"":11,""p"":0.001,""r_e"":0.0,""rounds"":11}",
      2048,         1,         0,   0.019,blind_mwpm,deb689c2492b78eb73efb8040da08e749478e9e5c89de01e414f9ba0727aa6e8,"{""config"":""baseline_pauli"",""d"":11,""p"":0.001,""r_e"":0.0,""rounds"":11}",
      1024,       484,         0,   0.332,herald_mwpm,097591e30bcf79706d40d0d4bf210837d847f07940d04a9e09b4550e8ce4a94b,"{""config"":""baseline_pauli"",""d"":9,""p"":0.1,""r_e"":0.0,""rounds"":9}",
      2048,         0,         0,   0.028,blind_mwpm,57a348326875d91f3e8fa0d439821a8de5c09899520b01ce4277281cb6332a5e,"{""config"":""baseline_pauli"",""d"":11,""p"":0.0014677992676220691,""r_e"":0.0,""rounds"":11}",
      2048,         0,         0,   0.027,blind_mwpm,deb689c2492b78eb73efb8040da08e749478e9e5c89de01e414f9ba0727aa6e8,"{""config"":""baseline_pauli"",""d"":11,""p"":0.001,""r_e"":0.0,""rounds"":11}",
      1024,       510,         0,   0.428,blind_mwpm,de30cf593c4cabbddc3e34b8bd91b0540cfcc23e51ab8b656be07b3e8e2ee699,"{""config"":""baseline_pauli"",""d"":9,""p"":0.1,""r_e"":0.0,""rounds"":9}",
      2048,         0,         0,   0.029,blind_mwpm,57a348326875d91f3e8fa0d439821a8de5c09899520b01ce4277281cb6332a5e,"{""config"":""baseline_pauli"",""d"":11,""p"":0.0014677992676220691,""r_e"":0.0,""rounds"":11}",
      6144,         0,         0,   0.062,herald_mwpm,a3644c8d8ebb3d79da78a13e5b7e04e8b77eba708c390fe1be3b7baf1978abab,"{""config"":""baseline_pauli"",""d"":11,""p"":0.001,""r_e"":0.0,""rounds"":11}",
       273,         0,         0,   0.011,herald_mwpm,812716bf69b7e446392b271ae25e52c0ba99b9adb6e4c07cbcbae6793f28a7e6,"{""config"":""baseline_pauli"",""d"":11,""p"":0.0014677992676220691,""r_e"":0.0,""rounds"":11}",
      3072,         0,         0,   0.035,blind_mwpm,deb689c2492b78eb73efb8040da08e749478e9e5c89de01e414f9ba0727aa6e8,"{""config"":""baseline_pauli"",""d"":11,""p"":0.001,""r_e"":0.0,""rounds"":11}",
      1024,         0,         0,   0.024,herald_mwpm,812716bf69b7e446392b271ae25e52c0ba99b9adb6e4c07cbcbae6793f28a7e6,"{""config"":""baseline_pauli"",""d"":11,""p"":0.0014677992676220691,""r_e"":0.0,""rounds"":11}",
      2048,         0,         0,   0.034,blind_mwpm,57a348326875d91f3e8fa0d439821a8de5c09899520b01ce4277281cb6332a5e,"{""config"":""baseline_pauli"",""d"":11,""p"":0.0014677992676220691,""r_e"":0.0,""rounds"":11}",
      2048,         0,         0,   0.035,blind_mwpm,deb689c2492b78eb73efb8040da08e749478e9e5c89de01e414f9ba0727aa6e8,"{""config"":""baseline_pauli"",""d"":11,""p"":0.001,""r_e"":0.0,""rounds"":11}",
      2048,         0,         0,   0.025,herald_mwpm,812716bf69b7e446392b271ae25e52c0ba99b9adb6e4c07cbcbae6793f28a7e6,"{""config"":""baseline_pauli"",""d"":11,""p"":0.0014677992676220691,""r_e"":0.0,""rounds"":11}",
      7168,         0,         0,   0.079,herald_mwpm,a3644c8d8ebb3d79da78a13e5b7e04e8b77eba708c390fe1be3b7baf1978abab,"{""config"":""baseline_pauli"",""d"":11,""p"":0.001,""r_e"":0.0,""rounds"":11}",
      2048,         0,         0,   0.030,herald_mwpm,812716bf69b7e446392b271ae25e52c0ba99b9adb6e4c07cbcbae6793f28a7e6,"{""config"":""baseline_pauli"",""d"":11,""p"":0.0014677992676220691,""r_e"":0.0,""rounds"":11}",
      4096,         0,         0,   0.059,blind_mwpm,57a348326875d91f3e8fa0d439821a8de5c09899520b01ce4277281cb6332a5e,"{""config"":""baseline_pauli"",""d"":11,""p"":0.0014677992676220691,""r_e"":0.0,""rounds"":11}",
      4096,         0,         0,   0.059,blind_mwpm,deb689c2492b78eb73efb8040da08e749478e9e5c89de01e414f9ba0727aa6e8,"{""config"":""baseline_pauli"",""d"":11,""p"":0.001,""r_e"":0.0,""rounds"":11}",
      3072,         0,         0,   0.043,herald_mwpm,812716bf69b7e446392b271ae25e52c0ba99b9adb6e4c07cbcbae6793f28a7e6,"{""config"":""baseline_pauli"",""d"":11,""p"":0.0014677992676220691,""r_e"":0.0,""rounds"":11}",
      5120,         0,         0,   0.077,blind_mwpm,57a348326875d91f3e8fa0d439821a8de5c09899520b01ce4277281cb6332a5e,"{""config"":""baseline_pauli"",""d"":11,""p"":0.0014677992676220691,""r_e"":0.0,""rounds"":11}",
      4096,         0,         0,   0.074,blind_mwpm,deb689c2492b78eb73efb8040da08e749478e9e5c89de01e414f9ba0727aa6e8,"{""config"":""baseline_pauli"",""d"":11,""p"":0.001,""r_e"":0.0,""rounds"":11}",
      3072,         0,         0,   0.052,herald_mwpm,812716bf69b7e446392b271ae25e52c0ba99b9adb6e4c07cbcbae6793f28a7e6,"{""config"":""baseline_pauli"",""d"":11,""p"":0.0014677992676220691,""r_e"":0.0,""rounds"":11}",
      7168,         0,         0,   0.105,herald_mwpm,a3644c8d8ebb3d79da78a13e5b7e04e8b77eba708c390fe1be3b7baf1978abab,"{""config"":""baseline_pauli"",""d"":11,""p"":0.001,""r_e"":0.0,""rounds"":11}",
      3072,         0,         0,   0.082,herald_mwpm,812716bf69b7e446392b271ae25e52c0ba99b9adb6e4c07cbcbae6793f28a7e6,"{""config"":""baseline_pauli"",""d"":11,""p"":0.0014677992676220691,""r_e"":0.0,""rounds"":11}",
      7168,         0,         0,   0.105,blind_mwpm,57a348326875d91f3e8fa0d439821a8de5c09899520b01ce4277281cb6332a5e,"{""config"":""baseline_pauli"",""d"":11,""p"":0.0014677992676220691,""r_e"":0.0,""rounds"":11}",
     10240,         0,         0,   0.097,blind_mwpm,deb689c2492b78eb73efb8040da08e749478e9e5c89de01e414f9ba0727aa6e8,"{""config"":""baseline_pauli"",""d"":11,""p"":0.001,""r_e"":0.0,""rounds"":11}",
     13312,         0,         0,   0.145,herald_mwpm,a3644c8d8ebb3d79da78a13e5b7e04e8b77eba708c390fe1be3b7baf1978abab,"{""config"":""baseline_pauli"",""d"":11,""p"":0.001,""r_e"":0.0,""rounds"":11}",
       273,         0,         0,   0.016,blind_mwpm,bd34c572034f59c51c96783d0f586aab3da88f2cd4b89502d413296519ea0147,"{""config"":""baseline_pauli"",""d"":11,""p"":0.0021544346900318843,""r_e"":0.0,""rounds"":11}",
       273,         0,         0,   0.013,herald_mwpm,3fb2f64e69d96ca068376265440272c291f2ef13cad2cba4a15b8b1675a937cb,"{""config"":""baseline_pauli"",""d"":11,""p"":0.0021544346900318843,""r_e"":0.0,""rounds"":11}",
      1024,         0,         0,   0.014,blind_mwpm,bd34c572034f59c51c96783d0f586aab3da88f2cd4b89502d413296519ea0147,"{""config"":""baseline_pauli"",""d"":11,""p"":0.0021544346900318843,""r_e"":0.0,""rounds"":11}",
      5120,         0,         0,   0.111,herald_mwpm,812716bf69b7e446392b271ae25e52c0ba99b9adb6e4c07cbcbae6793f28a7e6,"{""config"":""baseline_pauli"",""d"":11,""p"":0.0014677992676220691,""r_e"":0.0,""rounds"":11}",
      1024,         0,         0,   0.026,herald_mwpm,3fb2f64e69d96ca068376265440272c291f2ef13cad2cba4a15b8b1675a937cb,"{""config"":""baseline_pauli"",""d"":11,""p"":0.0021544346900318843,""r_e"":0.0,""rounds"":11}",
        17,         0,         0,   0.009,herald_mwpm,65b2984355e5a8e9dffa549455b90f95ec9b55b42f063443e56ae6acd32ef904,"{""config"":""baseline_pauli"",""d"":11,""p"":0.0031622776601683794,""r_e"":0.0,""rounds"":11}",
      2048,         0,         0,   0.033,blind_mwpm,bd34c572034f59c51c96783d0f586aab3da88f2cd4b89502d413296519ea0147,"{""config"":""baseline_pauli"",""d"":11,""p"":0.0021544346900318843,""r_e"":0.0,""rounds"":11}",
       273,         0,         0,   0.012,blind_mwpm,9fb25899f66dece341ddcc0c3327ecb9a4bf4e4c5b563ec84c8f7d51702eb45e,"{""config"":""baseline_pauli"",""d"":11,""p"":0.0031622776601683794,""r_e"":0.0,""rounds"":11}",
      9216,         0,         0,   0.147,blind_mwpm,57a348326875d91f3e8fa0d439821a8de5c09899520b01ce4277281cb6332a5e,"{""config"":""baseline_pauli"",""d"":11,""p"":0.0014677992676220691,""r_e"":0.0,""rounds"":11}",
      2048,         0,         0,   0.036,herald_mwpm,3fb2f64e69d96ca068376265440272c291f2ef13cad2cba4a15b8b1675a937cb,"{""config"":""baseline_pauli"",""d"":11,""p"":0.0021544346900318843,""r_e"":0.0,""rounds"":11}",
     13312,         0,         0,   0.141,blind_mwpm,deb689c2492b78eb73efb8040da08e749478e9e5c89de01e414f9ba0727aa6e8,"{""config"":""baseline_pauli"",""d"":11,""p"":0.001,""r_e"":0.0,""rounds"":11}",
      1280,         0,         0,   0.032,herald_mwpm,65b2984355e5a8e9dffa549455b90f95ec9b55b42f063443e56ae6acd32ef904,"{""config"":""baseline_pauli"",""d"":11,""p"":0.0031622776601683794,""r_e"":0.0,""rounds"":11}",
      2048,         0,         0,   0.036,blind_mwpm,bd34c572034f59c51c96783d0f586aab3da88f2cd4b89502d413296519ea0147,"{""config"":""baseline_pauli"",""d"":11,""p"":0.0021544346900318843,""r_e"":0.0,""rounds"":11}",
      1024,         0,         0,   0.036,blind_mwpm,9fb25899f66dece341ddcc0c3327ecb9a4bf4e4c5b563ec84c8f7d51702eb45e,"{""config"":""baseline_pauli"",""d"":11,""p"":0.0031622776601683794,""r_e"":0.0,""rounds"":11}",
      1024,         0,         0,   0.022,herald_mwpm,65b2984355e5a8e9dffa549455b90f95ec9b55b42f063443e56ae6acd32ef904,"{""config"":""baseline_pauli"",""d"":11,""p"":0.0031622776601683794,""r_e"":0.0,""rounds"":11}",
      2048,         0,         0,   0.037,herald_mwpm,3fb2f64e69d96ca068376265440272c291f2ef13cad2cba4a15b8b1675a937cb,"{""config"":""baseline_pauli"",""d"":11,""p"":0.0021544346900318843,""r_e"":0.0,""rounds"":11}",
      1024,         0,         0,   0.024,blind_mwpm,9fb25899f66dece341ddcc0c3327ecb9a4bf4e4c5b563ec84c8f7d51702eb45e,"{""config"":""baseline_pauli"",""d"":11,""p"":0.0031622776601683794,""r_e"":0.0,""rounds"":11}",
      3072,         0,         0,   0.054,blind_mwpm,bd34c572034f59c51c96783d0f586aab3da88f2cd4b89502d413296519ea0147,"{""config"":""baseline_pauli"",""d"":11,""p"":0.0021544346900318843,""r_e"":0.0,""rounds"":11}",
      1024,         0,         0,   0.044,blind_mwpm,9fb25899f66dece341ddcc0c3327ecb9a4bf4e4c5b563ec84c8f7d51702eb45e,"{""config"":""baseline_pauli"",""d"":11,""p"":0.0031622776601683794,""r_e"":0.0,""rounds"":11}",
      2048,         0,         0,   0.059,herald_mwpm,65b2984355e5a8e9dffa549455b90f95ec9b55b42f063443e56ae6acd32ef904,"{""config"":""baseline_pauli"",""d"":11,""p"":0.0031622776601683794,""r_e"":0.0,""rounds"":11}",
      3072,         0,         0,   0.058,herald_mwpm,3fb2f64e69d96ca068376265440272c291f2ef13cad2cba4a15b8b1675a937cb,"{""config"":""baseline_pauli"",""d"":11,""p"":0.0021544346900318843,""r_e"":0.0,""rounds"":11}",
     10240,         0,         0,   0.146,herald_mwpm,812716bf69b7e446392b271ae25e52c0ba99b9adb6e4c07cbcbae6793f28a7e6,"{""config"":""baseline_pauli"",""d"":11,""p"":0.0014677992676220691,""r_e"":0.0,""rounds"":11}",
     19456,         0,         0,   0.208,herald_mwpm,a3644c8d8ebb3d79da78a13e5b7e04e8b77eba708c390fe1be3b7baf1978abab,"{""config"":""baseline_pauli"",""d"":11,""p"":0.001,""r_e"":0.0,""rounds"":11}",
      3072,         0,         0,   0.053,blind_mwpm,bd34c572034f59c51c96783d0f586aab3da88f2cd4b89502d413296519ea0147,"{""config"":""baseline_pauli"",""d"":11,""p"":0.0021544346900318843,""r_e"":0.0,""rounds"":11}",
      2048,         1,         0,   0.049,herald_mwpm,65b2984355e5a8e9dffa549455b90f95ec9b55b42f063443e56ae6acd32ef904,"{""config"":""baseline_pauli"",""d"":11,""p"":0.0031622776601683794,""r_e"":0.0,""rounds"":11}",
      2048,         0,         0,   0.057,blind_mwpm,9fb25899f66dece341ddcc0c3327ecb9a4bf4e4c5b563ec84c8f7d51702eb45e,"{""config"":""baseline_pauli"",""d"":11,""p"":0.0031622776601683794,""r_e"":0.0,""rounds"":11}",
      3072,         0,         0,   0.068,herald_mwpm,3fb2f64e69d96ca068376265440272c291f2ef13cad2cba4a15b8b1675a937cb,"{""config"":""baseline_pauli"",""d"":11,""p"":0.0021544346900318843,""r_e"":0.0,""rounds"":11}",
      2048,         1,         0,   0.054,herald_mwpm,65b2984355e5a8e9dffa549455b90f95ec9b55b42f063443e56ae6acd32ef904,"{""config"":""baseline_pauli"",""d"":11,""p"":0.0031622776601683794,""r_e"":0.0,""rounds"":11}",
      2048,         0,         0,   0.053,blind_mwpm,9fb25899f66dece341ddcc0c3327ecb9a4bf4e4c5b563ec84c8f7d51702eb45e,"{""config"":""baseline_pauli"",""d"":11,""p"":0.0031622776601683794,""r_e"":0.0,""rounds"":11}",
     15360,         0,         0,   0.200,blind_mwpm,57a348326875d91f3e8fa0d439821a8de5c09899520b01ce4277281cb6332a5e,"{""config"":""baseline_pauli"",""d"":11,""p"":0.0014677992676220691,""r_e"":0.0,""rounds"":11}",
     19456,         0,         0,   0.197,blind_mwpm,deb689c2492b78eb73efb8040da08e749478e9e5c89de01e414f9ba0727aa6e8,"{""config"":""baseline_pauli"",""d"":11,""p"":0.001,""r_e"":0.0,""rounds"":11}",
      5120,         0,         0,   0.084,blind_mwpm,bd34c572034f59c51c96783d0f586aab3da88f2cd4b89502d413296519ea0147,"{""config"":""baseline_pauli"",""d"":11,""p"":0.0021544346900318843,""r_e"":0.0,""rounds"":11}",
      4096,         0,         0,   0.087,herald_mwpm,3fb2f64e69d96ca068376265440272c291f2ef13cad2cba4a15b8b1675a937cb,"{""config"":""baseline_pauli"",""d"":11,""p"":0.0021544346900318843,""r_e"":0.0,""rounds"":11}",
      3072,         3,         0,   0.077,blind_mwpm,9fb25899f66dece341ddcc0c3327ecb9a4bf4e4c5b563ec84c8f7d51702eb45e,"{""config"":""baseline_pauli"",""d"":11,""p"":0.0031622776601683794,""r_e"":0.0,""rounds"":11}",
      3072,         0,         0,   0.097,herald_mwpm,65b2984355e5a8e9dffa549455b90f95ec9b55b42f063443e56ae6acd32ef904,"{""config"":""baseline_pauli"",""d"":11,""p"":0.0031622776601683794,""r_e"":0.0,""rounds"":11}",
     14336,         0,         0,   0.207,herald_mwpm,812716bf69b7e446392b271ae25e52c0ba99b9adb6e4c07cbcbae6793f28a7e6,"{""config"":""baseline_pauli"",""d"":11,""p"":0.0014677992676220691,""r_e"":0.0,""rounds"":11}",
      5120,         0,         0,   0.111,blind_mwpm,bd34c572034f59c51c96783d0f586aab3da88f2cd4b89502d413296519ea0147,"{""config"":""baseline_pauli"",""d"":11,""p"":0.0021544346900318843,""r_e"":0.0,""rounds"":11}",
      5120,         0,         0,   0.101,herald_mwpm,3fb2f64e69d96ca068376265440272c291f2ef13cad2cba4a15b8b1675a937cb,"{""config"":""baseline_pauli"",""d"":11,""p"":0.0021544346900318843,""r_e"":0.0,""rounds"":11}",
      4096,         0,         0,   0.114,blind_mwpm,9fb25899f66dece341ddcc0c3327ecb9a4bf4e4c5b563ec84c8f7d51702eb45e,"{""config"":""baseline_pauli"",""d"":11,""p"":0.0031622776601683794,""r_e"":0.0,""rounds"":11}",
      4096,         0,         0,   0.114,herald_mwpm,65b2984355e5a8e9dffa549455b90f95ec9b55b42f063443e56ae6acd32ef904,"{""config"":""baseline_pauli"",""d"":11,""p"":0.0031622776601683794,""r_e"":0.0,""rounds"":11}",
     24576,         0,         0,   0.276,herald_mwpm,a3644c8d8ebb3d79da78a13e5b7e04e8b77eba708c390fe1be3b7baf1978abab,"{""config"":""baseline_pauli"",""d"":11,""p"":0.001,""r_e"":0.0,""rounds"":11}",
      7168,         0,         0,   0.135,blind_mwpm,bd34c572034f59c51c96783d0f586aab3da88f2cd4b89502d413296519ea0147,"{""config"":""baseline_pauli"",""d"":11,""p"":0.0021544346900318843,""r_e"":0.0,""rounds"":11}",
     19456,         0,         0,   0.274,blind_mwpm,57a348326875d91f3e8fa0d439821a8de5c09899520b01ce4277281cb6332a5e,"{""config"":""baseline_pauli"",""d"":11,""p"":0.0014677992676220691,""r_e"":0.0,""rounds"":11}",
     25600,         0,         0,   0.261,blind_mwpm,deb689c2492b78eb73efb8040da08e749478e9e5c89de01e414f9ba0727aa6e8,"{""config"":""baseline_pauli"",""d"":11,""p"":0.001,""r_e"":0.0,""rounds"":11}",
      7168,         0,         0,   0.132,herald_mwpm,3fb2f64e69d96ca068376265440272c291f2ef13cad2cba4a15b8b1675a937cb,"{""config"":""baseline_pauli"",""d"":11,""p"":0.0021544346900318843,""r_e"":0.0,""rounds"":11}",
      4096,         0,         0,   0.152,blind_mwpm,9fb25899f66dece341ddcc0c3327ecb9a4bf4e4c5b563ec84c8f7d51702eb45e,"{""config"":""baseline_pauli"",""d"":11,""p"":0.0031622776601683794,""r_e"":0.0,""rounds"":11}",
      5120,         1,         0,   0.161,herald_mwpm,65b2984355e5a8e9dffa549455b90f95ec9b55b42f063443e56ae6acd32ef904,"{""config"":""baseline_pauli"",""d"":11,""p"":0.0031622776601683794,""r_e"":0.0,""rounds"":11}",
     12687,         0,         0,   0.148,herald_mwpm,a3644c8d8ebb3d79da78a13e5b7e04e8b77eba708c390fe1be3b7baf1978abab,"{""config"":""baseline_pauli"",""d"":11,""p"":0.001,""r_e"":0.0,""rounds"":11}",
     18432,         0,         0,   0.271,herald_mwpm,812716bf69b7e446392b271ae25e52c0ba99b9adb6e4c07cbcbae6793f28a7e6,"{""config"":""baseline_pauli"",""d"":11,""p"":0.0014677992676220691,""r_e"":0.0,""rounds"":11}",
     12687,         0,         0,   0.155,blind_mwpm,deb689c2492b78eb73efb8040da08e749478e9e5c89de01e414f9ba0727aa6e8,"{""config"":""baseline_pauli"",""d"":11,""p"":0.001,""r_e"":0.0,""rounds"":11}",
     11264,         0,         0,   0.205,blind_mwpm,bd34c572034f59c51c96783d0f586aab3da88f2cd4b89502d413296519ea0147,"{""config"":""baseline_pauli"",""d"":11,""p"":0.0021544346900318843,""r_e"":0.0,""rounds"":11}",
     11264,         0,         0,   0.201,herald_mwpm,3fb2f64e69d96ca068376265440272c291f2ef13cad2cba4a15b8b1675a937cb,"{""config"":""baseline_pauli"",""d"":11,""p"":0.0021544346900318843,""r_e"":0.0,""rounds"":11}",
      8192,         1,         0,   0.209,blind_mwpm,9fb25899f66dece341ddcc0c3327ecb9a4bf4e4c5b563ec84c8f7d51702eb45e,"{""config"":""baseline_pauli"",""d"":11,""p"":0.0031622776601683794,""r_e"":0.0,""rounds"":11}",
      7168,         3,         0,   0.202,herald_mwpm,65b2984355e5a8e9dffa549455b90f95ec9b55b42f063443e56ae6acd32ef904,"{""config"":""baseline_pauli"",""d"":11,""p"":0.0031622776601683794,""r_e"":0.0,""rounds"":11}",
     26624,         0,         0,   0.379,blind_mwpm,57a348326875d91f3e8fa0d439821a8de5c09899520b01ce4277281cb6332a5e,"{""config"":""baseline_pauli"",""d"":11,""p"":0.0014677992676220691,""r_e"":0.0,""rounds"":11}",
      4495,         0,         0,   0.071,blind_mwpm,57a348326875d91f3e8fa0d439821a8de5c09899520b01ce4277281cb6332a5e,"{""config"":""baseline_pauli"",""d"":11,""p"":0.0014677992676220691,""r_e"":0.0,""rounds"":11}",
     15360,         0,         0,   0.298,blind_mwpm,bd34c572034f59c51c96783d0f586aab3da88f2cd4b89502d413296519ea0147,"{""config"":""baseline_pauli"",""d"":11,""p"":0.0021544346900318843,""r_e"":0.0,""rounds"":11}",
       273,         0,         0,   0.015,herald_mwpm,4272ada26c7a1c9446cdb18074ab1f4ed113a1c23df46c6c7c24d9989d850d7b,"{""config"":""baseline_pauli"",""d"":11,""p"":0.004641588833612777,""r_e"":0.0,""rounds"":11}",
     12288,         0,         0,   0.279,herald_mwpm,3fb2f64e69d96ca068376265440272c291f2ef13cad2cba4a15b8b1675a937cb,"{""config"":""baseline_pauli"",""d"":11,""p"":0.0021544346900318843,""r_e"":0.0,""rounds"":11}",
     26624,         0,         0,   0.394,herald_mwpm,812716bf69b7e446392b271ae25e52c0ba99b9adb6e4c07cbcbae6793f28a7e6,"{""config"":""baseline_pauli"",""d"":11,""p"":0.0014677992676220691,""r_e"":0.0,""rounds"":11}",
      1024,         0,         0,   0.032,herald_mwpm,4272ada26c7a1c9446cdb18074ab1f4ed113a1c23df46c6c7c24d9989d850d7b,"{""config"":""baseline_pauli"",""d"":11,""p"":0.004641588833612777,""r_e"":0.0,""rounds"":11}",
     10240,         0,         0,   0.274,blind_mwpm,9fb25899f66dece341ddcc0c3327ecb9a4bf4e4c5b563ec84c8f7d51702eb45e,"{""config"":""baseline_pauli"",""d"":11,""p"":0.0031622776601683794,""r_e"":0.0,""rounds"":11}",
      1024,         0,         0,   0.036,herald_mwpm,4272ada26c7a1c9446cdb18074ab1f4ed113a1c23df46c6c7c24d9989d850d7b,"{""config"":""baseline_pauli"",""d"":11,""p"":0.004641588833612777,""r_e"":0.0,""rounds"":11}",
        17,         0,         0,   0.008,blind_mwpm,d286e0b33efb0116649d3f164b15bf8308a7ae3ca50247a5e3cc8fed7a8200c6,"{""config"":""baseline_pauli"",""d"":11,""p"":0.004641588833612777,""r_e"":0.0,""rounds"":11}",
     10240,         1,         0,   0.303,herald_mwpm,65b2984355e5a8e9dffa549455b90f95ec9b55b42f063443e56ae6acd32ef904,"{""config"":""baseline_pauli"",""d"":11,""p"":0.0031622776601683794,""r_e"":0.0,""rounds"":11}",
      1024,         1,         0,   0.045,herald_mwpm,4272ada26c7a1c9446cdb18074ab1f4ed113a1c23df46c6c7c24d9989d850d7b,"{""config"":""baseline_pauli"",""d"":11,""p"":0.004641588833612777,""r_e"":0.0,""rounds"":11}",
      1280,         1,         0,   0.041,blind_mwpm,d286e0b33efb0116649d3f164b15bf8308a7ae3ca50247a5e3cc8fed7a8200c6,"{""config"":""baseline_pauli"",""d"":11,""p"":0.004641588833612777,""r_e"":0.0,""rounds"":11}",
      1024,         1,         0,   0.044,herald_mwpm,4272ada26c7a1c9446cdb18074ab1f4ed113a1c23df46c6c7c24d9989d850d7b,"{""config"":""baseline_pauli"",""d"":11,""p"":0.004641588833612777,""r_e"":0.0,""rounds"":11}",
     10639,         0,         0,   0.147,herald_mwpm,812716bf69b7e446392b271ae25e52c0ba99b9adb6e4c07cbcbae6793f28a7e6,"{""config"":""baseline_pauli"",""d"":11,""p"":0.0014677992676220691,""r_e"":0.0,""rounds"":11}",
      1024,         0,         0,   0.051,blind_mwpm,d286e0b33efb0116649d3f164b15bf8308a7ae3ca50247a5e3cc8fed7a8200c6,"{""config"":""baseline_pauli"",""d"":11,""p"":0.004641588833612777,""r_e"":0.0,""rounds"":11}",
      1024,         1,         0,   0.063,blind_mwpm,d286e0b33efb0116649d3f164b15bf8308a7ae3ca50247a5e3cc8fed7a8200c6,"{""config"":""baseline_pauli"",""d"":11,""p"":0.004641588833612777,""r_e"":0.0,""rounds"":11}",
      2048,         0,         0,   0.115,herald_mwpm,4272ada26c7a1c9446cdb18074ab1f4ed113a1c23df46c6c7c24d9989d850d7b,"{""config"":""baseline_pauli"",""d"":11,""p"":0.004641588833612777,""r_e"":0.0,""rounds"":11}",
      1024,         0,         0,   0.046,blind_mwpm,d286e0b33efb0116649d3f164b15bf8308a7ae3ca50247a5e3cc8fed7a8200c6,"{""config"":""baseline_pauli"",""d"":11,""p"":0.004641588833612777,""r_e"":0.0,""rounds"":11}",
      2048,         4,         0,   0.103,herald_mwpm,4272ada26c7a1c9446cdb18074ab1f4ed113a1c23df46c6c7c24d9989d850d7b,"{""config"":""baseline_pauli"",""d"":11,""p"":0.004641588833612777,""r_e"":0.0,""rounds"":11}",
      2048,         3,         0,   0.099,blind_mwpm,d286e0b33efb0116649d3f164b15bf8308a7ae3ca50247a5e3cc8fed7a8200c6,"{""config"":""baseline_pauli"",""d"":11,""p"":0.004641588833612777,""r_e"":0.0,""rounds"":11}",
     21504,         0,         0,   0.407,blind_mwpm,bd34c572034f59c51c96783d0f586aab3da88f2cd4b89502d413296519ea0147,"{""config"":""baseline_pauli"",""d"":11,""p"":0.0021544346900318843,""r_e"":0.0,""rounds"":11}",
     21504,         0,         0,   0.412,herald_mwpm,3fb2f64e69d96ca068376265440272c291f2ef13cad2cba4a15b8b1675a937cb,"{""config"":""baseline_pauli"",""d"":11,""p"":0.0021544346900318843,""r_e"":0.0,""rounds"":11}",
       273,         0,         0,   0.019,herald_mwpm,046caecd3bc3685f7b04ce55e6ec2719e77cb6e344594edbeff29f873e142876,"{""config"":""baseline_pauli"",""d"":11,""p"":0.006812920690579608,""r_e"":0.0,""rounds"":11}",
     15360,         0,         0,   0.422,blind_mwpm,9fb25899f66dece341ddcc0c3327ecb9a4bf4e4c5b563ec84c8f7d51702eb45e,"{""config"":""baseline_pauli"",""d"":11,""p"":0.0031622776601683794,""r_e"":0.0,""rounds"":11}",
      3072,         4,         0,   0.127,herald_mwpm,4272ada26c7a1c9446cdb18074ab1f4ed113a1c23df46c6c7c24d9989d850d7b,"{""config"":""baseline_pauli"",""d"":11,""p"":0.004641588833612777,""r_e"":0.0,""rounds"":11}",
     14336,         0,         0,   0.410,herald_mwpm,65b2984355e5a8e9dffa549455b90f95ec9b55b42f063443e56ae6acd32ef904,"{""config"":""baseline_pauli"",""d"":11,""p"":0.0031622776601683794,""r_e"":0.0,""rounds"":11}",
      3072,         5,         0,   0.118,blind_mwpm,d286e0b33efb0116649d3f164b15bf8308a7ae3ca50247a5e3cc8fed7a8200c6,"{""config"":""baseline_pauli"",""d"":11,""p"":0.004641588833612777,""r_e"":0.0,""rounds"":11}",
      1024,         9,         0,   0.059,herald_mwpm,046caecd3bc3685f7b04ce55e6ec2719e77cb6e344594edbeff29f873e142876,"{""config"":""baseline_pauli"",""d"":11,""p"":0.006812920690579608,""r_e"":0.0,""rounds"":11}",
       273,         2,         0,   0.027,blind_mwpm,b32c4df425d5fe204a17ae8b31ac1c6ccde7d5be660f0ffbcf784f6b94d25c61,"{""config"":""baseline_pauli"",""d"":11,""p"":0.006812920690579608,""r_e"":0.0,""rounds"":11}",
      1024,         6,         0,   0.065,herald_mwpm,046caecd3bc3685f7b04ce55e6ec2719e77cb6e344594edbeff29f873e142876,"{""config"":""baseline_pauli"",""d"":11,""p"":0.006812920690579608,""r_e"":0.0,""rounds"":11}",
      3072,         6,         0,   0.107,blind_mwpm,d286e0b33efb0116649d3f164b15bf8308a7ae3ca50247a5e3cc8fed7a8200c6,"{""config"":""baseline_pauli"",""d"":11,""p"":0.004641588833612777,""r_e"":0.0,""rounds"":11}",
      1024,        14,         0,   0.074,blind_mwpm,b32c4df425d5fe204a17ae8b31ac1c6ccde7d5be660f0ffbcf784f6b94d25c61,"{""config"":""baseline_pauli"",""d"":11,""p"":0.006812920690579608,""r_e"":0.0,""rounds"":11}",
      1024,         7,         0,   0.060,herald_mwpm,046caecd3bc3685f7b04ce55e6ec2719e77cb6e344594edbeff29f873e142876,"{""config"":""baseline_pauli"",""d"":11,""p"":0.006812920690579608,""r_e"":0.0,""rounds"":11}",
      3072,         4,         0,   0.151,herald_mwpm,4272ada26c7a1c9446cdb18074ab1f4ed113a1c23df46c6c7c24d9989d850d7b,"{""config"":""baseline_pauli"",""d"":11,""p"":0.004641588833612777,""r_e"":0.0,""rounds"":11}",
      1024,        13,         0,   0.083,blind_mwpm,b32c4df425d5fe204a17ae8b31ac1c6ccde7d5be660f0ffbcf784f6b94d25c61,"{""config"":""baseline_pauli"",""d"":11,""p"":0.006812920690579608,""r_e"":0.0,""rounds"":11}",
      1024,        17,         0,   0.095,herald_mwpm,046caecd3bc3685f7b04ce55e6ec2719e77cb6e344594edbeff29f873e142876,"{""config"":""baseline_pauli"",""d"":11,""p"":0.006812920690579608,""r_e"":0.0,""rounds"":11}",
      4096,         4,         0,   0.173,blind_mwpm,d286e0b33efb0116649d3f164b15bf8308a7ae3ca50247a5e3cc8fed7a8200c6,"{""config"":""baseline_pauli"",""d"":11,""p"":0.004641588833612777,""r_e"":0.0,""rounds"":11}",
      1024,        13,         0,   0.064,herald_mwpm,046caecd3bc3685f7b04ce55e6ec2719e77cb6e344594edbeff29f873e142876,"{""config"":""baseline_pauli"",""d"":11,""p"":0.006812920690579608,""r_e"":0.0,""rounds"":11}",
      1024,        11,         0,   0.086,blind_mwpm,b32c4df425d5fe204a17ae8b31ac1c6ccde7d5be660f0ffbcf784f6b94d25c61,"{""config"":""baseline_pauli"",""d"":11,""p"":0.006812920690579608,""r_e"":0.0,""rounds"":11}",
      5120,         4,         0,   0.220,herald_mwpm,4272ada26c7a1c9446cdb18074ab1f4ed113a1c23df46c6c7c24d9989d850d7b,"{""config"":""baseline_pauli"",""d"":11,""p"":0.004641588833612777,""r_e"":0.0,""rounds"":11}",
      1024,        11,         0,   0.078,herald_mwpm,046caecd3bc3685f7b04ce55e6ec2719e77cb6e344594edbeff29f873e142876,"{""config"":""baseline_pauli"",""d"":11,""p"":0.006812920690579608,""r_e"":0.0,""rounds"":11}",
     22927,         0,         0,   0.467,blind_mwpm,bd34c572034f59c51c96783d0f586aab3da88f2cd4b89502d413296519ea0147,"{""config"":""baseline_pauli"",""d"":11,""p"":0.0021544346900318843,""r_e"":0.0,""rounds"":11}",
      1024,         8,         0,   0.074,blind_mwpm,b32c4df425d5fe204a17ae8b31ac1c6ccde7d5be660f0ffbcf784f6b94d25c61,"{""config"":""baseline_pauli"",""d"":11,""p"":0.006812920690579608,""r_e"":0.0,""rounds"":11}",
      1024,         4,         0,   0.084,blind_mwpm,b32c4df425d5fe204a17ae8b31ac1c6ccde7d5be660f0ffbcf784f6b94d25c61,"{""config"":""baseline_pauli"",""d"":11,""p"":0.006812920690579608,""r_e"":0.0,""rounds"":11}",
     27023,         2,         0,   0.541,herald_mwpm,3fb2f64e69d96ca068376265440272c291f2ef13cad2cba4a15b8b1675a937cb,"{""config"":""baseline_pauli"",""d"":11,""p"":0.0021544346900318843,""r_e"":0.0,""rounds"":11}",
      2048,        20,         0,   0.148,herald_mwpm,046caecd3bc3685f7b04ce55e6ec2719e77cb6e344594edbeff29f873e142876,"{""config"":""baseline_pauli"",""d"":11,""p"":0.006812920690579608,""r_e"":0.0,""rounds"":11}",
     19456,         2,         0,   0.558,blind_mwpm,9fb25899f66dece341ddcc0c3327ecb9a4bf4e4c5b563ec84c8f7d51702eb45e,"{""config"":""baseline_pauli"",""d"":11,""p"":0.0031622776601683794,""r_e"":0.0,""rounds"":11}",
      5120,         4,         0,   0.238,blind_mwpm,d286e0b33efb0116649d3f164b15bf8308a7ae3ca50247a5e3cc8fed7a8200c6,"{""config"":""baseline_pauli"",""d"":11,""p"":0.004641588833612777,""r_e"":0.0,""rounds"":11}",
     19456,         1,         0,   0.545,herald_mwpm,65b2984355e5a8e9dffa549455b90f95ec9b55b42f063443e56ae6acd32ef904,"{""config"":""baseline_pauli"",""d"":11,""p"":0.0031622776601683794,""r_e"":0.0,""rounds"":11}",
      2048,        24,         0,   0.156,blind_mwpm,b32c4df425d5fe204a17ae8b31ac1c6ccde7d5be660f0ffbcf784f6b94d25c61,"{""config"":""baseline_pauli"",""d"":11,""p"":0.006812920690579608,""r_e"":0.0,""rounds"":11}",
      2048,        17,         0,   0.155,herald_mwpm,046caecd3bc3685f7b04ce55e6ec2719e77cb6e344594edbeff29f873e142876,"{""config"":""baseline_pauli"",""d"":11,""p"":0.006812920690579608,""r_e"":0.0,""rounds"":11}",
      7168,         6,         0,   0.313,herald_mwpm,4272ada26c7a1c9446cdb18074ab1f4ed113a1c23df46c6c7c24d9989d850d7b,"{""config"":""baseline_pauli"",""d"":11,""p"":0.004641588833612777,""r_e"":0.0,""rounds"":11}",
      2048,        31,         0,   0.160,blind_mwpm,b32c4df425d5fe204a17ae8b31ac1c6ccde7d5be660f0ffbcf784f6b94d25c61,"{""config"":""baseline_pauli"",""d"":11,""p"":0.006812920690579608,""r_e"":0.0,""rounds"":11}",
        17,         0,         0,   0.011,herald_mwpm,fbf72deeadc565c699969ae584e2d34f7a107118416196272f35169df2f45d83,"{""config"":""baseline_pauli"",""d"":11,""p"":0.01,""r_e"":0.0,""rounds"":11}",
      7168,        11,         0,   0.306,blind_mwpm,d286e0b33efb0116649d3f164b15bf8308a7ae3ca50247a5e3cc8fed7a8200c6,"{""config"":""baseline_pauli"",""d"":11,""p"":0.004641588833612777,""r_e"":0.0,""rounds"":11}",
       256,        11,         0,   0.050,herald_mwpm,fbf72deeadc565c699969ae584e2d34f7a107118416196272f35169df2f45d83,"{""config"":""baseline_pauli"",""d"":11,""p"":0.01,""r_e"":0.0,""rounds"":11}",
         1,         0,         0,   0.012,blind_mwpm,67bf3a17aa248ae8a70668f8cda6cb44855281c775584a62b3af1b69f7acc82a,"{""config"":""baseline_pauli"",""d"":11,""p"":0.01,""r_e"":0.0,""rounds"":11}",
      3072,        28,         0,   0.254,herald_mwpm,046caecd3bc3685f7b04ce55e6ec2719e77cb6e344594edbeff29f873e142876,"{""config"":""baseline_pauli"",""d"":11,""p"":0.006812920690579608,""r_e"":0.0,""rounds"":11}",
       272,        14,         0,   0.042,blind_mwpm,67bf3a17aa248ae8a70668f8cda6cb44855281c775584a62b3af1b69f7acc82a,"{""config"":""baseline_pauli"",""d"":11,""p"":0.01,""r_e"":0.0,""rounds"":11}",
      2048,        17,         0,   0.193,blind_mwpm,b32c4df425d5fe204a17ae8b31ac1c6ccde7d5be660f0ffbcf784f6b94d25c61,"{""config"":""baseline_pauli"",""d"":11,""p"":0.006812920690579608,""r_e"":0.0,""rounds"":11}",
      1024,        82,         0,   0.180,herald_mwpm,fbf72deeadc565c699969ae584e2d34f7a107118416196272f35169df2f45d83,"{""config"":""baseline_pauli"",""d"":11,""p"":0.01,""r_e"":0.0,""rounds"":11}",
      8192,         7,         0,   0.414,herald_mwpm,4272ada26c7a1c9446cdb18074ab1f4ed113a1c23df46c6c7c24d9989d850d7b,"{""config"":""baseline_pauli"",""d"":11,""p"":0.004641588833612777,""r_e"":0.0,""rounds"":11}",
      1024,        73,         0,   0.111,herald_mwpm,fbf72deeadc565c699969ae584e2d34f7a107118416196272f35169df2f45d83,"{""config"":""baseline_pauli"",""d"":11,""p"":0.01,""r_e"":0.0,""rounds"":11}",
      1024,        83,         0,   0.207,blind_mwpm,67bf3a17aa248ae8a70668f8cda6cb44855281c775584a62b3af1b69f7acc82a,"{""config"":""baseline_pauli"",""d"":11,""p"":0.01,""r_e"":0.0,""rounds"":11}",
      3072,        43,         0,   0.207,blind_mwpm,b32c4df425d5fe204a17ae8b31ac1c6ccde7d5be660f0ffbcf784f6b94d25c61,"{""config"":""baseline_pauli"",""d"":11,""p"":0.006812920690579608,""r_e"":0.0,""rounds"":11}",
      4096,        41,         0,   0.297,herald_mwpm,046caecd3bc3685f7b04ce55e6ec2719e77cb6e344594edbeff29f873e142876,"{""config"":""baseline_pauli"",""d"":11,""p"":0.006812920690579608,""r_e"":0.0,""rounds"":11}",
      9216,         9,         0,   0.429,blind_mwpm,d286e0b33efb0116649d3f164b15bf8308a7ae3ca50247a5e3cc8fed7a8200c6,"{""config"":""baseline_pauli"",""d"":11,""p"":0.004641588833612777,""r_e"":0.0,""rounds"":11}",
      1024,        82,         0,   0.109,blind_mwpm,67bf3a17aa248ae8a70668f8cda6cb44855281c775584a62b3af1b69f7acc82a,"{""config"":""baseline_pauli"",""d"":11,""p"":0.01,""r_e"":0.0,""rounds"":11}",
      1024,        73,         0,   0.137,herald_mwpm,fbf72deeadc565c699969ae584e2d34f7a107118416196272f35169df2f45d83,"{""config"":""baseline_pauli"",""d"":11,""p"":0.01,""r_e"":0.0,""rounds"":11}",
     28047,         4,         0,   0.777,blind_mwpm,9fb25899f66dece341ddcc0c3327ecb9a4bf4e4c5b563ec84c8f7d51702eb45e,"{""config"":""baseline_pauli"",""d"":11,""p"":0.0031622776601683794,""r_e"":0.0,""rounds"":11}",
     26624,         2,         0,   0.788,herald_mwpm,65b2984355e5a8e9dffa549455b90f95ec9b55b42f063443e56ae6acd32ef904,"{""config"":""baseline_pauli"",""d"":11,""p"":0.0031622776601683794,""r_e"":0.0,""rounds"":11}",
      1024,        73,         0,   0.114,blind_mwpm,67bf3a17aa248ae8a70668f8cda6cb44855281c775584a62b3af1b69f7acc82a,"{""config"":""baseline_pauli"",""d"":11,""p"":0.01,""r_e"":0.0,""rounds"":11}",
      1423,         0,         0,   0.047,herald_mwpm,65b2984355e5a8e9dffa549455b90f95ec9b55b42f063443e56ae6acd32ef904,"{""config"":""baseline_pauli"",""d"":11,""p"":0.0031622776601683794,""r_e"":0.0,""rounds"":11}",
      1024,        89,         0,   0.141,herald_mwpm,fbf72deeadc565c699969ae584e2d34f7a107118416196272f35169df2f45d83,"{""config"":""baseline_pauli"",""d"":11,""p"":0.01,""r_e"":0.0,""rounds"":11}",
      4096,        53,         0,   0.306,blind_mwpm,b32c4df425d5fe204a17ae8b31ac1c6ccde7d5be660f0ffbcf784f6b94d25c61,"{""config"":""baseline_pauli"",""d"":11,""p"":0.006812920690579608,""r_e"":0.0,""rounds"":11}",
      1024,        66,         0,   0.127,blind_mwpm,67bf3a17aa248ae8a70668f8cda6cb44855281c775584a62b3af1b69f7acc82a,"{""config"":""baseline_pauli"",""d"":11,""p"":0.01,""r_e"":0.0,""rounds"":11}",
      1024,        74,         0,   0.131,herald_mwpm,fbf72deeadc565c699969ae584e2d34f7a107118416196272f35169df2f45d83,"{""config"":""baseline_pauli"",""d"":11,""p"":0.01,""r_e"":0.0,""rounds"":11}",
      1024,        75,         0,   0.144,blind_mwpm,67bf3a17aa248ae8a70668f8cda6cb44855281c775584a62b3af1b69f7acc82a,"{""config"":""baseline_pauli"",""d"":11,""p"":0.01,""r_e"":0.0,""rounds"":11}",
     14336,        13,         0,   0.589,herald_mwpm,4272ada26c7a1c9446cdb18074ab1f4ed113a1c23df46c6c7c24d9989d850d7b,"{""config"":""baseline_pauli"",""d"":11,""p"":0.004641588833612777,""r_e"":0.0,""rounds"":11}",
      1024,        81,         0,   0.125,herald_mwpm,fbf72deeadc565c699969ae584e2d34f7a107118416196272f35169df2f45d83,"{""config"":""baseline_pauli"",""d"":11,""p"":0.01,""r_e"":0.0,""rounds"":11}",
      6144,        69,         0,   0.470,herald_mwpm,046caecd3bc3685f7b04ce55e6ec2719e77cb6e344594edbeff29f873e142876,"{""config"":""baseline_pauli"",""d"":11,""p"":0.006812920690579608,""r_e"":0.0,""rounds"":11}",
      1024,        64,         0,   0.123,blind_mwpm,67bf3a17aa248ae8a70668f8cda6cb44855281c775584a62b3af1b69f7acc82a,"{""config"":""baseline_pauli"",""d"":11,""p"":0.01,""r_e"":0.0,""rounds"":11}",
       273,        76,         0,   0.062,herald_mwpm,77637f854aeddaf7dcacdc00210f41b2d9de42e39ad6ce0ce0a5af1af914757e,"{""config"":""baseline_pauli"",""d"":11,""p"":0.01467799267622069,""r_e"":0.0,""rounds"":11}",
        17,         4,         0,   0.011,blind_mwpm,cda950f0922aa9f50808806f0169dfdfece84fb059da20e22efa8f76e155a57b,"{""config"":""baseline_pauli"",""d"":11,""p"":0.01467799267622069,""r_e"":0.0,""rounds"":11}",
     13312,        24,         0,   0.600,blind_mwpm,d286e0b33efb0116649d3f164b15bf8308a7ae3ca50247a5e3cc8fed7a8200c6,"{""config"":""baseline_pauli"",""d"":11,""p"":0.004641588833612777,""r_e"":0.0,""rounds"":11}",
       256,        73,         0,   0.055,blind_mwpm,cda950f0922aa9f50808806f0169dfdfece84fb059da20e22efa8f76e155a57b,"{""config"":""baseline_pauli"",""d"":11,""p"":0.01467799267622069,""r_e"":0.0,""rounds"":11}",
      6144,        60,         0,   0.460,blind_mwpm,b32c4df425d5fe204a17ae8b31ac1c6ccde7d5be660f0ffbcf784f6b94d25c61,"{""config"":""baseline_pauli"",""d"":11,""p"":0.006812920690579608,""r_e"":0.0,""rounds"":11}",
      2048,       167,         0,   0.270,herald_mwpm,fbf72deeadc565c699969ae584e2d34f7a107118416196272f35169df2f45d83,"{""config"":""baseline_pauli"",""d"":11,""p"":0.01,""r_e"":0.0,""rounds"":11}",
      1024,       271,         0,   0.213,herald_mwpm,77637f854aeddaf7dcacdc00210f41b2d9de42e39ad6ce0ce0a5af1af914757e,"{""config"":""baseline_pauli"",""d"":11,""p"":0.01467799267622069,""r_e"":0.0,""rounds"":11}",
      2048,       150,         0,   0.259,blind_mwpm,67bf3a17aa248ae8a70668f8cda6cb44855281c775584a62b3af1b69f7acc82a,"{""config"":""baseline_pauli"",""d"":11,""p"":0.01,""r_e"":0.0,""rounds"":11}",
      1024,       280,         0,   0.200,blind_mwpm,cda950f0922aa9f50808806f0169dfdfece84fb059da20e22efa8f76e155a57b,"{""config"":""baseline_pauli"",""d"":11,""p"":0.01467799267622069,""r_e"":0.0,""rounds"":11}",
      2048,       149,         0,   0.259,herald_mwpm,fbf72deeadc565c699969ae584e2d34f7a107118416196272f35169df2f45d83,"{""config"":""baseline_pauli"",""d"":11,""p"":0.01,""r_e"":0.0,""rounds"":11}",
      1024,       301,         0,   0.235,herald_mwpm,77637f854aeddaf7dcacdc00210f41b2d9de42e39ad6ce0ce0a5af1af914757e,"{""config"":""baseline_pauli"",""d"":11,""p"":0.01467799267622069,""r_e"":0.0,""rounds"":11}",
      2048,       137,         0,   0.248,blind_mwpm,67bf3a17aa248ae8a70668f8cda6cb44855281c775584a62b3af1b69f7acc82a,"{""config"":""baseline_pauli"",""d"":11,""p"":0.01,""r_e"":0.0,""rounds"":11}",
      8192,        94,         0,   0.627,herald_mwpm,046caecd3bc3685f7b04ce55e6ec2719e77cb6e344594edbeff29f873e142876,"{""config"":""baseline_pauli"",""d"":11,""p"":0.006812920690579608,""r_e"":0.0,""rounds"":11}",
      1024,       297,         0,   0.236,blind_mwpm,cda950f0922aa9f50808806f0169dfdfece84fb059da20e22efa8f76e155a57b,"{""config"":""baseline_pauli"",""d"":11,""p"":0.01467799267622069,""r_e"":0.0,""rounds"":11}",
      1024,       309,         0,   0.205,herald_mwpm,77637f854aeddaf7dcacdc00210f41b2d9de42e39ad6ce0ce0a5af1af914757e,"{""config"":""baseline_pauli"",""d"":11,""p"":0.01467799267622069,""r_e"":0.0,""rounds"":11}",
     17408,        27,         0,   0.794,herald_mwpm,4272ada26c7a1c9446cdb18074ab1f4ed113a1c23df46c6c7c24d9989d850d7b,"{""config"":""baseline_pauli"",""d"":11,""p"":0.004641588833612777,""r_e"":0.0,""rounds"":11}",
      1024,       299,         0,   0.202,blind_mwpm,cda950f0922aa9f50808806f0169dfdfece84fb059da20e22efa8f76e155a57b,"{""config"":""baseline_pauli"",""d"":11,""p"":0.01467799267622069,""r_e"":0.0,""rounds"":11}",
      8192,        83,         0,   0.592,blind_mwpm,b32c4df425d5fe204a17ae8b31ac1c6ccde7d5be660f0ffbcf784f6b94d25c61,"{""config"":""baseline_pauli"",""d"":11,""p"":0.006812920690579608,""r_e"":0.0,""rounds"":11}",
      3072,       236,         0,   0.383,herald_mwpm,fbf72deeadc565c699969ae584e2d34f7a107118416196272f35169df2f45d83,"{""config"":""baseline_pauli"",""d"":11,""p"":0.01,""r_e"":0.0,""rounds"":11}",
      3072,       258,         0,   0.371,blind_mwpm,67bf3a17aa248ae8a70668f8cda6cb44855281c775584a62b3af1b69f7acc82a,"{""config"":""baseline_pauli"",""d"":11,""p"":0.01,""r_e"":0.0,""rounds"":11}",
     18432,        15,         0,   0.801,blind_mwpm,d286e0b33efb0116649d3f164b15bf8308a7ae3ca50247a5e3cc8fed7a8200c6,"{""config"":""baseline_pauli"",""d"":11,""p"":0.004641588833612777,""r_e"":0.0,""rounds"":11}",
      1024,       310,         0,   0.231,herald_mwpm,77637f854aeddaf7dcacdc00210f41b2d9de42e39ad6ce0ce0a5af1af914757e,"{""config"":""baseline_pauli"",""d"":11,""p"":0.01467799267622069,""r_e"":0.0,""rounds"":11}",
      1024,       289,         0,   0.211,blind_mwpm,cda950f0922aa9f50808806f0169dfdfece84fb059da20e22efa8f76e155a57b,"{""config"":""baseline_pauli"",""d"":11,""p"":0.01467799267622069,""r_e"":0.0,""rounds"":11}",
         1,         1,         0,   0.014,herald_mwpm,23250ba653a099f7979a29973aeab8d1fab8d773eb1af52ec63e7675e979ea80,"{""config"":""baseline_pauli"",""d"":11,""p"":0.021544346900318832,""r_e"":0.0,""rounds"":11}",
       272,       129,         0,   0.085,herald_mwpm,23250ba653a099f7979a29973aeab8d1fab8d773eb1af52ec63e7675e979ea80,"{""config"":""baseline_pauli"",""d"":11,""p"":0.021544346900318832,""r_e"":0.0,""rounds"":11}",
        17,         9,         0,   0.013,blind_mwpm,194086c3496c4e9d00d44d6f430e98b4540189115ab25689ae37f4cfc90a85d5,"{""config"":""baseline_pauli"",""d"":11,""p"":0.021544346900318832,""r_e"":0.0,""rounds"":11}",
        17,        11,         0,   0.013,herald_mwpm,11d9189860314032a2dd58a5b032484c147fbb1ed54689d28e4f56bc74031586,"{""config"":""baseline_pauli"",""d"":11,""p"":0.03162277660168379,""r_e"":0.0,""rounds"":11}",
        17,         7,         0,   0.010,blind_mwpm,90f2d84a8f574461fed3278dfca6ae60c23d10910b9ac39d48fa4f0dd519b528,"{""config"":""baseline_pauli"",""d"":11,""p"":0.03162277660168379,""r_e"":0.0,""rounds"":11}",
     11264,       125,         0,   0.814,herald_mwpm,046caecd3bc3685f7b04ce55e6ec2719e77cb6e344594edbeff29f873e142876,"{""config"":""baseline_pauli"",""d"":11,""p"":0.006812920690579608,""r_e"":0.0,""rounds"":11}",
       256,       116,         0,   0.085,blind_mwpm,194086c3496c4e9d00d44d6f430e98b4540189115ab25689ae37f4cfc90a85d5,"{""config"":""baseline_pauli"",""d"":11,""p"":0.021544346900318832,""r_e"":0.0,""rounds"":11}",
       256,       130,         0,   0.126,blind_mwpm,90f2d84a8f574461fed3278dfca6ae60c23d10910b9ac39d48fa4f0dd519b528,"{""config"":""baseline_pauli"",""d"":11,""p"":0.03162277660168379,""r_e"":0.0,""rounds"":11}",
       256,       128,         0,   0.131,herald_mwpm,11d9189860314032a2dd58a5b032484c147fbb1ed54689d28e4f56bc74031586,"{""config"":""baseline_pauli"",""d"":11,""p"":0.03162277660168379,""r_e"":0.0,""rounds"":11}",
     11264,       104,         0,   0.835,blind_mwpm,b32c4df425d5fe204a17ae8b31ac1c6ccde7d5be660f0ffbcf784f6b94d25c61,"{""config"":""baseline_pauli"",""d"":11,""p"":0.006812920690579608,""r_e"":0.0,""rounds"":11}",
      1024,       503,         0,   0.343,herald_mwpm,23250ba653a099f7979a29973aeab8d1fab8d773eb1af52ec63e7675e979ea80,"{""config"":""baseline_pauli"",""d"":11,""p"":0.021544346900318832,""r_e"":0.0,""rounds"":11}",
      1024,       444,         0,   0.352,blind_mwpm,194086c3496c4e9d00d44d6f430e98b4540189115ab25689ae37f4cfc90a85d5,"{""config"":""baseline_pauli"",""d"":11,""p"":0.021544346900318832,""r_e"":0.0,""rounds"":11}",
     25600,        31,         0,    1.12,herald_mwpm,4272ada26c7a1c9446cdb18074ab1f4ed113a1c23df46c6c7c24d9989d850d7b,"{""config"":""baseline_pauli"",""d"":11,""p"":0.004641588833612777,""r_e"":0.0,""rounds"":11}",
      1024,       518,         0,   0.473,blind_mwpm,90f2d84a8f574461fed3278dfca6ae60c23d10910b9ac39d48fa4f0dd519b528,"{""config"":""baseline_pauli"",""d"":11,""p"":0.03162277660168379,""r_e"":0.0,""rounds"":11}",
      1024,       525,         0,   0.508,herald_mwpm,11d9189860314032a2dd58a5b032484c147fbb1ed54689d28e4f56bc74031586,"{""config"":""baseline_pauli"",""d"":11,""p"":0.03162277660168379,""r_e"":0.0,""rounds"":11}",
      1024,       483,         0,   0.343,herald_mwpm,23250ba653a099f7979a29973aeab8d1fab8d773eb1af52ec63e7675e979ea80,"{""config"":""baseline_pauli"",""d"":11,""p"":0.021544346900318832,""r_e"":0.0,""rounds"":11}",
     26624,        13,         0,    1.13,blind_mwpm,d286e0b33efb0116649d3f164b15bf8308a7ae3ca50247a5e3cc8fed7a8200c6,"{""config"":""baseline_pauli"",""d"":11,""p"":0.004641588833612777,""r_e"":0.0,""rounds"":11}",
      1024,       491,         0,   0.348,blind_mwpm,194086c3496c4e9d00d44d6f430e98b4540189115ab25689ae37f4cfc90a85d5,"{""config"":""baseline_pauli"",""d"":11,""p"":0.021544346900318832,""r_e"":0.0,""rounds"":11}",
      7567,        11,         0,   0.311,herald_mwpm,4272ada26c7a1c9446cdb18074ab1f4ed113a1c23df46c6c7c24d9989d850d7b,"{""config"":""baseline_pauli"",""d"":11,""p"":0.004641588833612777,""r_e"":0.0,""rounds"":11}",
      3471,         2,         0,   0.160,blind_mwpm,d286e0b33efb0116649d3f164b15bf8308a7ae3ca50247a5e3cc8fed7a8200c6,"{""config"":""baseline_pauli"",""d"":11,""p"":0.004641588833612777,""r_e"":0.0,""rounds"":11}",
      1024,       512,         0,   0.459,blind_mwpm,90f2d84a8f574461fed3278dfca6ae60c23d10910b9ac39d48fa4f0dd519b528,"{""config"":""baseline_pauli"",""d"":11,""p"":0.03162277660168379,""r_e"":0.0,""rounds"":11}",
         1,         0,         0,   0.011,herald_mwpm,8805c133307fb52fcd8c8ecf8c0bff097af323cc8f520a0c66b23bf2b12df153,"{""config"":""baseline_pauli"",""d"":11,""p"":0.046415888336127774,""r_e"":0.0,""rounds"":11}",
        16,         8,         0,   0.012,herald_mwpm,8805c133307fb52fcd8c8ecf8c0bff097af323cc8f520a0c66b23bf2b12df153,"{""config"":""baseline_pauli"",""d"":11,""p"":0.046415888336127774,""r_e"":0.0,""rounds"":11}",
      1024,       539,         0,   0.486,herald_mwpm,11d9189860314032a2dd58a5b032484c147fbb1ed54689d28e4f56bc74031586,"{""config"":""baseline_pauli"",""d"":11,""p"":0.03162277660168379,""r_e"":0.0,""rounds"":11}",
        17,         9,         0,   0.015,blind_mwpm,16018abd99f1c67e542b11fdaefc20f4fc1b5225983802bc9326583d37d544e2,"{""config"":""baseline_pauli"",""d"":11,""p"":0.046415888336127774,""r_e"":0.0,""rounds"":11}",
     15360,       170,         0,    1.17,herald_mwpm,046caecd3bc3685f7b04ce55e6ec2719e77cb6e344594edbeff29f873e142876,"{""config"":""baseline_pauli"",""d"":11,""p"":0.006812920690579608,""r_e"":0.0,""rounds"":11}",
       256,       118,         0,   0.155,herald_mwpm,8805c133307fb52fcd8c8ecf8c0bff097af323cc8f520a0c66b23bf2b12df153,"{""config"":""baseline_pauli"",""d"":11,""p"":0.046415888336127774,""r_e"":0.0,""rounds"":11}",
        17,         4,         0,   0.024,herald_mwpm,27af56ad18705637ec7373f0c05057b65b2de364daa6344564c966ae3ab07593,"{""config"":""baseline_pauli"",""d"":11,""p"":0.06812920690579612,""r_e"":0.0,""rounds"":11}",
        17,        10,         0,   0.018,blind_mwpm,c85c389c43b714755a931db57d062705adf4f39a5081f30ae0f1beb2fdef86b1,"{""config"":""baseline_pauli"",""d"":11,""p"":0.06812920690579612,""r_e"":0.0,""rounds"":11}",
       256,       122,         0,   0.171,blind_mwpm,16018abd99f1c67e542b11fdaefc20f4fc1b5225983802bc9326583d37d544e2,"{""config"":""baseline_pauli"",""d"":11,""p"":0.046415888336127774,""r_e"":0.0,""rounds"":11}",
     14336,       155,         0,    1.12,blind_mwpm,b32c4df425d5fe204a17ae8b31ac1c6ccde7d5be660f0ffbcf784f6b94d25c61,"{""config"":""baseline_pauli"",""d"":11,""p"":0.006812920690579608,""r_e"":0.0,""rounds"":11}",
       256,       144,         0,   0.194,blind_mwpm,c85c389c43b714755a931db57d062705adf4f39a5081f30ae0f1beb2fdef86b1,"{""config"":""baseline_pauli"",""d"":11,""p"":0.06812920690579612,""r_e"":0.0,""rounds"":11}",
       256,       132,         0,   0.208,herald_mwpm,27af56ad18705637ec7373f0c05057b65b2de364daa6344564c966ae3ab07593,"{""config"":""baseline_pauli"",""d"":11,""p"":0.06812920690579612,""r_e"":0.0,""rounds"":11}",
        17,        10,         0,   0.031,blind_mwpm,48121681b577e8ffa4a61c726129ae1e8b5d8154f1a6f770619786d0a8027df3,"{""config"":""baseline_pauli"",""d"":11,""p"":0.1,""r_e"":0.0,""rounds"":11}",
        17,         8,         0,   0.017,herald_mwpm,7e60a7d1e3725ccebdb3aeab5147e6f4109d8fe2f72aeb466a608979c36d57b3,"{""config"":""baseline_pauli"",""d"":11,""p"":0.1,""r_e"":0.0,""rounds"":11}",
       512,       270,         0,   0.324,herald_mwpm,8805c133307fb52fcd8c8ecf8c0bff097af323cc8f520a0c66b23bf2b12df153,"{""config"":""baseline_pauli"",""d"":11,""p"":0.046415888336127774,""r_e"":0.0,""rounds"":11}",
       512,       250,         0,   0.296,blind_mwpm,16018abd99f1c67e542b11fdaefc20f4fc1b5225983802bc9326583d37d544e2,"{""config"":""baseline_pauli"",""d"":11,""p"":0.046415888336127774,""r_e"":0.0,""rounds"":11}",
       256,       130,         0,   0.197,herald_mwpm,7e60a7d1e3725ccebdb3aeab5147e6f4109d8fe2f72aeb466a608979c36d57b3,"{""config"":""baseline_pauli"",""d"":11,""p"":0.1,""r_e"":0.0,""rounds"":11}",
       256,       126,         0,   0.211,blind_mwpm,48121681b577e8ffa4a61c726129ae1e8b5d8154f1a6f770619786d0a8027df3,"{""config"":""baseline_pauli"",""d"":11,""p"":0.1,""r_e"":0.0,""rounds"":11}",
       512,       265,         0,   0.368,herald_mwpm,27af56ad18705637ec7373f0c05057b65b2de364daa6344564c966ae3ab07593,"{""config"":""baseline_pauli"",""d"":11,""p"":0.06812920690579612,""r_e"":0.0,""rounds"":11}",
       512,       256,         0,   0.394,blind_mwpm,c85c389c43b714755a931db57d062705adf4f39a5081f30ae0f1beb2fdef86b1,"{""config"":""baseline_pauli"",""d"":11,""p"":0.06812920690579612,""r_e"":0.0,""rounds"":11}",
       512,       260,         0,   0.342,herald_mwpm,8805c133307fb52fcd8c8ecf8c0bff097af323cc8f520a0c66b23bf2b12df153,"{""config"":""baseline_pauli"",""d"":11,""p"":0.046415888336127774,""r_e"":0.0,""rounds"":11}",
       512,       255,         0,   0.386,herald_mwpm,7e60a7d1e3725ccebdb3aeab5147e6f4109d8fe2f72aeb466a608979c36d57b3,"{""config"":""baseline_pauli"",""d"":11,""p"":0.1,""r_e"":0.0,""rounds"":11}",
       512,       257,         0,   0.400,blind_mwpm,48121681b577e8ffa4a61c726129ae1e8b5d8154f1a6f770619786d0a8027df3,"{""config"":""baseline_pauli"",""d"":11,""p"":0.1,""r_e"":0.0,""rounds"":11}",
       512,       273,         0,   0.375,blind_mwpm,c85c389c43b714755a931db57d062705adf4f39a5081f30ae0f1beb2fdef86b1,"{""config"":""baseline_pauli"",""d"":11,""p"":0.06812920690579612,""r_e"":0.0,""rounds"":11}",
       512,       259,         0,   0.314,herald_mwpm,8805c133307fb52fcd8c8ecf8c0bff097af323cc8f520a0c66b23bf2b12df153,"{""config"":""baseline_pauli"",""d"":11,""p"":0.046415888336127774,""r_e"":0.0,""rounds"":11}",
       512,       250,         0,   0.407,herald_mwpm,27af56ad18705637ec7373f0c05057b65b2de364daa6344564c966ae3ab07593,"{""config"":""baseline_pauli"",""d"":11,""p"":0.06812920690579612,""r_e"":0.0,""rounds"":11}",
      1024,       525,         0,   0.686,blind_mwpm,16018abd99f1c67e542b11fdaefc20f4fc1b5225983802bc9326583d37d544e2,"{""config"":""baseline_pauli"",""d"":11,""p"":0.046415888336127774,""r_e"":0.0,""rounds"":11}",
       512,       251,         0,   0.420,herald_mwpm,7e60a7d1e3725ccebdb3aeab5147e6f4109d8fe2f72aeb466a608979c36d57b3,"{""config"":""baseline_pauli"",""d"":11,""p"":0.1,""r_e"":0.0,""rounds"":11}",
       512,       247,         0,   0.313,herald_mwpm,8805c133307fb52fcd8c8ecf8c0bff097af323cc8f520a0c66b23bf2b12df153,"{""config"":""baseline_pauli"",""d"":11,""p"":0.046415888336127774,""r_e"":0.0,""rounds"":11}",
       512,       262,         0,   0.424,blind_mwpm,48121681b577e8ffa4a61c726129ae1e8b5d8154f1a6f770619786d0a8027df3,"{""config"":""baseline_pauli"",""d"":11,""p"":0.1,""r_e"":0.0,""rounds"":11}",
       512,       255,         0,   0.396,blind_mwpm,c85c389c43b714755a931db57d062705adf4f39a5081f30ae0f1beb2fdef86b1,"{""config"":""baseline_pauli"",""d"":11,""p"":0.06812920690579612,""r_e"":0.0,""rounds"":11}",
       512,       242,         0,   0.394,herald_mwpm,27af56ad18705637ec7373f0c05057b65b2de364daa6344564c966ae3ab07593,"{""config"":""baseline_pauli"",""d"":11,""p"":0.06812920690579612,""r_e"":0.0,""rounds"":11}",
     20680,       201,         0,    1.50,herald_mwpm,046caecd3bc3685f7b04ce55e6ec2719e77cb6e344594edbeff29f873e142876,"{""config"":""baseline_pauli"",""d"":11,""p"":0.006812920690579608,""r_e"":0.0,""rounds"":11}",
       512,       257,         0,   0.394,herald_mwpm,7e60a7d1e3725ccebdb3aeab5147e6f4109d8fe2f72aeb466a608979c36d57b3,"{""config"":""baseline_pauli"",""d"":11,""p"":0.1,""r_e"":0.0,""rounds"":11}",
      1024,       523,         0,   0.652,blind_mwpm,16018abd99f1c67e542b11fdaefc20f4fc1b5225983802bc9326583d37d544e2,"{""config"":""baseline_pauli"",""d"":11,""p"":0.046415888336127774,""r_e"":0.0,""rounds"":11}",
       512,       259,         0,   0.402,blind_mwpm,48121681b577e8ffa4a61c726129ae1e8b5d8154f1a6f770619786d0a8027df3,"{""config"":""baseline_pauli"",""d"":11,""p"":0.1,""r_e"":0.0,""rounds"":11}",
     20480,       201,         0,    1.58,blind_mwpm,b32c4df425d5fe204a17ae8b31ac1c6ccde7d5be660f0ffbcf784f6b94d25c61,"{""config"":""baseline_pauli"",""d"":11,""p"":0.006812920690579608,""r_e"":0.0,""rounds"":11}",
        17,         0,         0,   0.011,herald_mwpm,046caecd3bc3685f7b04ce55e6ec2719e77cb6e344594edbeff29f873e142876,"{""config"":""baseline_pauli"",""d"":11,""p"":0.006812920690579608,""r_e"":0.0,""rounds"":11}",
       200,         2,         0,   0.014,blind_mwpm,b32c4df425d5fe204a17ae8b31ac1c6ccde7d5be660f0ffbcf784f6b94d25c61,"{""config"":""baseline_pauli"",""d"":11,""p"":0.006812920690579608,""r_e"":0.0,""rounds"":11}",
       512,       271,         0,   0.358,herald_mwpm,27af56ad18705637ec7373f0c05057b65b2de364daa6344564c966ae3ab07593,"{""config"":""baseline_pauli"",""d"":11,""p"":0.06812920690579612,""r_e"":0.0,""rounds"":11}",
       256,         3,         0,   0.017,herald_mwpm,046caecd3bc3685f7b04ce55e6ec2719e77cb6e344594edbeff29f873e142876,"{""config"":""baseline_pauli"",""d"":11,""p"":0.006812920690579608,""r_e"":0.0,""rounds"":11}",
       512,       264,         0,   0.381,blind_mwpm,c85c389c43b714755a931db57d062705adf4f39a5081f30ae0f1beb2fdef86b1,"{""config"":""baseline_pauli"",""d"":11,""p"":0.06812920690579612,""r_e"":0.0,""rounds"":11}",
      1024,         3,         0,   0.066,herald_mwpm,046caecd3bc3685f7b04ce55e6ec2719e77cb6e344594edbeff29f873e142876,"{""config"":""baseline_pauli"",""d"":11,""p"":0.006812920690579608,""r_e"":0.0,""rounds"":11}",
      1024,        14,         0,   0.080,herald_mwpm,046caecd3bc3685f7b04ce55e6ec2719e77cb6e344594edbeff29f873e142876,"{""config"":""baseline_pauli"",""d"":11,""p"":0.006812920690579608,""r_e"":0.0,""rounds"":11}",
      1024,        11,         0,   0.091,herald_mwpm,046caecd3bc3685f7b04ce55e6ec2719e77cb6e344594edbeff29f873e142876,"{""config"":""baseline_pauli"",""d"":11,""p"":0.006812920690579608,""r_e"":0.0,""rounds"":11}",
       512,       298,         0,   0.356,herald_mwpm,7e60a7d1e3725ccebdb3aeab5147e6f4109d8fe2f72aeb466a608979c36d57b3,"{""config"":""baseline_pauli"",""d"":11,""p"":0.1,""r_e"":0.0,""rounds"":11}",
      1024,         8,         0,   0.072,herald_mwpm,046caecd3bc3685f7b04ce55e6ec2719e77cb6e344594edbeff29f873e142876,"{""config"":""baseline_pauli"",""d"":11,""p"":0.006812920690579608,""r_e"":0.0,""rounds"":11}",
       512,       281,         0,   0.358,blind_mwpm,48121681b577e8ffa4a61c726129ae1e8b5d8154f1a6f770619786d0a8027df3,"{""config"":""baseline_pauli"",""d"":11,""p"":0.1,""r_e"":0.0,""rounds"":11}",
       273,         2,         0,   0.026,blind_mwpm,b32c4df425d5fe204a17ae8b31ac1c6ccde7d5be660f0ffbcf784f6b94d25c61,"{""config"":""baseline_pauli"",""d"":11,""p"":0.006812920690579608,""r_e"":0.0,""rounds"":11}",
      1024,        13,         0,   0.083,herald_mwpm,046caecd3bc3685f7b04ce55e6ec2719e77cb6e344594edbeff29f873e142876,"{""config"":""baseline_pauli"",""d"":11,""p"":0.006812920690579608,""r_e"":0.0,""rounds"":11}",
      5778,        70,         0,   0.414,herald_mwpm,046caecd3bc3685f7b04ce55e6ec2719e77cb6e344594edbeff29f873e142876,"{""config"":""baseline_pauli"",""d"":11,""p"":0.006812920690579608,""r_e"":0.0,""rounds"":11}",
      1024,         8,         0,   0.070,blind_mwpm,b32c4df425d5fe204a17ae8b31ac1c6ccde7d5be660f0ffbcf784f6b94d25c61,"{""config"":""baseline_pauli"",""d"":11,""p"":0.006812920690579608,""r_e"":0.0,""rounds"":11}",
      1024,        10,         0,   0.082,blind_mwpm,b32c4df425d5fe204a17ae8b31ac1c6ccde7d5be660f0ffbcf784f6b94d25c61,"{""config"":""baseline_pauli"",""d"":11,""p"":0.006812920690579608,""r_e"":0.0,""rounds"":11}",
      6893,        69,         0,   0.529,blind_mwpm,b32c4df425d5fe204a17ae8b31ac1c6ccde7d5be660f0ffbcf784f6b94d25c61,"{""config"":""baseline_pauli"",""d"":11,""p"":0.006812920690579608,""r_e"":0.0,""rounds"":11}",
      2048,        23,         0,   0.151,herald_mwpm,046caecd3bc3685f7b04ce55e6ec2719e77cb6e344594edbeff29f873e142876,"{""config"":""baseline_pauli"",""d"":11,""p"":0.006812920690579608,""r_e"":0.0,""rounds"":11}",
       329,         3,         0,   0.025,herald_mwpm,046caecd3bc3685f7b04ce55e6ec2719e77cb6e344594edbeff29f873e142876,"{""config"":""baseline_pauli"",""d"":11,""p"":0.006812920690579608,""r_e"":0.0,""rounds"":11}",
      1353,         9,         0,   0.102,herald_mwpm,046caecd3bc3685f7b04ce55e6ec2719e77cb6e344594edbeff29f873e142876,"{""config"":""baseline_pauli"",""d"":11,""p"":0.006812920690579608,""r_e"":0.0,""rounds"":11}",
      1024,         6,         0,   0.059,blind_mwpm,b32c4df425d5fe204a17ae8b31ac1c6ccde7d5be660f0ffbcf784f6b94d25c61,"{""config"":""baseline_pauli"",""d"":11,""p"":0.006812920690579608,""r_e"":0.0,""rounds"":11}",
       187,         2,         0,   0.009,blind_mwpm,b32c4df425d5fe204a17ae8b31ac1c6ccde7d5be660f0ffbcf784f6b94d25c61,"{""config"":""baseline_pauli"",""d"":11,""p"":0.006812920690579608,""r_e"":0.0,""rounds"":11}",
      1024,        10,         0,   0.067,blind_mwpm,b32c4df425d5fe204a17ae8b31ac1c6ccde7d5be660f0ffbcf784f6b94d25c61,"{""config"":""baseline_pauli"",""d"":11,""p"":0.006812920690579608,""r_e"":0.0,""rounds"":11}",
       819,         6,         0,   0.047,blind_mwpm,b32c4df425d5fe204a17ae8b31ac1c6ccde7d5be660f0ffbcf784f6b94d25c61,"{""config"":""baseline_pauli"",""d"":11,""p"":0.006812920690579608,""r_e"":0.0,""rounds"":11}",
       273,         2,         0,   0.018,blind_mwpm,b32c4df425d5fe204a17ae8b31ac1c6ccde7d5be660f0ffbcf784f6b94d25c61,"{""config"":""baseline_pauli"",""d"":11,""p"":0.006812920690579608,""r_e"":0.0,""rounds"":11}",
       256,         1,         0,   0.013,herald_mwpm,046caecd3bc3685f7b04ce55e6ec2719e77cb6e344594edbeff29f873e142876,"{""config"":""baseline_pauli"",""d"":11,""p"":0.006812920690579608,""r_e"":0.0,""rounds"":11}",
       273,         2,         0,   0.024,herald_mwpm,046caecd3bc3685f7b04ce55e6ec2719e77cb6e344594edbeff29f873e142876,"{""config"":""baseline_pauli"",""d"":11,""p"":0.006812920690579608,""r_e"":0.0,""rounds"":11}",
        17,         0,         0,   0.010,blind_mwpm,b32c4df425d5fe204a17ae8b31ac1c6ccde7d5be660f0ffbcf784f6b94d25c61,"{""config"":""baseline_pauli"",""d"":11,""p"":0.006812920690579608,""r_e"":0.0,""rounds"":11}",
       698,         6,         0,   0.048,blind_mwpm,b32c4df425d5fe204a17ae8b31ac1c6ccde7d5be660f0ffbcf784f6b94d25c61,"{""config"":""baseline_pauli"",""d"":11,""p"":0.006812920690579608,""r_e"":0.0,""rounds"":11}",
       764,        11,         0,   0.038,blind_mwpm,b32c4df425d5fe204a17ae8b31ac1c6ccde7d5be660f0ffbcf784f6b94d25c61,"{""config"":""baseline_pauli"",""d"":11,""p"":0.006812920690579608,""r_e"":0.0,""rounds"":11}",
       256,         2,         0,   0.014,blind_mwpm,b32c4df425d5fe204a17ae8b31ac1c6ccde7d5be660f0ffbcf784f6b94d25c61,"{""config"":""baseline_pauli"",""d"":11,""p"":0.006812920690579608,""r_e"":0.0,""rounds"":11}",
        64,         1,         0,   0.007,herald_mwpm,046caecd3bc3685f7b04ce55e6ec2719e77cb6e344594edbeff29f873e142876,"{""config"":""baseline_pauli"",""d"":11,""p"":0.006812920690579608,""r_e"":0.0,""rounds"":11}",
      1024,        13,         0,   0.061,herald_mwpm,046caecd3bc3685f7b04ce55e6ec2719e77cb6e344594edbeff29f873e142876,"{""config"":""baseline_pauli"",""d"":11,""p"":0.006812920690579608,""r_e"":0.0,""rounds"":11}",
      1024,         7,         0,   0.065,blind_mwpm,b32c4df425d5fe204a17ae8b31ac1c6ccde7d5be660f0ffbcf784f6b94d25c61,"{""config"":""baseline_pauli"",""d"":11,""p"":0.006812920690579608,""r_e"":0.0,""rounds"":11}",
      1381,        15,         0,   0.085,herald_mwpm,046caecd3bc3685f7b04ce55e6ec2719e77cb6e344594edbeff29f873e142876,"{""config"":""baseline_pauli"",""d"":11,""p"":0.006812920690579608,""r_e"":0.0,""rounds"":11}",
        84,         1,         0,   0.010,herald_mwpm,046caecd3bc3685f7b04ce55e6ec2719e77cb6e344594edbeff29f873e142876,"{""config"":""baseline_pauli"",""d"":11,""p"":0.006812920690579608,""r_e"":0.0,""rounds"":11}",
       273,         2,         0,   0.025,herald_mwpm,046caecd3bc3685f7b04ce55e6ec2719e77cb6e344594edbeff29f873e142876,"{""config"":""baseline_pauli"",""d"":11,""p"":0.006812920690579608,""r_e"":0.0,""rounds"":11}",
       255,         5,         0,   0.022,herald_mwpm,046caecd3bc3685f7b04ce55e6ec2719e77cb6e344594edbeff29f873e142876,"{""config"":""baseline_pauli"",""d"":11,""p"":0.006812920690579608,""r_e"":0.0,""rounds"":11}",
       642,         3,         0,   0.045,blind_mwpm,b32c4df425d5fe204a17ae8b31ac1c6ccde7d5be660f0ffbcf784f6b94d25c61,"{""config"":""baseline_pauli"",""d"":11,""p"":0.006812920690579608,""r_e"":0.0,""rounds"":11}",
      1024,         8,         0,   0.068,blind_mwpm,b32c4df425d5fe204a17ae8b31ac1c6ccde7d5be660f0ffbcf784f6b94d25c61,"{""config"":""baseline_pauli"",""d"":11,""p"":0.006812920690579608,""r_e"":0.0,""rounds"":11}",
       806,         5,         0,   0.046,blind_mwpm,b32c4df425d5fe204a17ae8b31ac1c6ccde7d5be660f0ffbcf784f6b94d25c61,"{""config"":""baseline_pauli"",""d"":11,""p"":0.006812920690579608,""r_e"":0.0,""rounds"":11}",
      1337,        14,         0,   0.085,blind_mwpm,b32c4df425d5fe204a17ae8b31ac1c6ccde7d5be660f0ffbcf784f6b94d25c61,"{""config"":""baseline_pauli"",""d"":11,""p"":0.006812920690579608,""r_e"":0.0,""rounds"":11}",
      1024,        12,         0,   0.048,blind_mwpm,b32c4df425d5fe204a17ae8b31ac1c6ccde7d5be660f0ffbcf784f6b94d25c61,"{""config"":""baseline_pauli"",""d"":11,""p"":0.006812920690579608,""r_e"":0.0,""rounds"":11}",
      4369,       583,         0,   0.009,blind_mwpm,586a112ca87d80b6e3668da5591689326eed78a4116f674f236aebf3f31dc286,"{""config"":""baseline_pauli"",""d"":3,""p"":0.015,""r_e"":0.0,""rounds"":3}",
      6417,       638,         0,   0.010,herald_mwpm,b6ea5e0046225e3fe0b03007577c8f6b397a4bcb37a108a19510f6936acecf15,"{""config"":""baseline_pauli"",""d"":3,""p"":0.013,""r_e"":0.0,""rounds"":3}",
      6417,       494,         0,   0.010,blind_mwpm,09b159cc1203060f5c4e835b66ceb499ccd260b0e23eb5761c44b8ac8c8ed312,"{""config"":""baseline_pauli"",""d"":3,""p"":0.011,""r_e"":0.0,""rounds"":3}",
      5393,       875,         0,   0.011,blind_mwpm,081611e16afee2a9f91b8aa9747e1c407ed5c728b50f11f84a09287eb2121711,"{""config"":""baseline_pauli"",""d"":3,""p"":0.017,""r_e"":0.0,""rounds"":3}",
      5393,       873,         0,   0.011,herald_mwpm,198a727cbd36cbce3012e9279db906e180d3109845e03b1cfd6c231561f54e3a,"{""config"":""baseline_pauli"",""d"":3,""p"":0.017,""r_e"":0.0,""rounds"":3}",
      6417,       859,         0,   0.011,herald_mwpm,60ec63e14c39c2558f9fccbc97b495fd5162a5a1f0ca18c2e71f527f196adf59,"{""config"":""baseline_pauli"",""d"":3,""p"":0.015,""r_e"":0.0,""rounds"":3}",
      5393,       557,         0,   0.010,blind_mwpm,7aac2111a79d71a2712996910f5894ba47ff009a9fdb69b555e82248ac06f1dc,"{""config"":""baseline_pauli"",""d"":3,""p"":0.013,""r_e"":0.0,""rounds"":3}",
      1024,       155,         0,   0.002,herald_mwpm,198a727cbd36cbce3012e9279db906e180d3109845e03b1cfd6c231561f54e3a,"{""config"":""baseline_pauli"",""d"":3,""p"":0.017,""r_e"":0.0,""rounds"":3}",
      1024,       163,         0,   0.003,blind_mwpm,081611e16afee2a9f91b8aa9747e1c407ed5c728b50f11f84a09287eb2121711,"{""config"":""baseline_pauli"",""d"":3,""p"":0.017,""r_e"":0.0,""rounds"":3}",
      6417,       577,         0,   0.010,herald_mwpm,d2114bdc5580ba31c2c97dc270daf32707096cef8dbf4e8c07b58a488ee4c86a,"{""config"":""baseline_pauli"",""d"":3,""p"":0.011,""r_e"":0.0,""rounds"":3}",
      4096,       414,         0,   0.006,herald_mwpm,b6ea5e0046225e3fe0b03007577c8f6b397a4bcb37a108a19510f6936acecf15,"{""config"":""baseline_pauli"",""d"":3,""p"":0.013,""r_e"":0.0,""rounds"":3}",
      2048,       277,         0,   0.004,herald_mwpm,60ec63e14c39c2558f9fccbc97b495fd5162a5a1f0ca18c2e71f527f196adf59,"{""config"":""baseline_pauli"",""d"":3,""p"":0.015,""r_e"":0.0,""rounds"":3}",
      4096,       534,         0,   0.009,blind_mwpm,586a112ca87d80b6e3668da5591689326eed78a4116f674f236aebf3f31dc286,"{""config"":""baseline_pauli"",""d"":3,""p"":0.015,""r_e"":0.0,""rounds"":3}",
      5120,       434,         0,   0.005,herald_mwpm,d2114bdc5580ba31c2c97dc270daf32707096cef8dbf4e8c07b58a488ee4c86a,"{""config"":""baseline_pauli"",""d"":3,""p"":0.011,""r_e"":0.0,""rounds"":3}",
      7168,       572,         0,   0.009,blind_mwpm,09b159cc1203060f5c4e835b66ceb499ccd260b0e23eb5761c44b8ac8c8ed312,"{""config"":""baseline_pauli"",""d"":3,""p"":0.011,""r_e"":0.0,""rounds"":3}",
      5120,       545,         0,   0.007,blind_mwpm,7aac2111a79d71a2712996910f5894ba47ff009a9fdb69b555e82248ac06f1dc,"{""config"":""baseline_pauli"",""d"":3,""p"":0.013,""r_e"":0.0,""rounds"":3}",
      3345,       637,         0,   0.010,blind_mwpm,9068e3bd5a81b615fd653eb90917e6963f0aed4996bb962140c8c6c27381723e,"{""config"":""baseline_pauli"",""d"":3,""p"":0.019,""r_e"":0.0,""rounds"":3}",
      3345,       610,         0,   0.011,herald_mwpm,d2f636c2b36e03947dd40ce8175707a28c4afa1bb8148ff06fa8df64a7eec899,"{""config"":""baseline_pauli"",""d"":3,""p"":0.019,""r_e"":0.0,""rounds"":3}",
      2048,       390,         0,   0.004,blind_mwpm,9068e3bd5a81b615fd653eb90917e6963f0aed4996bb962140c8c6c27381723e,"{""config"":""baseline_pauli"",""d"":3,""p"":0.019,""r_e"":0.0,""rounds"":3}",
      3072,       561,         0,   0.006,herald_mwpm,d2f636c2b36e03947dd40ce8175707a28c4afa1bb8148ff06fa8df64a7eec899,"{""config"":""baseline_pauli"",""d"":3,""p"":0.019,""r_e"":0.0,""rounds"":3}",
      1297,       165,         0,   0.011,herald_mwpm,2eb50fc0949492a113d749a89b95d7de56d5d2f191d550e392d280cce903adf1,"{""config"":""baseline_pauli"",""d"":5,""p"":0.013,""r_e"":0.0,""rounds"":5}",
      1297,       121,         0,   0.010,herald_mwpm,86b66d35c3ac604dedae278964edba1c13e28a1ecdcc380bc312bad44a041f38,"{""config"":""baseline_pauli"",""d"":5,""p"":0.011,""r_e"":0.0,""rounds"":5}",
      1297,       106,         0,   0.014,blind_mwpm,cd7457db2395dd74c91abb33c695928170286f66aa2da25b87114ae9661ed8dd,"{""config"":""baseline_pauli"",""d"":5,""p"":0.011,""r_e"":0.0,""rounds"":5}",
      1297,       145,         0,   0.012,blind_mwpm,6a41e49f276bcd3d63b2942069c8ea5ba5b61c3e1b47d6ec04616b440b2e790c,"{""config"":""baseline_pauli"",""d"":5,""p"":0.013,""r_e"":0.0,""rounds"":5}",
      2048,       191,         0,   0.013,blind_mwpm,cd7457db2395dd74c91abb33c695928170286f66aa2da25b87114ae9661ed8dd,"{""config"":""baseline_pauli"",""d"":5,""p"":0.011,""r_e"":0.0,""rounds"":5}",
      1297,       219,         0,   0.013,herald_mwpm,171f802ad8cf75294d448b41960d3285802d8c9b04dcf3c6daaf2298be821247,"{""config"":""baseline_pauli"",""d"":5,""p"":0.015,""r_e"":0.0,""rounds"":5}",
      2048,       266,         0,   0.018,herald_mwpm,2eb50fc0949492a113d749a89b95d7de56d5d2f191d550e392d280cce903adf1,"{""config"":""baseline_pauli"",""d"":5,""p"":0.013,""r_e"":0.0,""rounds"":5}",
      1297,       215,         0,   0.015,blind_mwpm,b541c1eec93eea442ab022e4ca33daa32e004e5af26de4b6ebbca6c2f69aa35b,"{""config"":""baseline_pauli"",""d"":5,""p"":0.015,""r_e"":0.0,""rounds"":5}",
      2048,       273,         0,   0.018,blind_mwpm,6a41e49f276bcd3d63b2942069c8ea5ba5b61c3e1b47d6ec04616b440b2e790c,"{""config"":""baseline_pauli"",""d"":5,""p"":0.013,""r_e"":0.0,""rounds"":5}",
      3072,       241,         0,   0.024,herald_mwpm,86b66d35c3ac604dedae278964edba1c13e28a1ecdcc380bc312bad44a041f38,"{""config"":""baseline_pauli"",""d"":5,""p"":0.011,""r_e"":0.0,""rounds"":5}",
      2048,       281,         0,   0.022,herald_mwpm,2eb50fc0949492a113d749a89b95d7de56d5d2f191d550e392d280cce903adf1,"{""config"":""baseline_pauli"",""d"":5,""p"":0.013,""r_e"":0.0,""rounds"":5}",
      2048,       363,         0,   0.020,blind_mwpm,b541c1eec93eea442ab022e4ca33daa32e004e5af26de4b6ebbca6c2f69aa35b,"{""config"":""baseline_pauli"",""d"":5,""p"":0.015,""r_e"":0.0,""rounds"":5}",
      2048,       369,         0,   0.023,herald_mwpm,171f802ad8cf75294d448b41960d3285802d8c9b04dcf3c6daaf2298be821247,"{""config"":""baseline_pauli"",""d"":5,""p"":0.015,""r_e"":0.0,""rounds"":5}",
      3072,       280,         0,   0.025,blind_mwpm,cd7457db2395dd74c91abb33c695928170286f66aa2da25b87114ae9661ed8dd,"{""config"":""baseline_pauli"",""d"":5,""p"":0.011,""r_e"":0.0,""rounds"":5}",
      2048,       247,         0,   0.020,blind_mwpm,6a41e49f276bcd3d63b2942069c8ea5ba5b61c3e1b47d6ec04616b440b2e790c,"{""config"":""baseline_pauli"",""d"":5,""p"":0.013,""r_e"":0.0,""rounds"":5}",
      3072,       280,         0,   0.021,herald_mwpm,86b66d35c3ac604dedae278964edba1c13e28a1ecdcc380bc312bad44a041f38,"{""config"":""baseline_pauli"",""d"":5,""p"":0.011,""r_e"":0.0,""rounds"":5}",
      1297,       292,         0,   0.018,blind_mwpm,4023c7f3debcefb5128f589b1455444e95c0e8c3844dbe2a55c860de09174682,"{""config"":""baseline_pauli"",""d"":5,""p"":0.017,""r_e"":0.0,""rounds"":5}",
      1297,       274,         0,   0.015,herald_mwpm,871b6e37fcec40940751b7663facb56214cdc98750175f55b6b159e66d907cc4,"{""config"":""baseline_pauli"",""d"":5,""p"":0.017,""r_e"":0.0,""rounds"":5}",
      3072,       405,         0,   0.024,herald_mwpm,2eb50fc0949492a113d749a89b95d7de56d5d2f191d550e392d280cce903adf1,"{""config"":""baseline_pauli"",""d"":5,""p"":0.013,""r_e"":0.0,""rounds"":5}",
      2048,       338,         0,   0.024,blind_mwpm,b541c1eec93eea442ab022e4ca33daa32e004e5af26de4b6ebbca6c2f69aa35b,"{""config"":""baseline_pauli"",""d"":5,""p"":0.015,""r_e"":0.0,""rounds"":5}",
      1024,       223,         0,   0.014,blind_mwpm,4023c7f3debcefb5128f589b1455444e95c0e8c3844dbe2a55c860de09174682,"{""config"":""baseline_pauli"",""d"":5,""p"":0.017,""r_e"":0.0,""rounds"":5}",
      2048,       351,         0,   0.025,herald_mwpm,171f802ad8cf75294d448b41960d3285802d8c9b04dcf3c6daaf2298be821247,"{""config"":""baseline_pauli"",""d"":5,""p"":0.015,""r_e"":0.0,""rounds"":5}",
      1024,       231,         0,   0.015,herald_mwpm,871b6e37fcec40940751b7663facb56214cdc98750175f55b6b159e66d907cc4,"{""config"":""baseline_pauli"",""d"":5,""p"":0.017,""r_e"":0.0,""rounds"":5}",
      3072,       422,         0,   0.027,blind_mwpm,6a41e49f276bcd3d63b2942069c8ea5ba5b61c3e1b47d6ec04616b440b2e790c,"{""config"":""baseline_pauli"",""d"":5,""p"":0.013,""r_e"":0.0,""rounds"":5}",
      1024,       166,         0,   0.009,blind_mwpm,b541c1eec93eea442ab022e4ca33daa32e004e5af26de4b6ebbca6c2f69aa35b,"{""config"":""baseline_pauli"",""d"":5,""p"":0.015,""r_e"":0.0,""rounds"":5}",
      4096,       367,         0,   0.035,blind_mwpm,cd7457db2395dd74c91abb33c695928170286f66aa2da25b87114ae9661ed8dd,"{""config"":""baseline_pauli"",""d"":5,""p"":0.011,""r_e"":0.0,""rounds"":5}",
      1024,       173,         0,   0.012,herald_mwpm,171f802ad8cf75294d448b41960d3285802d8c9b04dcf3c6daaf2298be821247,"{""config"":""baseline_pauli"",""d"":5,""p"":0.015,""r_e"":0.0,""rounds"":5}",
      4096,       385,         0,   0.032,herald_mwpm,86b66d35c3ac604dedae278964edba1c13e28a1ecdcc380bc312bad44a041f38,"{""config"":""baseline_pauli"",""d"":5,""p"":0.011,""r_e"":0.0,""rounds"":5}",
      1024,        96,         0,   0.007,blind_mwpm,cd7457db2395dd74c91abb33c695928170286f66aa2da25b87114ae9661ed8dd,"{""config"":""baseline_pauli"",""d"":5,""p"":0.011,""r_e"":0.0,""rounds"":5}",
      2048,       451,         0,   0.021,blind_mwpm,4023c7f3debcefb5128f589b1455444e95c0e8c3844dbe2a55c860de09174682,"{""config"":""baseline_pauli"",""d"":5,""p"":0.017,""r_e"":0.0,""rounds"":5}",
      2048,       469,         0,   0.021,herald_mwpm,871b6e37fcec40940751b7663facb56214cdc98750175f55b6b159e66d907cc4,"{""config"":""baseline_pauli"",""d"":5,""p"":0.017,""r_e"":0.0,""rounds"":5}",
      1024,       227,         0,   0.009,blind_mwpm,4023c7f3debcefb5128f589b1455444e95c0e8c3844dbe2a55c860de09174682,"{""config"":""baseline_pauli"",""d"":5,""p"":0.017,""r_e"":0.0,""rounds"":5}",
      1024,       235,         0,   0.009,herald_mwpm,871b6e37fcec40940751b7663facb56214cdc98750175f55b6b159e66d907cc4,"{""config"":""baseline_pauli"",""d"":5,""p"":0.017,""r_e"":0.0,""rounds"":5}",
      1297,       356,         0,   0.016,herald_mwpm,e7a903db94521a1baf24b7a0f8fe60cc50b96307c9ec59d51cb7704c15760588,"{""config"":""baseline_pauli"",""d"":5,""p"":0.019,""r_e"":0.0,""rounds"":5}",
      1297,       326,         0,   0.019,blind_mwpm,cee4c413765e46caf0196689a328ca765baa343e0ffcc4686b9b49c81c349df4,"{""config"":""baseline_pauli"",""d"":5,""p"":0.019,""r_e"":0.0,""rounds"":5}",
      1024,       268,         0,   0.016,herald_mwpm,e7a903db94521a1baf24b7a0f8fe60cc50b96307c9ec59d51cb7704c15760588,"{""config"":""baseline_pauli"",""d"":5,""p"":0.019,""r_e"":0.0,""rounds"":5}",
      1024,       257,         0,   0.015,blind_mwpm,cee4c413765e46caf0196689a328ca765baa343e0ffcc4686b9b49c81c349df4,"{""config"":""baseline_pauli"",""d"":5,""p"":0.019,""r_e"":0.0,""rounds"":5}",
       273,        22,         0,   0.015,herald_mwpm,fea3184fe4e3254ecb07017cbfd232c400b2695a074e9d87ce5508acfdfa3933,"{""config"":""baseline_pauli"",""d"":7,""p"":0.011,""r_e"":0.0,""rounds"":7}",
      2048,       526,         0,   0.029,herald_mwpm,e7a903db94521a1baf24b7a0f8fe60cc50b96307c9ec59d51cb7704c15760588,"{""config"":""baseline_pauli"",""d"":5,""p"":0.019,""r_e"":0.0,""rounds"":5}",
      2048,       541,         0,   0.030,blind_mwpm,cee4c413765e46caf0196689a328ca765baa343e0ffcc4686b9b49c81c349df4,"{""config"":""baseline_pauli"",""d"":5,""p"":0.019,""r_e"":0.0,""rounds"":5}",
      1297,       124,         0,   0.030,blind_mwpm,722b0021d81032b1b58ad947fcbd17d3265aa60ab87ac3e75847e635935d9fbc,"{""config"":""baseline_pauli"",""d"":7,""p"":0.011,""r_e"":0.0,""rounds"":7}",
       273,        45,         0,   0.011,blind_mwpm,9f0d0a7f9b7da84c568a6541debb6c2b00e396b2e47be58b41aa9447e1b81252,"{""config"":""baseline_pauli"",""d"":7,""p"":0.013,""r_e"":0.0,""rounds"":7}",
      1024,        87,         0,   0.024,herald_mwpm,fea3184fe4e3254ecb07017cbfd232c400b2695a074e9d87ce5508acfdfa3933,"{""config"":""baseline_pauli"",""d"":7,""p"":0.011,""r_e"":0.0,""rounds"":7}",
       273,        34,         0,   0.011,herald_mwpm,3c171123aba850091ca2b4184d2fca931016b84254b112c7cab149bd48dec49c,"{""config"":""baseline_pauli"",""d"":7,""p"":0.013,""r_e"":0.0,""rounds"":7}",
       273,        60,         0,   0.014,herald_mwpm,9c6c48b8233b78dc34c74c14686e43f35de1d8a695c5e952ba2d5cab840aaedd,"{""config"":""baseline_pauli"",""d"":7,""p"":0.015,""r_e"":0.0,""rounds"":7}",
      1024,        82,         0,   0.020,herald_mwpm,fea3184fe4e3254ecb07017cbfd232c400b2695a074e9d87ce5508acfdfa3933,"{""config"":""baseline_pauli"",""d"":7,""p"":0.011,""r_e"":0.0,""rounds"":7}",
      1024,       166,         0,   0.027,blind_mwpm,9f0d0a7f9b7da84c568a6541debb6c2b00e396b2e47be58b41aa9447e1b81252,"{""config"":""baseline_pauli"",""d"":7,""p"":0.013,""r_e"":0.0,""rounds"":7}",
      1024,       113,         0,   0.035,blind_mwpm,722b0021d81032b1b58ad947fcbd17d3265aa60ab87ac3e75847e635935d9fbc,"{""config"":""baseline_pauli"",""d"":7,""p"":0.011,""r_e"":0.0,""rounds"":7}",
       273,        55,         0,   0.015,blind_mwpm,b12cb213102b7cb9ceb35f95245d7fe94feb945f6d99d34da79afb541c8cef5b,"{""config"":""baseline_pauli"",""d"":7,""p"":0.015,""r_e"":0.0,""rounds"":7}",
      1024,       168,         0,   0.030,herald_mwpm,3c171123aba850091ca2b4184d2fca931016b84254b112c7cab149bd48dec49c,"{""config"":""baseline_pauli"",""d"":7,""p"":0.013,""r_e"":0.0,""rounds"":7}",
      1024,       106,         0,   0.028,herald_mwpm,fea3184fe4e3254ecb07017cbfd232c400b2695a074e9d87ce5508acfdfa3933,"{""config"":""baseline_pauli"",""d"":7,""p"":0.011,""r_e"":0.0,""rounds"":7}",
      1024,        92,         0,   0.024,blind_mwpm,722b0021d81032b1b58ad947fcbd17d3265aa60ab87ac3e75847e635935d9fbc,"{""config"":""baseline_pauli"",""d"":7,""p"":0.011,""r_e"":0.0,""rounds"":7}",
      1024,       219,         0,   0.033,herald_mwpm,9c6c48b8233b78dc34c74c14686e43f35de1d8a695c5e952ba2d5cab840aaedd,"{""config"":""baseline_pauli"",""d"":7,""p"":0.015,""r_e"":0.0,""rounds"":7}",
      1024,       167,         0,   0.038,blind_mwpm,9f0d0a7f9b7da84c568a6541debb6c2b00e396b2e47be58b41aa9447e1b81252,"{""config"":""baseline_pauli"",""d"":7,""p"":0.013,""r_e"":0.0,""rounds"":7}",
      1024,       221,         0,   0.033,blind_mwpm,b12cb213102b7cb9ceb35f95245d7fe94feb945f6d99d34da79afb541c8cef5b,"{""config"":""baseline_pauli"",""d"":7,""p"":0.015,""r_e"":0.0,""rounds"":7}",
      1024,       153,         0,   0.034,herald_mwpm,3c171123aba850091ca2b4184d2fca931016b84254b112c7cab149bd48dec49c,"{""config"":""baseline_pauli"",""d"":7,""p"":0.013,""r_e"":0.0,""rounds"":7}",
       273,        75,         0,   0.015,herald_mwpm,6352d6b9d7eac5415b181398765890fb88a9d40436d4db41a58e7190a29600ad,"{""config"":""baseline_pauli"",""d"":7,""p"":0.017,""r_e"":0.0,""rounds"":7}",
       273,        75,         0,   0.011,blind_mwpm,7c6127a380878c04affa0970f7e4a3fb26a48c1d43ba965fb3da55e89a032b62,"{""config"":""baseline_pauli"",""d"":7,""p"":0.017,""r_e"":0.0,""rounds"":7}",
      1024,       234,         0,   0.035,herald_mwpm,9c6c48b8233b78dc34c74c14686e43f35de1d8a695c5e952ba2d5cab840aaedd,"{""config"":""baseline_pauli"",""d"":7,""p"":0.015,""r_e"":0.0,""rounds"":7}",
      1024,       164,         0,   0.030,blind_mwpm,9f0d0a7f9b7da84c568a6541debb6c2b00e396b2e47be58b41aa9447e1b81252,"{""config"":""baseline_pauli"",""d"":7,""p"":0.013,""r_e"":0.0,""rounds"":7}",
      1024,       233,         0,   0.037,blind_mwpm,b12cb213102b7cb9ceb35f95245d7fe94feb945f6d99d34da79afb541c8cef5b,"{""config"":""baseline_pauli"",""d"":7,""p"":0.015,""r_e"":0.0,""rounds"":7}",
      1024,       160,         0,   0.031,herald_mwpm,3c171123aba850091ca2b4184d2fca931016b84254b112c7cab149bd48dec49c,"{""config"":""baseline_pauli"",""d"":7,""p"":0.013,""r_e"":0.0,""rounds"":7}",
      2048,       188,         0,   0.058,blind_mwpm,722b0021d81032b1b58ad947fcbd17d3265aa60ab87ac3e75847e635935d9fbc,"{""config"":""baseline_pauli"",""d"":7,""p"":0.011,""r_e"":0.0,""rounds"":7}",
      2048,       222,         0,   0.064,herald_mwpm,fea3184fe4e3254ecb07017cbfd232c400b2695a074e9d87ce5508acfdfa3933,"{""config"":""baseline_pauli"",""d"":7,""p"":0.011,""r_e"":0.0,""rounds"":7}",
      1024,       228,         0,   0.029,herald_mwpm,9c6c48b8233b78dc34c74c14686e43f35de1d8a695c5e952ba2d5cab840aaedd,"{""config"":""baseline_pauli"",""d"":7,""p"":0.015,""r_e"":0.0,""rounds"":7}",
      1024,       277,         0,   0.040,blind_mwpm,7c6127a380878c04affa0970f7e4a3fb26a48c1d43ba965fb3da55e89a032b62,"{""config"":""baseline_pauli"",""d"":7,""p"":0.017,""r_e"":0.0,""rounds"":7}",
      1024,       278,         0,   0.043,herald_mwpm,6352d6b9d7eac5415b181398765890fb88a9d40436d4db41a58e7190a29600ad,"{""config"":""baseline_pauli"",""d"":7,""p"":0.017,""r_e"":0.0,""rounds"":7}",
      1024,       253,         0,   0.043,blind_mwpm,b12cb213102b7cb9ceb35f95245d7fe94feb945f6d99d34da79afb541c8cef5b,"{""config"":""baseline_pauli"",""d"":7,""p"":0.015,""r_e"":0.0,""rounds"":7}",
      2048,       324,         0,   0.062,blind_mwpm,9f0d0a7f9b7da84c568a6541debb6c2b00e396b2e47be58b41aa9447e1b81252,"{""config"":""baseline_pauli"",""d"":7,""p"":0.013,""r_e"":0.0,""rounds"":7}",
      1024,       208,         0,   0.038,herald_mwpm,9c6c48b8233b78dc34c74c14686e43f35de1d8a695c5e952ba2d5cab840aaedd,"{""config"":""baseline_pauli"",""d"":7,""p"":0.015,""r_e"":0.0,""rounds"":7}",
      2048,       199,         0,   0.053,blind_mwpm,722b0021d81032b1b58ad947fcbd17d3265aa60ab87ac3e75847e635935d9fbc,"{""config"":""baseline_pauli"",""d"":7,""p"":0.011,""r_e"":0.0,""rounds"":7}",
      2048,       305,         0,   0.060,herald_mwpm,3c171123aba850091ca2b4184d2fca931016b84254b112c7cab149bd48dec49c,"{""config"":""baseline_pauli"",""d"":7,""p"":0.013,""r_e"":0.0,""rounds"":7}",
      1024,       267,         0,   0.041,herald_mwpm,6352d6b9d7eac5415b181398765890fb88a9d40436d4db41a58e7190a29600ad,"{""config"":""baseline_pauli"",""d"":7,""p"":0.017,""r_e"":0.0,""rounds"":7}",
      1024,       209,         0,   0.040,blind_mwpm,b12cb213102b7cb9ceb35f95245d7fe94feb945f6d99d34da79afb541c8cef5b,"{""config"":""baseline_pauli"",""d"":7,""p"":0.015,""r_e"":0.0,""rounds"":7}",
      1024,       268,         0,   0.057,blind_mwpm,7c6127a380878c04affa0970f7e4a3fb26a48c1d43ba965fb3da55e89a032b62,"{""config"":""baseline_pauli"",""d"":7,""p"":0.017,""r_e"":0.0,""rounds"":7}",
      1024,       149,         0,   0.029,blind_mwpm,9f0d0a7f9b7da84c568a6541debb6c2b00e396b2e47be58b41aa9447e1b81252,"{""config"":""baseline_pauli"",""d"":7,""p"":0.013,""r_e"":0.0,""rounds"":7}",
      3072,       297,         0,   0.072,herald_mwpm,fea3184fe4e3254ecb07017cbfd232c400b2695a074e9d87ce5508acfdfa3933,"{""config"":""baseline_pauli"",""d"":7,""p"":0.011,""r_e"":0.0,""rounds"":7}",
      1024,       226,         0,   0.037,herald_mwpm,9c6c48b8233b78dc34c74c14686e43f35de1d8a695c5e952ba2d5cab840aaedd,"{""config"":""baseline_pauli"",""d"":7,""p"":0.015,""r_e"":0.0,""rounds"":7}",
      1024,       291,         0,   0.040,herald_mwpm,6352d6b9d7eac5415b181398765890fb88a9d40436d4db41a58e7190a29600ad,"{""config"":""baseline_pauli"",""d"":7,""p"":0.017,""r_e"":0.0,""rounds"":7}",
      1024,       225,         0,   0.039,blind_mwpm,b12cb213102b7cb9ceb35f95245d7fe94feb945f6d99d34da79afb541c8cef5b,"{""config"":""baseline_pauli"",""d"":7,""p"":0.015,""r_e"":0.0,""rounds"":7}",
      1024,       289,         0,   0.041,blind_mwpm,7c6127a380878c04affa0970f7e4a3fb26a48c1d43ba965fb3da55e89a032b62,"{""config"":""baseline_pauli"",""d"":7,""p"":0.017,""r_e"":0.0,""rounds"":7}",
      2048,       314,         0,   0.059,herald_mwpm,3c171123aba850091ca2b4184d2fca931016b84254b112c7cab149bd48dec49c,"{""config"":""baseline_pauli"",""d"":7,""p"":0.013,""r_e"":0.0,""rounds"":7}",
      2048,       189,         0,   0.048,herald_mwpm,fea3184fe4e3254ecb07017cbfd232c400b2695a074e9d87ce5508acfdfa3933,"{""config"":""baseline_pauli"",""d"":7,""p"":0.011,""r_e"":0.0,""rounds"":7}",
      3072,       321,         0,   0.074,blind_mwpm,722b0021d81032b1b58ad947fcbd17d3265aa60ab87ac3e75847e635935d9fbc,"{""config"":""baseline_pauli"",""d"":7,""p"":0.011,""r_e"":0.0,""rounds"":7}",
      1024,       281,         0,   0.047,herald_mwpm,6352d6b9d7eac5415b181398765890fb88a9d40436d4db41a58e7190a29600ad,"{""config"":""baseline_pauli"",""d"":7,""p"":0.017,""r_e"":0.0,""rounds"":7}",
      1024,       305,         0,   0.033,blind_mwpm,7c6127a380878c04affa0970f7e4a3fb26a48c1d43ba965fb3da55e89a032b62,"{""config"":""baseline_pauli"",""d"":7,""p"":0.017,""r_e"":0.0,""rounds"":7}",
       273,        85,         0,   0.013,blind_mwpm,62f8c438497d6769375579e676228f2f47ee60cd0eb20b18f23ce8b9e6680ee3,"{""config"":""baseline_pauli"",""d"":7,""p"":0.019,""r_e"":0.0,""rounds"":7}",
       273,        78,         0,   0.018,herald_mwpm,7fe6c314119bd28ddc5fe8814fdcf1b7a5fff4c705468fcfa66470e921d9bf6e,"{""config"":""baseline_pauli"",""d"":7,""p"":0.019,""r_e"":0.0,""rounds"":7}",
      1024,       341,         0,   0.050,blind_mwpm,62f8c438497d6769375579e676228f2f47ee60cd0eb20b18f23ce8b9e6680ee3,"{""config"":""baseline_pauli"",""d"":7,""p"":0.019,""r_e"":0.0,""rounds"":7}",
      1024,       335,         0,   0.063,herald_mwpm,7fe6c314119bd28ddc5fe8814fdcf1b7a5fff4c705468fcfa66470e921d9bf6e,"{""config"":""baseline_pauli"",""d"":7,""p"":0.019,""r_e"":0.0,""rounds"":7}",
      1024,       323,         0,   0.050,blind_mwpm,62f8c438497d6769375579e676228f2f47ee60cd0eb20b18f23ce8b9e6680ee3,"{""config"":""baseline_pauli"",""d"":7,""p"":0.019,""r_e"":0.0,""rounds"":7}",
      1024,       353,         0,   0.055,herald_mwpm,7fe6c314119bd28ddc5fe8814fdcf1b7a5fff4c705468fcfa66470e921d9bf6e,"{""config"":""baseline_pauli"",""d"":7,""p"":0.019,""r_e"":0.0,""rounds"":7}",
       273,        23,         0,   0.020,blind_mwpm,e628c961588a34aaa3efdfa0608b20dc172c3dfdf459dbef282dd7c69ad2726b,"{""config"":""baseline_pauli"",""d"":9,""p"":0.011,""r_e"":0.0,""rounds"":9}",
      1024,       341,         0,   0.046,blind_mwpm,62f8c438497d6769375579e676228f2f47ee60cd0eb20b18f23ce8b9e6680ee3,"{""config"":""baseline_pauli"",""d"":7,""p"":0.019,""r_e"":0.0,""rounds"":7}",
      1024,       327,         0,   0.038,herald_mwpm,7fe6c314119bd28ddc5fe8814fdcf1b7a5fff4c705468fcfa66470e921d9bf6e,"{""config"":""baseline_pauli"",""d"":7,""p"":0.019,""r_e"":0.0,""rounds"":7}",
       273,        41,         0,   0.024,blind_mwpm,6fba3c0eae4a80b5a06d00a4c775cc9d876a81e1f2b314ca9b9e274a19f31261,"{""config"":""baseline_pauli"",""d"":9,""p"":0.013,""r_e"":0.0,""rounds"":9}",
       273,        52,         0,   0.025,herald_mwpm,69e7d52c040af553afb03b8f019c53895a00a506c7d2970d83d8d9a142f274ce,"{""config"":""baseline_pauli"",""d"":9,""p"":0.013,""r_e"":0.0,""rounds"":9}",
       273,        31,         0,   0.025,herald_mwpm,0ca1bfe96ef73f3081201d51894316be5a1ab68d3a0c7e6d25754a200aee3795,"{""config"":""baseline_pauli"",""d"":9,""p"":0.011,""r_e"":0.0,""rounds"":9}",
       273,        78,         0,   0.027,blind_mwpm,1c8197f5337495c0ccd3e95daea1d6806deabda975af73fb02f7b62b8aa56c9e,"{""config"":""baseline_pauli"",""d"":9,""p"":0.015,""r_e"":0.0,""rounds"":9}",
      1024,       109,         0,   0.060,blind_mwpm,e628c961588a34aaa3efdfa0608b20dc172c3dfdf459dbef282dd7c69ad2726b,"{""config"":""baseline_pauli"",""d"":9,""p"":0.011,""r_e"":0.0,""rounds"":9}",
       273,        78,         0,   0.033,herald_mwpm,1e81e49713bfe18aafe7c8ad0e4483d7eb99ce4812f37689a4c7db0ea375a34f,"{""config"":""baseline_pauli"",""d"":9,""p"":0.015,""r_e"":0.0,""rounds"":9}",
      1024,       108,         0,   0.061,herald_mwpm,0ca1bfe96ef73f3081201d51894316be5a1ab68d3a0c7e6d25754a200aee3795,"{""config"":""baseline_pauli"",""d"":9,""p"":0.011,""r_e"":0.0,""rounds"":9}",
      1024,       171,         0,   0.078,herald_mwpm,69e7d52c040af553afb03b8f019c53895a00a506c7d2970d83d8d9a142f274ce,"{""config"":""baseline_pauli"",""d"":9,""p"":0.013,""r_e"":0.0,""rounds"":9}",
      1024,       175,         0,   0.082,blind_mwpm,6fba3c0eae4a80b5a06d00a4c775cc9d876a81e1f2b314ca9b9e274a19f31261,"{""config"":""baseline_pauli"",""d"":9,""p"":0.013,""r_e"":0.0,""rounds"":9}",
      1024,       102,         0,   0.059,blind_mwpm,e628c961588a34aaa3efdfa0608b20dc172c3dfdf459dbef282dd7c69ad2726b,"{""config"":""baseline_pauli"",""d"":9,""p"":0.011,""r_e"":0.0,""rounds"":9}",
      1024,       250,         0,   0.102,blind_mwpm,1c8197f5337495c0ccd3e95daea1d6806deabda975af73fb02f7b62b8aa56c9e,"{""config"":""baseline_pauli"",""d"":9,""p"":0.015,""r_e"":0.0,""rounds"":9}",
      1024,       226,         0,   0.094,herald_mwpm,1e81e49713bfe18aafe7c8ad0e4483d7eb99ce4812f37689a4c7db0ea375a34f,"{""config"":""baseline_pauli"",""d"":9,""p"":0.015,""r_e"":0.0,""rounds"":9}",
      1024,       110,         0,   0.055,blind_mwpm,e628c961588a34aaa3efdfa0608b20dc172c3dfdf459dbef282dd7c69ad2726b,"{""config"":""baseline_pauli"",""d"":9,""p"":0.011,""r_e"":0.0,""rounds"":9}",
      1024,       124,         0,   0.066,herald_mwpm,0ca1bfe96ef73f3081201d51894316be5a1ab68d3a0c7e6d25754a200aee3795,"{""config"":""baseline_pauli"",""d"":9,""p"":0.011,""r_e"":0.0,""rounds"":9}",
      1024,       170,         0,   0.073,blind_mwpm,6fba3c0eae4a80b5a06d00a4c775cc9d876a81e1f2b314ca9b9e274a19f31261,"{""config"":""baseline_pauli"",""d"":9,""p"":0.013,""r_e"":0.0,""rounds"":9}",
      1024,       178,         0,   0.078,herald_mwpm,69e7d52c040af553afb03b8f019c53895a00a506c7d2970d83d8d9a142f274ce,"{""config"":""baseline_pauli"",""d"":9,""p"":0.013,""r_e"":0.0,""rounds"":9}",
      1024,       112,         0,   0.059,blind_mwpm,e628c961588a34aaa3efdfa0608b20dc172c3dfdf459dbef282dd7c69ad2726b,"{""config"":""baseline_pauli"",""d"":9,""p"":0.011,""r_e"":0.0,""rounds"":9}",
      1024,       267,         0,   0.088,blind_mwpm,1c8197f5337495c0ccd3e95daea1d6806deabda975af73fb02f7b62b8aa56c9e,"{""config"":""baseline_pauli"",""d"":9,""p"":0.015,""r_e"":0.0,""rounds"":9}",
      1024,       269,         0,   0.077,herald_mwpm,1e81e49713bfe18aafe7c8ad0e4483d7eb99ce4812f37689a4c7db0ea375a34f,"{""config"":""baseline_pauli"",""d"":9,""p"":0.015,""r_e"":0.0,""rounds"":9}",
       273,        85,         0,   0.032,blind_mwpm,11594293b0d5fd1d67c14099b6dcbd26f51786462e1d9c2133fedd45cf71986e,"{""config"":""baseline_pauli"",""d"":9,""p"":0.017,""r_e"":0.0,""rounds"":9}",
      1024,       178,         0,   0.068,blind_mwpm,6fba3c0eae4a80b5a06d00a4c775cc9d876a81e1f2b314ca9b9e274a19f31261,"{""config"":""baseline_pauli"",""d"":9,""p"":0.013,""r_e"":0.0,""rounds"":9}",
       273,       101,         0,   0.038,herald_mwpm,577a9ae3009a8982a2870a534ad2f6f8b943aaf547e022d0b97ae079abcb0d9e,"{""config"":""baseline_pauli"",""d"":9,""p"":0.017,""r_e"":0.0,""rounds"":9}",
      1024,       100,         0,   0.090,herald_mwpm,0ca1bfe96ef73f3081201d51894316be5a1ab68d3a0c7e6d25754a200aee3795,"{""config"":""baseline_pauli"",""d"":9,""p"":0.011,""r_e"":0.0,""rounds"":9}",
      1024,       174,         0,   0.094,herald_mwpm,69e7d52c040af553afb03b8f019c53895a00a506c7d2970d83d8d9a142f274ce,"{""config"":""baseline_pauli"",""d"":9,""p"":0.013,""r_e"":0.0,""rounds"":9}",
      1024,        96,         0,   0.060,blind_mwpm,e628c961588a34aaa3efdfa0608b20dc172c3dfdf459dbef282dd7c69ad2726b,"{""config"":""baseline_pauli"",""d"":9,""p"":0.011,""r_e"":0.0,""rounds"":9}",
      1024,       281,         0,   0.080,blind_mwpm,1c8197f5337495c0ccd3e95daea1d6806deabda975af73fb02f7b62b8aa56c9e,"{""config"":""baseline_pauli"",""d"":9,""p"":0.015,""r_e"":0.0,""rounds"":9}",
      1024,       289,         0,   0.088,herald_mwpm,1e81e49713bfe18aafe7c8ad0e4483d7eb99ce4812f37689a4c7db0ea375a34f,"{""config"":""baseline_pauli"",""d"":9,""p"":0.015,""r_e"":0.0,""rounds"":9}",
      1024,       192,         0,   0.074,blind_mwpm,6fba3c0eae4a80b5a06d00a4c775cc9d876a81e1f2b314ca9b9e274a19f31261,"{""config"":""baseline_pauli"",""d"":9,""p"":0.013,""r_e"":0.0,""rounds"":9}",
      1024,       109,         0,   0.074,herald_mwpm,0ca1bfe96ef73f3081201d51894316be5a1ab68d3a0c7e6d25754a200aee3795,"{""config"":""baseline_pauli"",""d"":9,""p"":0.011,""r_e"":0.0,""rounds"":9}",
      1024,       183,         0,   0.071,herald_mwpm,69e7d52c040af553afb03b8f019c53895a00a506c7d2970d83d8d9a142f274ce,"{""config"":""baseline_pauli"",""d"":9,""p"":0.013,""r_e"":0.0,""rounds"":9}",
      1024,       333,         0,   0.118,blind_mwpm,11594293b0d5fd1d67c14099b6dcbd26f51786462e1d9c2133fedd45cf71986e,"{""config"":""baseline_pauli"",""d"":9,""p"":0.017,""r_e"":0.0,""rounds"":9}",
      1024,       365,         0,   0.108,herald_mwpm,577a9ae3009a8982a2870a534ad2f6f8b943aaf547e022d0b97ae079abcb0d9e,"{""config"":""baseline_pauli"",""d"":9,""p"":0.017,""r_e"":0.0,""rounds"":9}",
      1024,       113,         0,   0.066,herald_mwpm,0ca1bfe96ef73f3081201d51894316be5a1ab68d3a0c7e6d25754a200aee3795,"{""config"":""baseline_pauli"",""d"":9,""p"":0.011,""r_e"":0.0,""rounds"":9}",
      2048,       226,         0,   0.117,blind_mwpm,e628c961588a34aaa3efdfa0608b20dc172c3dfdf459dbef282dd7c69ad2726b,"{""config"":""baseline_pauli"",""d"":9,""p"":0.011,""r_e"":0.0,""rounds"":9}",
      1024,       262,         0,   0.083,herald_mwpm,1e81e49713bfe18aafe7c8ad0e4483d7eb99ce4812f37689a4c7db0ea375a34f,"{""config"":""baseline_pauli"",""d"":9,""p"":0.015,""r_e"":0.0,""rounds"":9}",
      1024,       269,         0,   0.102,blind_mwpm,1c8197f5337495c0ccd3e95daea1d6806deabda975af73fb02f7b62b8aa56c9e,"{""config"":""baseline_pauli"",""d"":9,""p"":0.015,""r_e"":0.0,""rounds"":9}",
      1024,       177,         0,   0.087,blind_mwpm,6fba3c0eae4a80b5a06d00a4c775cc9d876a81e1f2b314ca9b9e274a19f31261,"{""config"":""baseline_pauli"",""d"":9,""p"":0.013,""r_e"":0.0,""rounds"":9}",
      1024,       168,         0,   0.087,herald_mwpm,69e7d52c040af553afb03b8f019c53895a00a506c7d2970d83d8d9a142f274ce,"{""config"":""baseline_pauli"",""d"":9,""p"":0.013,""r_e"":0.0,""rounds"":9}",
      1024,       362,         0,   0.095,blind_mwpm,11594293b0d5fd1d67c14099b6dcbd26f51786462e1d9c2133fedd45cf71986e,"{""config"":""baseline_pauli"",""d"":9,""p"":0.017,""r_e"":0.0,""rounds"":9}",
      1024,       329,         0,   0.101,herald_mwpm,577a9ae3009a8982a2870a534ad2f6f8b943aaf547e022d0b97ae079abcb0d9e,"{""config"":""baseline_pauli"",""d"":9,""p"":0.017,""r_e"":0.0,""rounds"":9}",
      1024,       195,         0,   0.089,blind_mwpm,6fba3c0eae4a80b5a06d00a4c775cc9d876a81e1f2b314ca9b9e274a19f31261,"{""config"":""baseline_pauli"",""d"":9,""p"":0.013,""r_e"":0.0,""rounds"":9}",
      2048,       211,         0,   0.124,herald_mwpm,0ca1bfe96ef73f3081201d51894316be5a1ab68d3a0c7e6d25754a200aee3795,"{""config"":""baseline_pauli"",""d"":9,""p"":0.011,""r_e"":0.0,""rounds"":9}",
      2048,       220,         0,   0.122,blind_mwpm,e628c961588a34aaa3efdfa0608b20dc172c3dfdf459dbef282dd7c69ad2726b,"{""config"":""baseline_pauli"",""d"":9,""p"":0.011,""r_e"":0.0,""rounds"":9}",
      1024,       168,         0,   0.097,herald_mwpm,69e7d52c040af553afb03b8f019c53895a00a506c7d2970d83d8d9a142f274ce,"{""config"":""baseline_pauli"",""d"":9,""p"":0.013,""r_e"":0.0,""rounds"":9}",
      1024,       361,         0,   0.110,blind_mwpm,11594293b0d5fd1d67c14099b6dcbd26f51786462e1d9c2133fedd45cf71986e,"{""config"":""baseline_pauli"",""d"":9,""p"":0.017,""r_e"":0.0,""rounds"":9}",
      1024,       338,         0,   0.104,herald_mwpm,577a9ae3009a8982a2870a534ad2f6f8b943aaf547e022d0b97ae079abcb0d9e,"{""config"":""baseline_pauli"",""d"":9,""p"":0.017,""r_e"":0.0,""rounds"":9}",
      1024,       102,         0,   0.075,blind_mwpm,e628c961588a34aaa3efdfa0608b20dc172c3dfdf459dbef282dd7c69ad2726b,"{""config"":""baseline_pauli"",""d"":9,""p"":0.011,""r_e"":0.0,""rounds"":9}",
       273,        97,         0,   0.044,blind_mwpm,8d355a72d34cde165a55ef4adccf7049c4409ef799796314c36c53e36f4f7588,"{""config"":""baseline_pauli"",""d"":9,""p"":0.019,""r_e"":0.0,""rounds"":9}",
      2048,       199,         0,   0.133,herald_mwpm,0ca1bfe96ef73f3081201d51894316be5a1ab68d3a0c7e6d25754a200aee3795,"{""config"":""baseline_pauli"",""d"":9,""p"":0.011,""r_e"":0.0,""rounds"":9}",
       273,       129,         0,   0.040,herald_mwpm,f77843f185d8d3f1912b4c5749d1d1043d91059a22a64e68d9126cae39d174d3,"{""config"":""baseline_pauli"",""d"":9,""p"":0.019,""r_e"":0.0,""rounds"":9}",
      1024,       118,         0,   0.057,herald_mwpm,0ca1bfe96ef73f3081201d51894316be5a1ab68d3a0c7e6d25754a200aee3795,"{""config"":""baseline_pauli"",""d"":9,""p"":0.011,""r_e"":0.0,""rounds"":9}",
      1024,       412,         0,   0.124,herald_mwpm,f77843f185d8d3f1912b4c5749d1d1043d91059a22a64e68d9126cae39d174d3,"{""config"":""baseline_pauli"",""d"":9,""p"":0.019,""r_e"":0.0,""rounds"":9}",
        17,         1,         0,   0.012,herald_mwpm,1d6b7300e30aa8091dd3586f45df5aba7822e306aee6035fe7fe93e0056200c1,"{""config"":""baseline_pauli"",""d"":11,""p"":0.011,""r_e"":0.0,""rounds"":11}",
      1024,       405,         0,   0.157,blind_mwpm,8d355a72d34cde165a55ef4adccf7049c4409ef799796314c36c53e36f4f7588,"{""config"":""baseline_pauli"",""d"":9,""p"":0.019,""r_e"":0.0,""rounds"":9}",
       256,        29,         0,   0.037,herald_mwpm,1d6b7300e30aa8091dd3586f45df5aba7822e306aee6035fe7fe93e0056200c1,"{""config"":""baseline_pauli"",""d"":11,""p"":0.011,""r_e"":0.0,""rounds"":11}",
        17,         5,         0,   0.011,blind_mwpm,aaaae0b0ed68986d9f66efc804c30c98f63dfef93a5c8c84164d9bbece2d1941,"{""config"":""baseline_pauli"",""d"":11,""p"":0.011,""r_e"":0.0,""rounds"":11}",
       256,        23,         0,   0.034,blind_mwpm,aaaae0b0ed68986d9f66efc804c30c98f63dfef93a5c8c84164d9bbece2d1941,"{""config"":""baseline_pauli"",""d"":11,""p"":0.011,""r_e"":0.0,""rounds"":11}",
      1024,       400,         0,   0.120,herald_mwpm,f77843f185d8d3f1912b4c5749d1d1043d91059a22a64e68d9126cae39d174d3,"{""config"":""baseline_pauli"",""d"":9,""p"":0.019,""r_e"":0.0,""rounds"":9}",
      1024,       393,         0,   0.116,blind_mwpm,8d355a72d34cde165a55ef4adccf7049c4409ef799796314c36c53e36f4f7588,"{""config"":""baseline_pauli"",""d"":9,""p"":0.019,""r_e"":0.0,""rounds"":9}",
        17,         5,         0,   0.011,herald_mwpm,b5ef60e14512e9e95520188f779a211a886692ceac5f6d5618a8890abc93c778,"{""config"":""baseline_pauli"",""d"":11,""p"":0.013,""r_e"":0.0,""rounds"":11}",
        17,         7,         0,   0.011,blind_mwpm,7c0bf1402aecc3b7ec6b7a4fb0af493234b61777fb62e30d624c251b094bcbd4,"{""config"":""baseline_pauli"",""d"":11,""p"":0.013,""r_e"":0.0,""rounds"":11}",
       256,        59,         0,   0.033,blind_mwpm,7c0bf1402aecc3b7ec6b7a4fb0af493234b61777fb62e30d624c251b094bcbd4,"{""config"":""baseline_pauli"",""d"":11,""p"":0.013,""r_e"":0.0,""rounds"":11}",
       256,        51,         0,   0.057,herald_mwpm,b5ef60e14512e9e95520188f779a211a886692ceac5f6d5618a8890abc93c778,"{""config"":""baseline_pauli"",""d"":11,""p"":0.013,""r_e"":0.0,""rounds"":11}",
        17,         6,         0,   0.013,herald_mwpm,50cd3340ebc644630e199d97682900e35ebfc4f7f0fed9f7d2708f3cd8ed537d,"{""config"":""baseline_pauli"",""d"":11,""p"":0.015,""r_e"":0.0,""rounds"":11}",
      1024,       109,         0,   0.164,herald_mwpm,1d6b7300e30aa8091dd3586f45df5aba7822e306aee6035fe7fe93e0056200c1,"{""config"":""baseline_pauli"",""d"":11,""p"":0.011,""r_e"":0.0,""rounds"":11}",
      1024,       393,         0,   0.105,blind_mwpm,8d355a72d34cde165a55ef4adccf7049c4409ef799796314c36c53e36f4f7588,"{""config"":""baseline_pauli"",""d"":9,""p"":0.019,""r_e"":0.0,""rounds"":9}",
        17,         3,         0,   0.011,blind_mwpm,a0a65f03adfac43a7057e7d8786bbfbc6c6b447dd9aa329b9c7778e13f6a0526,"{""config"":""baseline_pauli"",""d"":11,""p"":0.015,""r_e"":0.0,""rounds"":11}",
       256,        71,         0,   0.047,herald_mwpm,50cd3340ebc644630e199d97682900e35ebfc4f7f0fed9f7d2708f3cd8ed537d,"{""config"":""baseline_pauli"",""d"":11,""p"":0.015,""r_e"":0.0,""rounds"":11}",
      1024,       118,         0,   0.153,blind_mwpm,aaaae0b0ed68986d9f66efc804c30c98f63dfef93a5c8c84164d9bbece2d1941,"{""config"":""baseline_pauli"",""d"":11,""p"":0.011,""r_e"":0.0,""rounds"":11}",
      1024,       427,         0,   0.141,herald_mwpm,f77843f185d8d3f1912b4c5749d1d1043d91059a22a64e68d9126cae39d174d3,"{""config"":""baseline_pauli"",""d"":9,""p"":0.019,""r_e"":0.0,""rounds"":9}",
       256,        85,         0,   0.049,blind_mwpm,a0a65f03adfac43a7057e7d8786bbfbc6c6b447dd9aa329b9c7778e13f6a0526,"{""config"":""baseline_pauli"",""d"":11,""p"":0.015,""r_e"":0.0,""rounds"":11}",
      1024,       212,         0,   0.153,blind_mwpm,7c0bf1402aecc3b7ec6b7a4fb0af493234b61777fb62e30d624c251b094bcbd4,"{""config"":""baseline_pauli"",""d"":11,""p"":0.013,""r_e"":0.0,""rounds"":11}",
      1024,       108,         0,   0.130,herald_mwpm,1d6b7300e30aa8091dd3586f45df5aba7822e306aee6035fe7fe93e0056200c1,"{""config"":""baseline_pauli"",""d"":11,""p"":0.011,""r_e"":0.0,""rounds"":11}",
      1024,       218,         0,   0.187,herald_mwpm,b5ef60e14512e9e95520188f779a211a886692ceac5f6d5618a8890abc93c778,"{""config"":""baseline_pauli"",""d"":11,""p"":0.013,""r_e"":0.0,""rounds"":11}",
      1024,       112,         0,   0.129,blind_mwpm,aaaae0b0ed68986d9f66efc804c30c98f63dfef93a5c8c84164d9bbece2d1941,"{""config"":""baseline_pauli"",""d"":11,""p"":0.011,""r_e"":0.0,""rounds"":11}",
      1024,       321,         0,   0.190,herald_mwpm,50cd3340ebc644630e199d97682900e35ebfc4f7f0fed9f7d2708f3cd8ed537d,"{""config"":""baseline_pauli"",""d"":11,""p"":0.015,""r_e"":0.0,""rounds"":11}",
      1024,       131,         0,   0.110,herald_mwpm,1d6b7300e30aa8091dd3586f45df5aba7822e306aee6035fe7fe93e0056200c1,"{""config"":""baseline_pauli"",""d"":11,""p"":0.011,""r_e"":0.0,""rounds"":11}",
      1024,       325,         0,   0.193,blind_mwpm,a0a65f03adfac43a7057e7d8786bbfbc6c6b447dd9aa329b9c7778e13f6a0526,"{""config"":""baseline_pauli"",""d"":11,""p"":0.015,""r_e"":0.0,""rounds"":11}",
      1024,       230,         0,   0.159,blind_mwpm,7c0bf1402aecc3b7ec6b7a4fb0af493234b61777fb62e30d624c251b094bcbd4,"{""config"":""baseline_pauli"",""d"":11,""p"":0.013,""r_e"":0.0,""rounds"":11}",
      1024,       113,         0,   0.121,blind_mwpm,aaaae0b0ed68986d9f66efc804c30c98f63dfef93a5c8c84164d9bbece2d1941,"{""config"":""baseline_pauli"",""d"":11,""p"":0.011,""r_e"":0.0,""rounds"":11}",
      1024,       214,         0,   0.169,herald_mwpm,b5ef60e14512e9e95520188f779a211a886692ceac5f6d5618a8890abc93c778,"{""config"":""baseline_pauli"",""d"":11,""p"":0.013,""r_e"":0.0,""rounds"":11}",
      1024,       110,         0,   0.126,herald_mwpm,1d6b7300e30aa8091dd3586f45df5aba7822e306aee6035fe7fe93e0056200c1,"{""config"":""baseline_pauli"",""d"":11,""p"":0.011,""r_e"":0.0,""rounds"":11}",
         1,         1,         0,   0.011,blind_mwpm,8b32dde070f792940fbbd5a111c72f414d9b9db9848625636ea23b2723dd848c,"{""config"":""baseline_pauli"",""d"":11,""p"":0.017,""r_e"":0.0,""rounds"":11}",
      1024,       299,         0,   0.188,herald_mwpm,50cd3340ebc644630e199d97682900e35ebfc4f7f0fed9f7d2708f3cd8ed537d,"{""config"":""baseline_pauli"",""d"":11,""p"":0.015,""r_e"":0.0,""rounds"":11}",
        17,         9,         0,   0.012,herald_mwpm,b249465cb1e7ab0ef6b819f29e4d99ff6c5e20892d9a9779659d9ac26696cbbb,"{""config"":""baseline_pauli"",""d"":11,""p"":0.017,""r_e"":0.0,""rounds"":11}",
      1024,       230,         0,   0.152,blind_mwpm,7c0bf1402aecc3b7ec6b7a4fb0af493234b61777fb62e30d624c251b094bcbd4,"{""config"":""baseline_pauli"",""d"":11,""p"":0.013,""r_e"":0.0,""rounds"":11}",
      1024,       116,         0,   0.134,blind_mwpm,aaaae0b0ed68986d9f66efc804c30c98f63dfef93a5c8c84164d9bbece2d1941,"{""config"":""baseline_pauli"",""d"":11,""p"":0.011,""r_e"":0.0,""rounds"":11}",
      1024,       308,         0,   0.207,blind_mwpm,a0a65f03adfac43a7057e7d8786bbfbc6c6b447dd9aa329b9c7778e13f6a0526,"{""config"":""baseline_pauli"",""d"":11,""p"":0.015,""r_e"":0.0,""rounds"":11}",
       256,       107,         0,   0.052,herald_mwpm,b249465cb1e7ab0ef6b819f29e4d99ff6c5e20892d9a9779659d9ac26696cbbb,"{""config"":""baseline_pauli"",""d"":11,""p"":0.017,""r_e"":0.0,""rounds"":11}",
       272,       106,         0,   0.072,blind_mwpm,8b32dde070f792940fbbd5a111c72f414d9b9db9848625636ea23b2723dd848c,"{""config"":""baseline_pauli"",""d"":11,""p"":0.017,""r_e"":0.0,""rounds"":11}",
      1024,       119,         0,   0.123,herald_mwpm,1d6b7300e30aa8091dd3586f45df5aba7822e306aee6035fe7fe93e0056200c1,"{""config"":""baseline_pauli"",""d"":11,""p"":0.011,""r_e"":0.0,""rounds"":11}",
      1024,       228,         0,   0.176,herald_mwpm,b5ef60e14512e9e95520188f779a211a886692ceac5f6d5618a8890abc93c778,"{""config"":""baseline_pauli"",""d"":11,""p"":0.013,""r_e"":0.0,""rounds"":11}",
      1024,       117,         0,   0.114,blind_mwpm,aaaae0b0ed68986d9f66efc804c30c98f63dfef93a5c8c84164d9bbece2d1941,"{""config"":""baseline_pauli"",""d"":11,""p"":0.011,""r_e"":0.0,""rounds"":11}",
      1024,       202,         0,   0.157,blind_mwpm,7c0bf1402aecc3b7ec6b7a4fb0af493234b61777fb62e30d624c251b094bcbd4,"{""config"":""baseline_pauli"",""d"":11,""p"":0.013,""r_e"":0.0,""rounds"":11}",
      1024,       315,         0,   0.193,herald_mwpm,50cd3340ebc644630e199d97682900e35ebfc4f7f0fed9f7d2708f3cd8ed537d,"{""config"":""baseline_pauli"",""d"":11,""p"":0.015,""r_e"":0.0,""rounds"":11}",
      1024,        87,         0,   0.145,herald_mwpm,1d6b7300e30aa8091dd3586f45df5aba7822e306aee6035fe7fe93e0056200c1,"{""config"":""baseline_pauli"",""d"":11,""p"":0.011,""r_e"":0.0,""rounds"":11}",
      1024,       214,         0,   0.151,herald_mwpm,b5ef60e14512e9e95520188f779a211a886692ceac5f6d5618a8890abc93c778,"{""config"":""baseline_pauli"",""d"":11,""p"":0.013,""r_e"":0.0,""rounds"":11}",
      1024,       315,         0,   0.196,blind_mwpm,a0a65f03adfac43a7057e7d8786bbfbc6c6b447dd9aa329b9c7778e13f6a0526,"{""config"":""baseline_pauli"",""d"":11,""p"":0.015,""r_e"":0.0,""rounds"":11}",
      1024,       113,         0,   0.124,blind_mwpm,aaaae0b0ed68986d9f66efc804c30c98f63dfef93a5c8c84164d9bbece2d1941,"{""config"":""baseline_pauli"",""d"":11,""p"":0.011,""r_e"":0.0,""rounds"":11}",
      1024,       394,         0,   0.224,blind_mwpm,8b32dde070f792940fbbd5a111c72f414d9b9db9848625636ea23b2723dd848c,"{""config"":""baseline_pauli"",""d"":11,""p"":0.017,""r_e"":0.0,""rounds"":11}",
      1024,       422,         0,   0.237,herald_mwpm,b249465cb1e7ab0ef6b819f29e4d99ff6c5e20892d9a9779659d9ac26696cbbb,"{""config"":""baseline_pauli"",""d"":11,""p"":0.017,""r_e"":0.0,""rounds"":11}",
      1024,       205,         0,   0.156,blind_mwpm,7c0bf1402aecc3b7ec6b7a4fb0af493234b61777fb62e30d624c251b094bcbd4,"{""config"":""baseline_pauli"",""d"":11,""p"":0.013,""r_e"":0.0,""rounds"":11}",
      1024,       210,         0,   0.170,herald_mwpm,b5ef60e14512e9e95520188f779a211a886692ceac5f6d5618a8890abc93c778,"{""config"":""baseline_pauli"",""d"":11,""p"":0.013,""r_e"":0.0,""rounds"":11}",
      2048,       206,         0,   0.272,herald_mwpm,1d6b7300e30aa8091dd3586f45df5aba7822e306aee6035fe7fe93e0056200c1,"{""config"":""baseline_pauli"",""d"":11,""p"":0.011,""r_e"":0.0,""rounds"":11}",
      1024,       404,         0,   0.222,herald_mwpm,b249465cb1e7ab0ef6b819f29e4d99ff6c5e20892d9a9779659d9ac26696cbbb,"{""config"":""baseline_pauli"",""d"":11,""p"":0.017,""r_e"":0.0,""rounds"":11}",
      1024,       388,         0,   0.239,blind_mwpm,8b32dde070f792940fbbd5a111c72f414d9b9db9848625636ea23b2723dd848c,"{""config"":""baseline_pauli"",""d"":11,""p"":0.017,""r_e"":0.0,""rounds"":11}",
      2048,       236,         0,   0.277,blind_mwpm,aaaae0b0ed68986d9f66efc804c30c98f63dfef93a5c8c84164d9bbece2d1941,"{""config"":""baseline_pauli"",""d"":11,""p"":0.011,""r_e"":0.0,""rounds"":11}",
        17,         8,         0,   0.011,blind_mwpm,1fb0ea4962fd5f6c47c29a9d4b7a8c76adaf85a8d20fafb7b424d02c85836692,"{""config"":""baseline_pauli"",""d"":11,""p"":0.019,""r_e"":0.0,""rounds"":11}",
        17,         7,         0,   0.012,herald_mwpm,3a7eb62a0cad2b6461d384bf1d6af78f19add2db4a8804d77b9e2dd0ee37548c,"{""config"":""baseline_pauli"",""d"":11,""p"":0.019,""r_e"":0.0,""rounds"":11}",
       256,       103,         0,   0.069,blind_mwpm,1fb0ea4962fd5f6c47c29a9d4b7a8c76adaf85a8d20fafb7b424d02c85836692,"{""config"":""baseline_pauli"",""d"":11,""p"":0.019,""r_e"":0.0,""rounds"":11}",
      1024,       118,         0,   0.145,herald_mwpm,1d6b7300e30aa8091dd3586f45df5aba7822e306aee6035fe7fe93e0056200c1,"{""config"":""baseline_pauli"",""d"":11,""p"":0.011,""r_e"":0.0,""rounds"":11}",
       256,       120,         0,   0.069,herald_mwpm,3a7eb62a0cad2b6461d384bf1d6af78f19add2db4a8804d77b9e2dd0ee37548c,"{""config"":""baseline_pauli"",""d"":11,""p"":0.019,""r_e"":0.0,""rounds"":11}",
      1024,       117,         0,   0.111,blind_mwpm,aaaae0b0ed68986d9f66efc804c30c98f63dfef93a5c8c84164d9bbece2d1941,"{""config"":""baseline_pauli"",""d"":11,""p"":0.011,""r_e"":0.0,""rounds"":11}",
      1024,       390,         0,   0.195,blind_mwpm,8b32dde070f792940fbbd5a111c72f414d9b9db9848625636ea23b2723dd848c,"{""config"":""baseline_pauli"",""d"":11,""p"":0.017,""r_e"":0.0,""rounds"":11}",
      1024,       405,         0,   0.209,herald_mwpm,b249465cb1e7ab0ef6b819f29e4d99ff6c5e20892d9a9779659d9ac26696cbbb,"{""config"":""baseline_pauli"",""d"":11,""p"":0.017,""r_e"":0.0,""rounds"":11}",
      1024,       444,         0,   0.215,blind_mwpm,1fb0ea4962fd5f6c47c29a9d4b7a8c76adaf85a8d20fafb7b424d02c85836692,"{""config"":""baseline_pauli"",""d"":11,""p"":0.019,""r_e"":0.0,""rounds"":11}",
      1024,       448,         0,   0.222,herald_mwpm,3a7eb62a0cad2b6461d384bf1d6af78f19add2db4a8804d77b9e2dd0ee37548c,"{""config"":""baseline_pauli"",""d"":11,""p"":0.019,""r_e"":0.0,""rounds"":11}",
        17,         5,         0,   0.009,herald_mwpm,3a7eb62a0cad2b6461d384bf1d6af78f19add2db4a8804d77b9e2dd0ee37548c,"{""config"":""baseline_pauli"",""d"":11,""p"":0.019,""r_e"":0.0,""rounds"":11}",
      1024,       446,         0,   0.255,blind_mwpm,1fb0ea4962fd5f6c47c29a9d4b7a8c76adaf85a8d20fafb7b424d02c85836692,"{""config"":""baseline_pauli"",""d"":11,""p"":0.019,""r_e"":0.0,""rounds"":11}",
      1024,       460,         0,   0.246,herald_mwpm,3a7eb62a0cad2b6461d384bf1d6af78f19add2db4a8804d77b9e2dd0ee37548c,"{""config"":""baseline_pauli"",""d"":11,""p"":0.019,""r_e"":0.0,""rounds"":11}",
       256,        93,         0,   0.060,herald_mwpm,3a7eb62a0cad2b6461d384bf1d6af78f19add2db4a8804d77b9e2dd0ee37548c,"{""config"":""baseline_pauli"",""d"":11,""p"":0.019,""r_e"":0.0,""rounds"":11}",
