     shots,    errors,  discards, seconds,decoder,strong_id,json_metadata,custom_counts
      4369,         5,         0,   0.010,blind_mwpm,0ebb19866f4ba479349f752983be8205ffe7fe67cad03a780a72bca3d65f7cc6,"{""config"":""erasure_r50"",""d"":3,""p"":0.001,""r_e"":0.5,""rounds"":3}",
      5393,        11,         0,   0.009,blind_mwpm,01b3905bd962662a440b0d052a16ec023f61ecbeccf404f0f582a2c9c99dddbd,"{""config"":""erasure_r50"",""d"":3,""p"":0.0014677992676220691,""r_e"":0.5,""rounds"":3}",
       273,         0,         0,   0.009,herald_mwpm,74ca0bd2b4524eb8e05724605c51245df32f71bd4b900b26b3effba6a58134dc,"{""config"":""erasure_r50"",""d"":3,""p"":0.001,""r_e"":0.5,""rounds"":3}",
       273,         1,         0,   0.015,herald_mwpm,598619793ab11a84ccb4ee6e10f9a4c8d0ae0be55919733e28dc416913cee39e,"{""config"":""erasure_r50"",""d"":3,""p"":0.0031622776601683794,""r_e"":0.5,""rounds"":3}",
      6417,        17,         0,   0.009,blind_mwpm,6e5a4ac2ccb4563033a18624d5c27a70e1286b698d77d03607a1cc3afad82413,"{""config"":""erasure_r50"",""d"":3,""p"":0.0021544346900318843,""r_e"":0.5,""rounds"":3}",
      1297,         0,         0,   0.018,herald_mwpm,162b3b6367bfdac10954b563c3b03050cdc3e4d9581f9d29d0322c5fef08dccf,"{""config"":""erasure_r50"",""d"":3,""p"":0.0014677992676220691,""r_e"":0.5,""rounds"":3}",
     13312,         9,         0,   0.013,blind_mwpm,0ebb19866f4ba479349f752983be8205ffe7fe67cad03a780a72bca3d65f7cc6,"{""config"":""erasure_r50"",""d"":3,""p"":0.001,""r_e"":0.5,""rounds"":3}",
      2048,         1,         0,   0.014,herald_mwpm,74ca0bd2b4524eb8e05724605c51245df32f71bd4b900b26b3effba6a58134dc,"{""config"":""erasure_r50"",""d"":3,""p"":0.001,""r_e"":0.5,""rounds"":3}",
     11264,        21,         0,   0.013,blind_mwpm,01b3905bd962662a440b0d052a16ec023f61ecbeccf404f0f582a2c9c99dddbd,"{""config"":""erasure_r50"",""d"":3,""p"":0.0014677992676220691,""r_e"":0.5,""rounds"":3}",
      1297,         1,         0,   0.016,herald_mwpm,ad0bfc571e2ef2f58042f8be2a3eb605d1fa4bdb0eaf50e9841bf0e57d0c2158,"{""config"":""erasure_r50"",""d"":3,""p"":0.0021544346900318843,""r_e"":0.5,""rounds"":3}",
      1024,         6,         0,   0.016,herald_mwpm,598619793ab11a84ccb4ee6e10f9a4c8d0ae0be55919733e28dc416913cee39e,"{""config"":""erasure_r50"",""d"":3,""p"":0.0031622776601683794,""r_e"":0.5,""rounds"":3}",
     11264,        37,         0,   0.013,blind_mwpm,6e5a4ac2ccb4563033a18624d5c27a70e1286b698d77d03607a1cc3afad82413,"{""config"":""erasure_r50"",""d"":3,""p"":0.0021544346900318843,""r_e"":0.5,""rounds"":3}",
      1024,         3,         0,   0.017,herald_mwpm,162b3b6367bfdac10954b563c3b03050cdc3e4d9581f9d29d0322c5fef08dccf,"{""config"":""erasure_r50"",""d"":3,""p"":0.0014677992676220691,""r_e"":0.5,""rounds"":3}",
      1024,         7,         0,   0.014,herald_mwpm,ad0bfc571e2ef2f58042f8be2a3eb605d1fa4bdb0eaf50e9841bf0e57d0c2158,"{""config"":""erasure_r50"",""d"":3,""p"":0.0021544346900318843,""r_e"":0.5,""rounds"":3}",
     15360,        11,         0,   0.018,blind_mwpm,0ebb19866f4ba479349f752983be8205ffe7fe67cad03a780a72bca3d65f7cc6,"{""config"":""erasure_r50"",""d"":3,""p"":0.001,""r_e"":0.5,""rounds"":3}",
     15360,        23,         0,   0.018,blind_mwpm,01b3905bd962662a440b0d052a16ec023f61ecbeccf404f0f582a2c9c99dddbd,"{""config"":""erasure_r50"",""d"":3,""p"":0.0014677992676220691,""r_e"":0.5,""rounds"":3}",
      3072,         3,         0,   0.020,herald_mwpm,74ca0bd2b4524eb8e05724605c51245df32f71bd4b900b26b3effba6a58134dc,"{""config"":""erasure_r50"",""d"":3,""p"":0.001,""r_e"":0.5,""rounds"":3}",
      1024,        10,         0,   0.020,herald_mwpm,598619793ab11a84ccb4ee6e10f9a4c8d0ae0be55919733e28dc416913cee39e,"{""config"":""erasure_r50"",""d"":3,""p"":0.0031622776601683794,""r_e"":0.5,""rounds"":3}",
     16384,        78,         0,   0.018,blind_mwpm,6e5a4ac2ccb4563033a18624d5c27a70e1286b698d77d03607a1cc3afad82413,"{""config"":""erasure_r50"",""d"":3,""p"":0.0021544346900318843,""r_e"":0.5,""rounds"":3}",
      3072,         3,         0,   0.027,herald_mwpm,162b3b6367bfdac10954b563c3b03050cdc3e4d9581f9d29d0322c5fef08dccf,"{""config"":""erasure_r50"",""d"":3,""p"":0.0014677992676220691,""r_e"":0.5,""rounds"":3}",
     24576,        35,         0,   0.025,blind_mwpm,0ebb19866f4ba479349f752983be8205ffe7fe67cad03a780a72bca3d65f7cc6,"{""config"":""erasure_r50"",""d"":3,""p"":0.001,""r_e"":0.5,""rounds"":3}",
     21504,        45,         0,   0.024,blind_mwpm,01b3905bd962662a440b0d052a16ec023f61ecbeccf404f0f582a2c9c99dddbd,"{""config"":""erasure_r50"",""d"":3,""p"":0.0014677992676220691,""r_e"":0.5,""rounds"":3}",
      2048,         2,         0,   0.032,herald_mwpm,ad0bfc571e2ef2f58042f8be2a3eb605d1fa4bdb0eaf50e9841bf0e57d0c2158,"{""config"":""erasure_r50"",""d"":3,""p"":0.0021544346900318843,""r_e"":0.5,""rounds"":3}",
      4096,         4,         0,   0.028,herald_mwpm,74ca0bd2b4524eb8e05724605c51245df32f71bd4b900b26b3effba6a58134dc,"{""config"":""erasure_r50"",""d"":3,""p"":0.001,""r_e"":0.5,""rounds"":3}",
      2048,         9,         0,   0.031,herald_mwpm,598619793ab11a84ccb4ee6e10f9a4c8d0ae0be55919733e28dc416913cee39e,"{""config"":""erasure_r50"",""d"":3,""p"":0.0031622776601683794,""r_e"":0.5,""rounds"":3}",
     24576,        85,         0,   0.027,blind_mwpm,6e5a4ac2ccb4563033a18624d5c27a70e1286b698d77d03607a1cc3afad82413,"{""config"":""erasure_r50"",""d"":3,""p"":0.0021544346900318843,""r_e"":0.5,""rounds"":3}",
      4096,         5,         0,   0.033,herald_mwpm,162b3b6367bfdac10954b563c3b03050cdc3e4d9581f9d29d0322c5fef08dccf,"{""config"":""erasure_r50"",""d"":3,""p"":0.0014677992676220691,""r_e"":0.5,""rounds"":3}",
     42383,        31,         0,   0.028,blind_mwpm,0ebb19866f4ba479349f752983be8205ffe7fe67cad03a780a72bca3d65f7cc6,"{""config"":""erasure_r50"",""d"":3,""p"":0.001,""r_e"":0.5,""rounds"":3}",
      2048,         4,         0,   0.036,herald_mwpm,ad0bfc571e2ef2f58042f8be2a3eb605d1fa4bdb0eaf50e9841bf0e57d0c2158,"{""config"":""erasure_r50"",""d"":3,""p"":0.0021544346900318843,""r_e"":0.5,""rounds"":3}",
     36864,        72,         0,   0.036,blind_mwpm,01b3905bd962662a440b0d052a16ec023f61ecbeccf404f0f582a2c9c99dddbd,"{""config"":""erasure_r50"",""d"":3,""p"":0.0014677992676220691,""r_e"":0.5,""rounds"":3}",
      5120,         8,         0,   0.042,herald_mwpm,74ca0bd2b4524eb8e05724605c51245df32f71bd4b900b26b3effba6a58134dc,"{""config"":""erasure_r50"",""d"":3,""p"":0.001,""r_e"":0.5,""rounds"":3}",
     41359,       163,         0,   0.033,blind_mwpm,6e5a4ac2ccb4563033a18624d5c27a70e1286b698d77d03607a1cc3afad82413,"{""config"":""erasure_r50"",""d"":3,""p"":0.0021544346900318843,""r_e"":0.5,""rounds"":3}",
      3072,        19,         0,   0.040,herald_mwpm,598619793ab11a84ccb4ee6e10f9a4c8d0ae0be55919733e28dc416913cee39e,"{""config"":""erasure_r50"",""d"":3,""p"":0.0031622776601683794,""r_e"":0.5,""rounds"":3}",
      9615,        18,         0,   0.010,blind_mwpm,01b3905bd962662a440b0d052a16ec023f61ecbeccf404f0f582a2c9c99dddbd,"{""config"":""erasure_r50"",""d"":3,""p"":0.0014677992676220691,""r_e"":0.5,""rounds"":3}",
      6417,        43,         0,   0.010,blind_mwpm,4c503f3c76e54b751adbefc19fdfdef8fdb50bc20f5fb283019306400dc4fc2d,"{""config"":""erasure_r50"",""d"":3,""p"":0.0031622776601683794,""r_e"":0.5,""rounds"":3}",
      5120,         5,         0,   0.046,herald_mwpm,162b3b6367bfdac10954b563c3b03050cdc3e4d9581f9d29d0322c5fef08dccf,"{""config"":""erasure_r50"",""d"":3,""p"":0.0014677992676220691,""r_e"":0.5,""rounds"":3}",
      3072,         5,         0,   0.039,herald_mwpm,ad0bfc571e2ef2f58042f8be2a3eb605d1fa4bdb0eaf50e9841bf0e57d0c2158,"{""config"":""erasure_r50"",""d"":3,""p"":0.0021544346900318843,""r_e"":0.5,""rounds"":3}",
     11264,        86,         0,   0.015,blind_mwpm,4c503f3c76e54b751adbefc19fdfdef8fdb50bc20f5fb283019306400dc4fc2d,"{""config"":""erasure_r50"",""d"":3,""p"":0.0031622776601683794,""r_e"":0.5,""rounds"":3}",
      6417,       102,         0,   0.010,blind_mwpm,aa7e97abaec779b566546efe74e0c4b956ae4afa05eaafe04bf3249fe8ffd6be,"{""config"":""erasure_r50"",""d"":3,""p"":0.004641588833612777,""r_e"":0.5,""rounds"":3}",
      9216,       154,         0,   0.014,blind_mwpm,aa7e97abaec779b566546efe74e0c4b956ae4afa05eaafe04bf3249fe8ffd6be,"{""config"":""erasure_r50"",""d"":3,""p"":0.004641588833612777,""r_e"":0.5,""rounds"":3}",
     15360,       128,         0,   0.019,blind_mwpm,4c503f3c76e54b751adbefc19fdfdef8fdb50bc20f5fb283019306400dc4fc2d,"{""config"":""erasure_r50"",""d"":3,""p"":0.0031622776601683794,""r_e"":0.5,""rounds"":3}",
      8192,         4,         0,   0.059,herald_mwpm,74ca0bd2b4524eb8e05724605c51245df32f71bd4b900b26b3effba6a58134dc,"{""config"":""erasure_r50"",""d"":3,""p"":0.001,""r_e"":0.5,""rounds"":3}",
      1297,        18,         0,   0.030,herald_mwpm,0f67d4a0aef5877821a362e2876801206bf3de966d13a40481ccc12e10a57b9b,"{""config"":""erasure_r50"",""d"":3,""p"":0.004641588833612777,""r_e"":0.5,""rounds"":3}",
      4096,        27,         0,   0.058,herald_mwpm,598619793ab11a84ccb4ee6e10f9a4c8d0ae0be55919733e28dc416913cee39e,"{""config"":""erasure_r50"",""d"":3,""p"":0.0031622776601683794,""r_e"":0.5,""rounds"":3}",
     14336,       237,         0,   0.021,blind_mwpm,aa7e97abaec779b566546efe74e0c4b956ae4afa05eaafe04bf3249fe8ffd6be,"{""config"":""erasure_r50"",""d"":3,""p"":0.004641588833612777,""r_e"":0.5,""rounds"":3}",
     21504,       178,         0,   0.026,blind_mwpm,4c503f3c76e54b751adbefc19fdfdef8fdb50bc20f5fb283019306400dc4fc2d,"{""config"":""erasure_r50"",""d"":3,""p"":0.0031622776601683794,""r_e"":0.5,""rounds"":3}",
      1024,        14,         0,   0.022,herald_mwpm,0f67d4a0aef5877821a362e2876801206bf3de966d13a40481ccc12e10a57b9b,"{""config"":""erasure_r50"",""d"":3,""p"":0.004641588833612777,""r_e"":0.5,""rounds"":3}",
      4096,        10,         0,   0.056,herald_mwpm,ad0bfc571e2ef2f58042f8be2a3eb605d1fa4bdb0eaf50e9841bf0e57d0c2158,"{""config"":""erasure_r50"",""d"":3,""p"":0.0021544346900318843,""r_e"":0.5,""rounds"":3}",
      6144,         6,         0,   0.061,herald_mwpm,162b3b6367bfdac10954b563c3b03050cdc3e4d9581f9d29d0322c5fef08dccf,"{""config"":""erasure_r50"",""d"":3,""p"":0.0014677992676220691,""r_e"":0.5,""rounds"":3}",
     18432,       285,         0,   0.026,blind_mwpm,aa7e97abaec779b566546efe74e0c4b956ae4afa05eaafe04bf3249fe8ffd6be,"{""config"":""erasure_r50"",""d"":3,""p"":0.004641588833612777,""r_e"":0.5,""rounds"":3}",
      1024,        11,         0,   0.022,herald_mwpm,0f67d4a0aef5877821a362e2876801206bf3de966d13a40481ccc12e10a57b9b,"{""config"":""erasure_r50"",""d"":3,""p"":0.004641588833612777,""r_e"":0.5,""rounds"":3}",
     25600,       195,         0,   0.036,blind_mwpm,4c503f3c76e54b751adbefc19fdfdef8fdb50bc20f5fb283019306400dc4fc2d,"{""config"":""erasure_r50"",""d"":3,""p"":0.0031622776601683794,""r_e"":0.5,""rounds"":3}",
     15360,       223,         0,   0.022,blind_mwpm,aa7e97abaec779b566546efe74e0c4b956ae4afa05eaafe04bf3249fe8ffd6be,"{""config"":""erasure_r50"",""d"":3,""p"":0.004641588833612777,""r_e"":0.5,""rounds"":3}",
      2048,        29,         0,   0.034,herald_mwpm,0f67d4a0aef5877821a362e2876801206bf3de966d13a40481ccc12e10a57b9b,"{""config"":""erasure_r50"",""d"":3,""p"":0.004641588833612777,""r_e"":0.5,""rounds"":3}",
     11264,         7,         0,   0.082,herald_mwpm,74ca0bd2b4524eb8e05724605c51245df32f71bd4b900b26b3effba6a58134dc,"{""config"":""erasure_r50"",""d"":3,""p"":0.001,""r_e"":0.5,""rounds"":3}",
      5120,        20,         0,   0.083,herald_mwpm,598619793ab11a84ccb4ee6e10f9a4c8d0ae0be55919733e28dc416913cee39e,"{""config"":""erasure_r50"",""d"":3,""p"":0.0031622776601683794,""r_e"":0.5,""rounds"":3}",
     19855,       148,         0,   0.025,blind_mwpm,4c503f3c76e54b751adbefc19fdfdef8fdb50bc20f5fb283019306400dc4fc2d,"{""config"":""erasure_r50"",""d"":3,""p"":0.0031622776601683794,""r_e"":0.5,""rounds"":3}",
      6144,        14,         0,   0.083,herald_mwpm,ad0bfc571e2ef2f58042f8be2a3eb605d1fa4bdb0eaf50e9841bf0e57d0c2158,"{""config"":""erasure_r50"",""d"":3,""p"":0.0021544346900318843,""r_e"":0.5,""rounds"":3}",
      9216,         9,         0,   0.085,herald_mwpm,162b3b6367bfdac10954b563c3b03050cdc3e4d9581f9d29d0322c5fef08dccf,"{""config"":""erasure_r50"",""d"":3,""p"":0.0014677992676220691,""r_e"":0.5,""rounds"":3}",
      2048,        19,         0,   0.038,herald_mwpm,0f67d4a0aef5877821a362e2876801206bf3de966d13a40481ccc12e10a57b9b,"{""config"":""erasure_r50"",""d"":3,""p"":0.004641588833612777,""r_e"":0.5,""rounds"":3}",
       273,         1,         0,   0.015,herald_mwpm,929134d426beed9ec3b9e31e207c6aff5280bdec2c25203384a483f16f00495c,"{""config"":""erasure_r50"",""d"":3,""p"":0.006812920690579608,""r_e"":0.5,""rounds"":3}",
      4369,       144,         0,   0.007,blind_mwpm,75f2ca05d4149d80fc673bed2fbff1c9c27b6fc92a87991fd34dadb470e59e94,"{""config"":""erasure_r50"",""d"":3,""p"":0.006812920690579608,""r_e"":0.5,""rounds"":3}",
      8192,       263,         0,   0.014,blind_mwpm,75f2ca05d4149d80fc673bed2fbff1c9c27b6fc92a87991fd34dadb470e59e94,"{""config"":""erasure_r50"",""d"":3,""p"":0.006812920690579608,""r_e"":0.5,""rounds"":3}",
      1024,        23,         0,   0.027,herald_mwpm,929134d426beed9ec3b9e31e207c6aff5280bdec2c25203384a483f16f00495c,"{""config"":""erasure_r50"",""d"":3,""p"":0.006812920690579608,""r_e"":0.5,""rounds"":3}",
     11264,       397,         0,   0.020,blind_mwpm,75f2ca05d4149d80fc673bed2fbff1c9c27b6fc92a87991fd34dadb470e59e94,"{""config"":""erasure_r50"",""d"":3,""p"":0.006812920690579608,""r_e"":0.5,""rounds"":3}",
      7168,       231,         0,   0.014,blind_mwpm,75f2ca05d4149d80fc673bed2fbff1c9c27b6fc92a87991fd34dadb470e59e94,"{""config"":""erasure_r50"",""d"":3,""p"":0.006812920690579608,""r_e"":0.5,""rounds"":3}",
      1024,        23,         0,   0.034,herald_mwpm,929134d426beed9ec3b9e31e207c6aff5280bdec2c25203384a483f16f00495c,"{""config"":""erasure_r50"",""d"":3,""p"":0.006812920690579608,""r_e"":0.5,""rounds"":3}",
      3072,        35,         0,   0.068,herald_mwpm,0f67d4a0aef5877821a362e2876801206bf3de966d13a40481ccc12e10a57b9b,"{""config"":""erasure_r50"",""d"":3,""p"":0.004641588833612777,""r_e"":0.5,""rounds"":3}",
     12288,         5,         0,   0.110,herald_mwpm,74ca0bd2b4524eb8e05724605c51245df32f71bd4b900b26b3effba6a58134dc,"{""config"":""erasure_r50"",""d"":3,""p"":0.001,""r_e"":0.5,""rounds"":3}",
      7168,        44,         0,   0.111,herald_mwpm,598619793ab11a84ccb4ee6e10f9a4c8d0ae0be55919733e28dc416913cee39e,"{""config"":""erasure_r50"",""d"":3,""p"":0.0031622776601683794,""r_e"":0.5,""rounds"":3}",
     10240,        11,         0,   0.105,herald_mwpm,162b3b6367bfdac10954b563c3b03050cdc3e4d9581f9d29d0322c5fef08dccf,"{""config"":""erasure_r50"",""d"":3,""p"":0.0014677992676220691,""r_e"":0.5,""rounds"":3}",
      8192,        19,         0,   0.120,herald_mwpm,ad0bfc571e2ef2f58042f8be2a3eb605d1fa4bdb0eaf50e9841bf0e57d0c2158,"{""config"":""erasure_r50"",""d"":3,""p"":0.0021544346900318843,""r_e"":0.5,""rounds"":3}",
       273,        10,         0,   0.016,herald_mwpm,3ab80668ea48c3714227486489884b1e8bc4d28336325c1a3dfe1573fa34dbdc,"{""config"":""erasure_r50"",""d"":3,""p"":0.01,""r_e"":0.5,""rounds"":3}",
      2048,        51,         0,   0.057,herald_mwpm,929134d426beed9ec3b9e31e207c6aff5280bdec2c25203384a483f16f00495c,"{""config"":""erasure_r50"",""d"":3,""p"":0.006812920690579608,""r_e"":0.5,""rounds"":3}",
      1024,        48,         0,   0.039,herald_mwpm,3ab80668ea48c3714227486489884b1e8bc4d28336325c1a3dfe1573fa34dbdc,"{""config"":""erasure_r50"",""d"":3,""p"":0.01,""r_e"":0.5,""rounds"":3}",
      4096,        49,         0,   0.094,herald_mwpm,0f67d4a0aef5877821a362e2876801206bf3de966d13a40481ccc12e10a57b9b,"{""config"":""erasure_r50"",""d"":3,""p"":0.004641588833612777,""r_e"":0.5,""rounds"":3}",
      2048,        56,         0,   0.064,herald_mwpm,929134d426beed9ec3b9e31e207c6aff5280bdec2c25203384a483f16f00495c,"{""config"":""erasure_r50"",""d"":3,""p"":0.006812920690579608,""r_e"":0.5,""rounds"":3}",
      1024,        58,         0,   0.051,herald_mwpm,3ab80668ea48c3714227486489884b1e8bc4d28336325c1a3dfe1573fa34dbdc,"{""config"":""erasure_r50"",""d"":3,""p"":0.01,""r_e"":0.5,""rounds"":3}",
      7168,        32,         0,   0.147,herald_mwpm,598619793ab11a84ccb4ee6e10f9a4c8d0ae0be55919733e28dc416913cee39e,"{""config"":""erasure_r50"",""d"":3,""p"":0.0031622776601683794,""r_e"":0.5,""rounds"":3}",
     14336,         7,         0,   0.152,herald_mwpm,74ca0bd2b4524eb8e05724605c51245df32f71bd4b900b26b3effba6a58134dc,"{""config"":""erasure_r50"",""d"":3,""p"":0.001,""r_e"":0.5,""rounds"":3}",
      2048,        37,         0,   0.060,herald_mwpm,929134d426beed9ec3b9e31e207c6aff5280bdec2c25203384a483f16f00495c,"{""config"":""erasure_r50"",""d"":3,""p"":0.006812920690579608,""r_e"":0.5,""rounds"":3}",
      1024,        51,         0,   0.035,herald_mwpm,3ab80668ea48c3714227486489884b1e8bc4d28336325c1a3dfe1573fa34dbdc,"{""config"":""erasure_r50"",""d"":3,""p"":0.01,""r_e"":0.5,""rounds"":3}",
     12288,        15,         0,   0.145,herald_mwpm,162b3b6367bfdac10954b563c3b03050cdc3e4d9581f9d29d0322c5fef08dccf,"{""config"":""erasure_r50"",""d"":3,""p"":0.0014677992676220691,""r_e"":0.5,""rounds"":3}",
      8192,        20,         0,   0.149,herald_mwpm,ad0bfc571e2ef2f58042f8be2a3eb605d1fa4bdb0eaf50e9841bf0e57d0c2158,"{""config"":""erasure_r50"",""d"":3,""p"":0.0021544346900318843,""r_e"":0.5,""rounds"":3}",
      4096,        36,         0,   0.109,herald_mwpm,0f67d4a0aef5877821a362e2876801206bf3de966d13a40481ccc12e10a57b9b,"{""config"":""erasure_r50"",""d"":3,""p"":0.004641588833612777,""r_e"":0.5,""rounds"":3}",
      2048,        88,         0,   0.075,herald_mwpm,3ab80668ea48c3714227486489884b1e8bc4d28336325c1a3dfe1573fa34dbdc,"{""config"":""erasure_r50"",""d"":3,""p"":0.01,""r_e"":0.5,""rounds"":3}",
      2048,        49,         0,   0.081,herald_mwpm,929134d426beed9ec3b9e31e207c6aff5280bdec2c25203384a483f16f00495c,"{""config"":""erasure_r50"",""d"":3,""p"":0.006812920690579608,""r_e"":0.5,""rounds"":3}",
      2048,        88,         0,   0.079,herald_mwpm,3ab80668ea48c3714227486489884b1e8bc4d28336325c1a3dfe1573fa34dbdc,"{""config"":""erasure_r50"",""d"":3,""p"":0.01,""r_e"":0.5,""rounds"":3}",
      4096,       107,         0,   0.106,herald_mwpm,929134d426beed9ec3b9e31e207c6aff5280bdec2c25203384a483f16f00495c,"{""config"":""erasure_r50"",""d"":3,""p"":0.006812920690579608,""r_e"":0.5,""rounds"":3}",
     21504,         9,         0,   0.210,herald_mwpm,74ca0bd2b4524eb8e05724605c51245df32f71bd4b900b26b3effba6a58134dc,"{""config"":""erasure_r50"",""d"":3,""p"":0.001,""r_e"":0.5,""rounds"":3}",
     12288,        77,         0,   0.215,herald_mwpm,598619793ab11a84ccb4ee6e10f9a4c8d0ae0be55919733e28dc416913cee39e,"{""config"":""erasure_r50"",""d"":3,""p"":0.0031622776601683794,""r_e"":0.5,""rounds"":3}",
      7168,        86,         0,   0.168,herald_mwpm,0f67d4a0aef5877821a362e2876801206bf3de966d13a40481ccc12e10a57b9b,"{""config"":""erasure_r50"",""d"":3,""p"":0.004641588833612777,""r_e"":0.5,""rounds"":3}",
     16384,        17,         0,   0.212,herald_mwpm,162b3b6367bfdac10954b563c3b03050cdc3e4d9581f9d29d0322c5fef08dccf,"{""config"":""erasure_r50"",""d"":3,""p"":0.0014677992676220691,""r_e"":0.5,""rounds"":3}",
     14336,        39,         0,   0.214,herald_mwpm,ad0bfc571e2ef2f58042f8be2a3eb605d1fa4bdb0eaf50e9841bf0e57d0c2158,"{""config"":""erasure_r50"",""d"":3,""p"":0.0021544346900318843,""r_e"":0.5,""rounds"":3}",
      3072,       159,         0,   0.104,herald_mwpm,3ab80668ea48c3714227486489884b1e8bc4d28336325c1a3dfe1573fa34dbdc,"{""config"":""erasure_r50"",""d"":3,""p"":0.01,""r_e"":0.5,""rounds"":3}",
      5120,       136,         0,   0.148,herald_mwpm,929134d426beed9ec3b9e31e207c6aff5280bdec2c25203384a483f16f00495c,"{""config"":""erasure_r50"",""d"":3,""p"":0.006812920690579608,""r_e"":0.5,""rounds"":3}",
     17807,        12,         0,   0.180,herald_mwpm,74ca0bd2b4524eb8e05724605c51245df32f71bd4b900b26b3effba6a58134dc,"{""config"":""erasure_r50"",""d"":3,""p"":0.001,""r_e"":0.5,""rounds"":3}",
      4096,       190,         0,   0.140,herald_mwpm,3ab80668ea48c3714227486489884b1e8bc4d28336325c1a3dfe1573fa34dbdc,"{""config"":""erasure_r50"",""d"":3,""p"":0.01,""r_e"":0.5,""rounds"":3}",
      9216,        92,         0,   0.210,herald_mwpm,0f67d4a0aef5877821a362e2876801206bf3de966d13a40481ccc12e10a57b9b,"{""config"":""erasure_r50"",""d"":3,""p"":0.004641588833612777,""r_e"":0.5,""rounds"":3}",
      4369,       266,         0,   0.010,blind_mwpm,0d6208ae2a8c44dc971bfa715dfaff43306317493ac60dbab79c9c48e91d76e6,"{""config"":""erasure_r50"",""d"":3,""p"":0.01,""r_e"":0.5,""rounds"":3}",
      7168,       427,         0,   0.014,blind_mwpm,0d6208ae2a8c44dc971bfa715dfaff43306317493ac60dbab79c9c48e91d76e6,"{""config"":""erasure_r50"",""d"":3,""p"":0.01,""r_e"":0.5,""rounds"":3}",
      6144,       392,         0,   0.012,blind_mwpm,0d6208ae2a8c44dc971bfa715dfaff43306317493ac60dbab79c9c48e91d76e6,"{""config"":""erasure_r50"",""d"":3,""p"":0.01,""r_e"":0.5,""rounds"":3}",
       273,        20,         0,   0.019,herald_mwpm,dc3d5971ed346055d37973d8eeae5822d8f72e3ae5dd75d2887c52c00bc7a73a,"{""config"":""erasure_r50"",""d"":3,""p"":0.01467799267622069,""r_e"":0.5,""rounds"":3}",
     17408,        95,         0,   0.305,herald_mwpm,598619793ab11a84ccb4ee6e10f9a4c8d0ae0be55919733e28dc416913cee39e,"{""config"":""erasure_r50"",""d"":3,""p"":0.0031622776601683794,""r_e"":0.5,""rounds"":3}",
     22528,        28,         0,   0.290,herald_mwpm,162b3b6367bfdac10954b563c3b03050cdc3e4d9581f9d29d0322c5fef08dccf,"{""config"":""erasure_r50"",""d"":3,""p"":0.0014677992676220691,""r_e"":0.5,""rounds"":3}",
     21504,        49,         0,   0.303,herald_mwpm,ad0bfc571e2ef2f58042f8be2a3eb605d1fa4bdb0eaf50e9841bf0e57d0c2158,"{""config"":""erasure_r50"",""d"":3,""p"":0.0021544346900318843,""r_e"":0.5,""rounds"":3}",
      1024,        95,         0,   0.045,herald_mwpm,dc3d5971ed346055d37973d8eeae5822d8f72e3ae5dd75d2887c52c00bc7a73a,"{""config"":""erasure_r50"",""d"":3,""p"":0.01467799267622069,""r_e"":0.5,""rounds"":3}",
      4096,       178,         0,   0.155,herald_mwpm,3ab80668ea48c3714227486489884b1e8bc4d28336325c1a3dfe1573fa34dbdc,"{""config"":""erasure_r50"",""d"":3,""p"":0.01,""r_e"":0.5,""rounds"":3}",
      8192,       186,         0,   0.232,herald_mwpm,929134d426beed9ec3b9e31e207c6aff5280bdec2c25203384a483f16f00495c,"{""config"":""erasure_r50"",""d"":3,""p"":0.006812920690579608,""r_e"":0.5,""rounds"":3}",
      1024,       106,         0,   0.057,herald_mwpm,dc3d5971ed346055d37973d8eeae5822d8f72e3ae5dd75d2887c52c00bc7a73a,"{""config"":""erasure_r50"",""d"":3,""p"":0.01467799267622069,""r_e"":0.5,""rounds"":3}",
      8591,         8,         0,   0.079,herald_mwpm,162b3b6367bfdac10954b563c3b03050cdc3e4d9581f9d29d0322c5fef08dccf,"{""config"":""erasure_r50"",""d"":3,""p"":0.0014677992676220691,""r_e"":0.5,""rounds"":3}",
      2321,       271,         0,   0.011,blind_mwpm,adf7cc8a31496d3accdb4e1da46449405671a66beb3478a825e96aec514354cc,"{""config"":""erasure_r50"",""d"":3,""p"":0.01467799267622069,""r_e"":0.5,""rounds"":3}",
      1024,        99,         0,   0.046,herald_mwpm,dc3d5971ed346055d37973d8eeae5822d8f72e3ae5dd75d2887c52c00bc7a73a,"{""config"":""erasure_r50"",""d"":3,""p"":0.01467799267622069,""r_e"":0.5,""rounds"":3}",
      6144,       725,         0,   0.016,blind_mwpm,adf7cc8a31496d3accdb4e1da46449405671a66beb3478a825e96aec514354cc,"{""config"":""erasure_r50"",""d"":3,""p"":0.01467799267622069,""r_e"":0.5,""rounds"":3}",
      1024,       113,         0,   0.004,blind_mwpm,adf7cc8a31496d3accdb4e1da46449405671a66beb3478a825e96aec514354cc,"{""config"":""erasure_r50"",""d"":3,""p"":0.01467799267622069,""r_e"":0.5,""rounds"":3}",
      4096,       184,         0,   0.131,herald_mwpm,3ab80668ea48c3714227486489884b1e8bc4d28336325c1a3dfe1573fa34dbdc,"{""config"":""erasure_r50"",""d"":3,""p"":0.01,""r_e"":0.5,""rounds"":3}",
      1024,        89,         0,   0.060,herald_mwpm,dc3d5971ed346055d37973d8eeae5822d8f72e3ae5dd75d2887c52c00bc7a73a,"{""config"":""erasure_r50"",""d"":3,""p"":0.01467799267622069,""r_e"":0.5,""rounds"":3}",
       273,        38,         0,   0.020,herald_mwpm,4abccf21a63baab1bdc52af6309fc7fd6331836243372072cd0fd2bf4524e774,"{""config"":""erasure_r50"",""d"":3,""p"":0.018,""r_e"":0.5,""rounds"":3}",
     12288,       135,         0,   0.307,herald_mwpm,0f67d4a0aef5877821a362e2876801206bf3de966d13a40481ccc12e10a57b9b,"{""config"":""erasure_r50"",""d"":3,""p"":0.004641588833612777,""r_e"":0.5,""rounds"":3}",
      3345,       530,         0,   0.011,blind_mwpm,f52be296a686aece7fdb9a62f903dc81c6fa8a497e613ced66104f3b22a0b0a6,"{""config"":""erasure_r50"",""d"":3,""p"":0.018,""r_e"":0.5,""rounds"":3}",
      3072,       485,         0,   0.009,blind_mwpm,f52be296a686aece7fdb9a62f903dc81c6fa8a497e613ced66104f3b22a0b0a6,"{""config"":""erasure_r50"",""d"":3,""p"":0.018,""r_e"":0.5,""rounds"":3}",
      1024,       132,         0,   0.057,herald_mwpm,4abccf21a63baab1bdc52af6309fc7fd6331836243372072cd0fd2bf4524e774,"{""config"":""erasure_r50"",""d"":3,""p"":0.018,""r_e"":0.5,""rounds"":3}",
      1024,        89,         0,   0.066,herald_mwpm,dc3d5971ed346055d37973d8eeae5822d8f72e3ae5dd75d2887c52c00bc7a73a,"{""config"":""erasure_r50"",""d"":3,""p"":0.01467799267622069,""r_e"":0.5,""rounds"":3}",
       273,        43,         0,   0.021,herald_mwpm,39eefc8ed5bded408903545c6836caafdf62df9f085210fe055396a0b433f013,"{""config"":""erasure_r50"",""d"":3,""p"":0.02,""r_e"":0.5,""rounds"":3}",
      1024,       124,         0,   0.059,herald_mwpm,4abccf21a63baab1bdc52af6309fc7fd6331836243372072cd0fd2bf4524e774,"{""config"":""erasure_r50"",""d"":3,""p"":0.018,""r_e"":0.5,""rounds"":3}",
      1024,       159,         0,   0.067,herald_mwpm,39eefc8ed5bded408903545c6836caafdf62df9f085210fe055396a0b433f013,"{""config"":""erasure_r50"",""d"":3,""p"":0.02,""r_e"":0.5,""rounds"":3}",
     10240,       247,         0,   0.306,herald_mwpm,929134d426beed9ec3b9e31e207c6aff5280bdec2c25203384a483f16f00495c,"{""config"":""erasure_r50"",""d"":3,""p"":0.006812920690579608,""r_e"":0.5,""rounds"":3}",
      2048,       190,         0,   0.107,herald_mwpm,dc3d5971ed346055d37973d8eeae5822d8f72e3ae5dd75d2887c52c00bc7a73a,"{""config"":""erasure_r50"",""d"":3,""p"":0.01467799267622069,""r_e"":0.5,""rounds"":3}",
      1024,       127,         0,   0.071,herald_mwpm,4abccf21a63baab1bdc52af6309fc7fd6331836243372072cd0fd2bf4524e774,"{""config"":""erasure_r50"",""d"":3,""p"":0.018,""r_e"":0.5,""rounds"":3}",
     24576,       147,         0,   0.405,herald_mwpm,598619793ab11a84ccb4ee6e10f9a4c8d0ae0be55919733e28dc416913cee39e,"{""config"":""erasure_r50"",""d"":3,""p"":0.0031622776601683794,""r_e"":0.5,""rounds"":3}",
      1024,       154,         0,   0.072,herald_mwpm,39eefc8ed5bded408903545c6836caafdf62df9f085210fe055396a0b433f013,"{""config"":""erasure_r50"",""d"":3,""p"":0.02,""r_e"":0.5,""rounds"":3}",
     25600,        73,         0,   0.411,herald_mwpm,ad0bfc571e2ef2f58042f8be2a3eb605d1fa4bdb0eaf50e9841bf0e57d0c2158,"{""config"":""erasure_r50"",""d"":3,""p"":0.0021544346900318843,""r_e"":0.5,""rounds"":3}",
      1024,       117,         0,   0.054,herald_mwpm,4abccf21a63baab1bdc52af6309fc7fd6331836243372072cd0fd2bf4524e774,"{""config"":""erasure_r50"",""d"":3,""p"":0.018,""r_e"":0.5,""rounds"":3}",
      2447,         5,         0,   0.040,herald_mwpm,ad0bfc571e2ef2f58042f8be2a3eb605d1fa4bdb0eaf50e9841bf0e57d0c2158,"{""config"":""erasure_r50"",""d"":3,""p"":0.0021544346900318843,""r_e"":0.5,""rounds"":3}",
      1024,       169,         0,   0.064,herald_mwpm,39eefc8ed5bded408903545c6836caafdf62df9f085210fe055396a0b433f013,"{""config"":""erasure_r50"",""d"":3,""p"":0.02,""r_e"":0.5,""rounds"":3}",
      2048,       175,         0,   0.124,herald_mwpm,dc3d5971ed346055d37973d8eeae5822d8f72e3ae5dd75d2887c52c00bc7a73a,"{""config"":""erasure_r50"",""d"":3,""p"":0.01467799267622069,""r_e"":0.5,""rounds"":3}",
      4096,       100,         0,   0.156,herald_mwpm,929134d426beed9ec3b9e31e207c6aff5280bdec2c25203384a483f16f00495c,"{""config"":""erasure_r50"",""d"":3,""p"":0.006812920690579608,""r_e"":0.5,""rounds"":3}",
      2321,       437,         0,   0.009,blind_mwpm,51ba25a349fceef832e413826735ed23beb1c7a1d63523fad39ed883e5d37728,"{""config"":""erasure_r50"",""d"":3,""p"":0.02,""r_e"":0.5,""rounds"":3}",
      1024,       137,         0,   0.093,herald_mwpm,4abccf21a63baab1bdc52af6309fc7fd6331836243372072cd0fd2bf4524e774,"{""config"":""erasure_r50"",""d"":3,""p"":0.018,""r_e"":0.5,""rounds"":3}",
      3072,       566,         0,   0.012,blind_mwpm,51ba25a349fceef832e413826735ed23beb1c7a1d63523fad39ed883e5d37728,"{""config"":""erasure_r50"",""d"":3,""p"":0.02,""r_e"":0.5,""rounds"":3}",
       273,        52,         0,   0.025,herald_mwpm,75801ccc0f50e49cdca997c9dc8e8ced7b06b8bc3c361f37c77b0b017f4ca698,"{""config"":""erasure_r50"",""d"":3,""p"":0.021544346900318832,""r_e"":0.5,""rounds"":3}",
      1024,       157,         0,   0.108,herald_mwpm,39eefc8ed5bded408903545c6836caafdf62df9f085210fe055396a0b433f013,"{""config"":""erasure_r50"",""d"":3,""p"":0.02,""r_e"":0.5,""rounds"":3}",
      2321,       472,         0,   0.009,blind_mwpm,d505d3d034a3c7aa7990036ae3733115904f943f9563c2cfd86cd3be79734aaf,"{""config"":""erasure_r50"",""d"":3,""p"":0.021544346900318832,""r_e"":0.5,""rounds"":3}",
      3072,       642,         0,   0.006,blind_mwpm,d505d3d034a3c7aa7990036ae3733115904f943f9563c2cfd86cd3be79734aaf,"{""config"":""erasure_r50"",""d"":3,""p"":0.021544346900318832,""r_e"":0.5,""rounds"":3}",
     16384,       179,         0,   0.406,herald_mwpm,0f67d4a0aef5877821a362e2876801206bf3de966d13a40481ccc12e10a57b9b,"{""config"":""erasure_r50"",""d"":3,""p"":0.004641588833612777,""r_e"":0.5,""rounds"":3}",
      2048,       184,         0,   0.149,herald_mwpm,dc3d5971ed346055d37973d8eeae5822d8f72e3ae5dd75d2887c52c00bc7a73a,"{""config"":""erasure_r50"",""d"":3,""p"":0.01467799267622069,""r_e"":0.5,""rounds"":3}",
      2048,       266,         0,   0.122,herald_mwpm,4abccf21a63baab1bdc52af6309fc7fd6331836243372072cd0fd2bf4524e774,"{""config"":""erasure_r50"",""d"":3,""p"":0.018,""r_e"":0.5,""rounds"":3}",
      1024,       164,         0,   0.084,herald_mwpm,39eefc8ed5bded408903545c6836caafdf62df9f085210fe055396a0b433f013,"{""config"":""erasure_r50"",""d"":3,""p"":0.02,""r_e"":0.5,""rounds"":3}",
       273,        47,         0,   0.061,herald_mwpm,1052cff8a97300094de15a7a4ca3ac0b57407c90b769da0d3b284e8fdbb89a04,"{""config"":""erasure_r50"",""d"":3,""p"":0.022,""r_e"":0.5,""rounds"":3}",
      1024,       176,         0,   0.129,herald_mwpm,75801ccc0f50e49cdca997c9dc8e8ced7b06b8bc3c361f37c77b0b017f4ca698,"{""config"":""erasure_r50"",""d"":3,""p"":0.021544346900318832,""r_e"":0.5,""rounds"":3}",
      2321,       488,         0,   0.012,blind_mwpm,90e561bb8eb6624c135bbb5a74472362b8812b07ee92b6462b8a9b058ddf08ea,"{""config"":""erasure_r50"",""d"":3,""p"":0.022,""r_e"":0.5,""rounds"":3}",
      2048,       390,         0,   0.012,blind_mwpm,90e561bb8eb6624c135bbb5a74472362b8812b07ee92b6462b8a9b058ddf08ea,"{""config"":""erasure_r50"",""d"":3,""p"":0.022,""r_e"":0.5,""rounds"":3}",
      1024,       210,         0,   0.003,blind_mwpm,90e561bb8eb6624c135bbb5a74472362b8812b07ee92b6462b8a9b058ddf08ea,"{""config"":""erasure_r50"",""d"":3,""p"":0.022,""r_e"":0.5,""rounds"":3}",
     14735,        75,         0,   0.393,herald_mwpm,598619793ab11a84ccb4ee6e10f9a4c8d0ae0be55919733e28dc416913cee39e,"{""config"":""erasure_r50"",""d"":3,""p"":0.0031622776601683794,""r_e"":0.5,""rounds"":3}",
      1024,       124,         0,   0.150,herald_mwpm,4abccf21a63baab1bdc52af6309fc7fd6331836243372072cd0fd2bf4524e774,"{""config"":""erasure_r50"",""d"":3,""p"":0.018,""r_e"":0.5,""rounds"":3}",
       273,        45,         0,   0.025,herald_mwpm,32aa95b2aecfb4ff19f6d5851a8d936b2248d8e6abad305f4fa2637a2a950bed,"{""config"":""erasure_r50"",""d"":3,""p"":0.024,""r_e"":0.5,""rounds"":3}",
      2321,       539,         0,   0.010,blind_mwpm,9e43afbe6d564a23deb0c3061a0e085424ce28c75ab38646c2c912ac7da4e29a,"{""config"":""erasure_r50"",""d"":3,""p"":0.024,""r_e"":0.5,""rounds"":3}",
      2048,       513,         0,   0.012,blind_mwpm,9e43afbe6d564a23deb0c3061a0e085424ce28c75ab38646c2c912ac7da4e29a,"{""config"":""erasure_r50"",""d"":3,""p"":0.024,""r_e"":0.5,""rounds"":3}",
      1024,       158,         0,   0.143,herald_mwpm,75801ccc0f50e49cdca997c9dc8e8ced7b06b8bc3c361f37c77b0b017f4ca698,"{""config"":""erasure_r50"",""d"":3,""p"":0.021544346900318832,""r_e"":0.5,""rounds"":3}",
      1024,       178,         0,   0.166,herald_mwpm,1052cff8a97300094de15a7a4ca3ac0b57407c90b769da0d3b284e8fdbb89a04,"{""config"":""erasure_r50"",""d"":3,""p"":0.022,""r_e"":0.5,""rounds"":3}",
      1024,       155,         0,   0.202,herald_mwpm,39eefc8ed5bded408903545c6836caafdf62df9f085210fe055396a0b433f013,"{""config"":""erasure_r50"",""d"":3,""p"":0.02,""r_e"":0.5,""rounds"":3}",
       273,        56,         0,   0.036,herald_mwpm,61f38d801dc116fd02c37190ee076c754ef346534092b8bc829266200351bfef,"{""config"":""erasure_r50"",""d"":3,""p"":0.026,""r_e"":0.5,""rounds"":3}",
      3345,       856,         0,   0.010,blind_mwpm,1c1b0ad0dbca1c71f67920f903e191609c85ea4d351b9e3fd20c47ad43331192,"{""config"":""erasure_r50"",""d"":3,""p"":0.026,""r_e"":0.5,""rounds"":3}",
      1024,       264,         0,   0.003,blind_mwpm,1c1b0ad0dbca1c71f67920f903e191609c85ea4d351b9e3fd20c47ad43331192,"{""config"":""erasure_r50"",""d"":3,""p"":0.026,""r_e"":0.5,""rounds"":3}",
      1024,       206,         0,   0.100,herald_mwpm,32aa95b2aecfb4ff19f6d5851a8d936b2248d8e6abad305f4fa2637a2a950bed,"{""config"":""erasure_r50"",""d"":3,""p"":0.024,""r_e"":0.5,""rounds"":3}",
      1024,       173,         0,   0.096,herald_mwpm,75801ccc0f50e49cdca997c9dc8e8ced7b06b8bc3c361f37c77b0b017f4ca698,"{""config"":""erasure_r50"",""d"":3,""p"":0.021544346900318832,""r_e"":0.5,""rounds"":3}",
      1024,       167,         0,   0.098,herald_mwpm,1052cff8a97300094de15a7a4ca3ac0b57407c90b769da0d3b284e8fdbb89a04,"{""config"":""erasure_r50"",""d"":3,""p"":0.022,""r_e"":0.5,""rounds"":3}",
      2321,       703,         0,   0.010,blind_mwpm,eba150c739cc56b840a8eaab12755d2a5764d693c22af7317a4b0ce356dedc7d,"{""config"":""erasure_r50"",""d"":3,""p"":0.03162277660168379,""r_e"":0.5,""rounds"":3}",
      1024,       341,         0,   0.003,blind_mwpm,eba150c739cc56b840a8eaab12755d2a5764d693c22af7317a4b0ce356dedc7d,"{""config"":""erasure_r50"",""d"":3,""p"":0.03162277660168379,""r_e"":0.5,""rounds"":3}",
       273,        67,         0,   0.049,herald_mwpm,5903e8402eab08d4e628ca2b4f365fa198f9edf32b6f0bafed09eb41613dafee,"{""config"":""erasure_r50"",""d"":3,""p"":0.03162277660168379,""r_e"":0.5,""rounds"":3}",
      1024,       229,         0,   0.110,herald_mwpm,61f38d801dc116fd02c37190ee076c754ef346534092b8bc829266200351bfef,"{""config"":""erasure_r50"",""d"":3,""p"":0.026,""r_e"":0.5,""rounds"":3}",
      1024,       195,         0,   0.113,herald_mwpm,32aa95b2aecfb4ff19f6d5851a8d936b2248d8e6abad305f4fa2637a2a950bed,"{""config"":""erasure_r50"",""d"":3,""p"":0.024,""r_e"":0.5,""rounds"":3}",
      1024,       176,         0,   0.093,herald_mwpm,75801ccc0f50e49cdca997c9dc8e8ced7b06b8bc3c361f37c77b0b017f4ca698,"{""config"":""erasure_r50"",""d"":3,""p"":0.021544346900318832,""r_e"":0.5,""rounds"":3}",
       273,       100,         0,   0.048,herald_mwpm,140d94de1a70a3c47775b2ef96cbd5fb1996a28ce147775d37833042da33c8f7,"{""config"":""erasure_r50"",""d"":3,""p"":0.046415888336127774,""r_e"":0.5,""rounds"":3}",
      1024,       171,         0,   0.116,herald_mwpm,1052cff8a97300094de15a7a4ca3ac0b57407c90b769da0d3b284e8fdbb89a04,"{""config"":""erasure_r50"",""d"":3,""p"":0.022,""r_e"":0.5,""rounds"":3}",
      1024,       279,         0,   0.124,herald_mwpm,5903e8402eab08d4e628ca2b4f365fa198f9edf32b6f0bafed09eb41613dafee,"{""config"":""erasure_r50"",""d"":3,""p"":0.03162277660168379,""r_e"":0.5,""rounds"":3}",
      1024,       233,         0,   0.100,herald_mwpm,61f38d801dc116fd02c37190ee076c754ef346534092b8bc829266200351bfef,"{""config"":""erasure_r50"",""d"":3,""p"":0.026,""r_e"":0.5,""rounds"":3}",
      1024,       196,         0,   0.099,herald_mwpm,32aa95b2aecfb4ff19f6d5851a8d936b2248d8e6abad305f4fa2637a2a950bed,"{""config"":""erasure_r50"",""d"":3,""p"":0.024,""r_e"":0.5,""rounds"":3}",
      1024,       180,         0,   0.097,herald_mwpm,75801ccc0f50e49cdca997c9dc8e8ced7b06b8bc3c361f37c77b0b017f4ca698,"{""config"":""erasure_r50"",""d"":3,""p"":0.021544346900318832,""r_e"":0.5,""rounds"":3}",
      1024,       188,         0,   0.095,herald_mwpm,1052cff8a97300094de15a7a4ca3ac0b57407c90b769da0d3b284e8fdbb89a04,"{""config"":""erasure_r50"",""d"":3,""p"":0.022,""r_e"":0.5,""rounds"":3}",
      1024,       226,         0,   0.092,herald_mwpm,61f38d801dc116fd02c37190ee076c754ef346534092b8bc829266200351bfef,"{""config"":""erasure_r50"",""d"":3,""p"":0.026,""r_e"":0.5,""rounds"":3}",
     18432,       209,         0,   0.570,herald_mwpm,0f67d4a0aef5877821a362e2876801206bf3de966d13a40481ccc12e10a57b9b,"{""config"":""erasure_r50"",""d"":3,""p"":0.004641588833612777,""r_e"":0.5,""rounds"":3}",
      1024,       201,         0,   0.088,herald_mwpm,32aa95b2aecfb4ff19f6d5851a8d936b2248d8e6abad305f4fa2637a2a950bed,"{""config"":""erasure_r50"",""d"":3,""p"":0.024,""r_e"":0.5,""rounds"":3}",
      1024,       189,         0,   0.075,herald_mwpm,75801ccc0f50e49cdca997c9dc8e8ced7b06b8bc3c361f37c77b0b017f4ca698,"{""config"":""erasure_r50"",""d"":3,""p"":0.021544346900318832,""r_e"":0.5,""rounds"":3}",
      1024,       376,         0,   0.147,herald_mwpm,140d94de1a70a3c47775b2ef96cbd5fb1996a28ce147775d37833042da33c8f7,"{""config"":""erasure_r50"",""d"":3,""p"":0.046415888336127774,""r_e"":0.5,""rounds"":3}",
      1024,       279,         0,   0.126,herald_mwpm,5903e8402eab08d4e628ca2b4f365fa198f9edf32b6f0bafed09eb41613dafee,"{""config"":""erasure_r50"",""d"":3,""p"":0.03162277660168379,""r_e"":0.5,""rounds"":3}",
      1024,       176,         0,   0.066,herald_mwpm,1052cff8a97300094de15a7a4ca3ac0b57407c90b769da0d3b284e8fdbb89a04,"{""config"":""erasure_r50"",""d"":3,""p"":0.022,""r_e"":0.5,""rounds"":3}",
      1297,       524,         0,   0.010,blind_mwpm,31b038f6477b7dff2b502c10c68c4057888607ea40363ca7d7625c154b8dedeb,"{""config"":""erasure_r50"",""d"":3,""p"":0.046415888336127774,""r_e"":0.5,""rounds"":3}",
      2048,       805,         0,   0.014,blind_mwpm,31b038f6477b7dff2b502c10c68c4057888607ea40363ca7d7625c154b8dedeb,"{""config"":""erasure_r50"",""d"":3,""p"":0.046415888336127774,""r_e"":0.5,""rounds"":3}",
      1024,       232,         0,   0.087,herald_mwpm,61f38d801dc116fd02c37190ee076c754ef346534092b8bc829266200351bfef,"{""config"":""erasure_r50"",""d"":3,""p"":0.026,""r_e"":0.5,""rounds"":3}",
      1024,       200,         0,   0.081,herald_mwpm,32aa95b2aecfb4ff19f6d5851a8d936b2248d8e6abad305f4fa2637a2a950bed,"{""config"":""erasure_r50"",""d"":3,""p"":0.024,""r_e"":0.5,""rounds"":3}",
      1024,       178,         0,   0.079,herald_mwpm,1052cff8a97300094de15a7a4ca3ac0b57407c90b769da0d3b284e8fdbb89a04,"{""config"":""erasure_r50"",""d"":3,""p"":0.022,""r_e"":0.5,""rounds"":3}",
      1024,       292,         0,   0.099,herald_mwpm,5903e8402eab08d4e628ca2b4f365fa198f9edf32b6f0bafed09eb41613dafee,"{""config"":""erasure_r50"",""d"":3,""p"":0.03162277660168379,""r_e"":0.5,""rounds"":3}",
      2321,      1091,         0,   0.014,blind_mwpm,9cd076b99bf8c71d12aaf2df57e1c8963a0d092b85036b7f90fe749f37c4e9fc,"{""config"":""erasure_r50"",""d"":3,""p"":0.06812920690579612,""r_e"":0.5,""rounds"":3}",
      1024,       387,         0,   0.134,herald_mwpm,140d94de1a70a3c47775b2ef96cbd5fb1996a28ce147775d37833042da33c8f7,"{""config"":""erasure_r50"",""d"":3,""p"":0.046415888336127774,""r_e"":0.5,""rounds"":3}",
       273,       118,         0,   0.047,herald_mwpm,40c7eb20e505d325de9d45d8732af82c6b70d08f8a684e767120f7041b89542b,"{""config"":""erasure_r50"",""d"":3,""p"":0.06812920690579612,""r_e"":0.5,""rounds"":3}",
      7168,       100,         0,   0.172,herald_mwpm,0f67d4a0aef5877821a362e2876801206bf3de966d13a40481ccc12e10a57b9b,"{""config"":""erasure_r50"",""d"":3,""p"":0.004641588833612777,""r_e"":0.5,""rounds"":3}",
      1024,       190,         0,   0.097,herald_mwpm,61f38d801dc116fd02c37190ee076c754ef346534092b8bc829266200351bfef,"{""config"":""erasure_r50"",""d"":3,""p"":0.026,""r_e"":0.5,""rounds"":3}",
      2321,      1126,         0,   0.017,blind_mwpm,ab7c8eef143c22003b5c4bb40b131f835fcc9c2a08a6b6afeb2b3bc87c278e0e,"{""config"":""erasure_r50"",""d"":3,""p"":0.1,""r_e"":0.5,""rounds"":3}",
       273,       144,         0,   0.060,herald_mwpm,bd996688eb8c39ad46c8c1035c38e5e88b74f25ab1c9a246c383af492bdceaba,"{""config"":""erasure_r50"",""d"":3,""p"":0.1,""r_e"":0.5,""rounds"":3}",
      1024,       277,         0,   0.101,herald_mwpm,5903e8402eab08d4e628ca2b4f365fa198f9edf32b6f0bafed09eb41613dafee,"{""config"":""erasure_r50"",""d"":3,""p"":0.03162277660168379,""r_e"":0.5,""rounds"":3}",
      2321,         0,         0,   0.013,blind_mwpm,2b1e684a2b8965c69aca9f1d193822689fb28f6b4fa6dd5c4af171c8c5f0d435,"{""config"":""erasure_r50"",""d"":5,""p"":0.001,""r_e"":0.5,""rounds"":5}",
      1024,       384,         0,   0.159,herald_mwpm,140d94de1a70a3c47775b2ef96cbd5fb1996a28ce147775d37833042da33c8f7,"{""config"":""erasure_r50"",""d"":3,""p"":0.046415888336127774,""r_e"":0.5,""rounds"":3}",
      5120,         0,         0,   0.016,blind_mwpm,2b1e684a2b8965c69aca9f1d193822689fb28f6b4fa6dd5c4af171c8c5f0d435,"{""config"":""erasure_r50"",""d"":5,""p"":0.001,""r_e"":0.5,""rounds"":5}",
        17,         0,         0,   0.013,herald_mwpm,5bd6a50961112c4772837b9f3d4a1002b35d582180cc4743a68cf822005b91e4,"{""config"":""erasure_r50"",""d"":5,""p"":0.0014677992676220691,""r_e"":0.5,""rounds"":5}",
      2321,         1,         0,   0.013,blind_mwpm,dbe5d2e1ffe3934d00b6df8722b5dab3652f6fc223cdb1aafbcb2e335b87e793,"{""config"":""erasure_r50"",""d"":5,""p"":0.0014677992676220691,""r_e"":0.5,""rounds"":5}",
      1024,       477,         0,   0.186,herald_mwpm,40c7eb20e505d325de9d45d8732af82c6b70d08f8a684e767120f7041b89542b,"{""config"":""erasure_r50"",""d"":3,""p"":0.06812920690579612,""r_e"":0.5,""rounds"":3}",
      4096,         0,         0,   0.018,blind_mwpm,2b1e684a2b8965c69aca9f1d193822689fb28f6b4fa6dd5c4af171c8c5f0d435,"{""config"":""erasure_r50"",""d"":5,""p"":0.001,""r_e"":0.5,""rounds"":5}",
      4096,         4,         0,   0.018,blind_mwpm,dbe5d2e1ffe3934d00b6df8722b5dab3652f6fc223cdb1aafbcb2e335b87e793,"{""config"":""erasure_r50"",""d"":5,""p"":0.0014677992676220691,""r_e"":0.5,""rounds"":5}",
       273,         0,         0,   0.057,herald_mwpm,7b0c736cee9dc0840245294f8cadcedffdd84cab4ec935cbb7dd7c24c22961b5,"{""config"":""erasure_r50"",""d"":5,""p"":0.001,""r_e"":0.5,""rounds"":5}",
      5120,         1,         0,   0.026,blind_mwpm,2b1e684a2b8965c69aca9f1d193822689fb28f6b4fa6dd5c4af171c8c5f0d435,"{""config"":""erasure_r50"",""d"":5,""p"":0.001,""r_e"":0.5,""rounds"":5}",
      4096,         1,         0,   0.022,blind_mwpm,dbe5d2e1ffe3934d00b6df8722b5dab3652f6fc223cdb1aafbcb2e335b87e793,"{""config"":""erasure_r50"",""d"":5,""p"":0.0014677992676220691,""r_e"":0.5,""rounds"":5}",
      1024,       509,         0,   0.187,herald_mwpm,bd996688eb8c39ad46c8c1035c38e5e88b74f25ab1c9a246c383af492bdceaba,"{""config"":""erasure_r50"",""d"":3,""p"":0.1,""r_e"":0.5,""rounds"":3}",
       256,         0,         0,   0.073,herald_mwpm,5bd6a50961112c4772837b9f3d4a1002b35d582180cc4743a68cf822005b91e4,"{""config"":""erasure_r50"",""d"":5,""p"":0.0014677992676220691,""r_e"":0.5,""rounds"":5}",
      5120,         1,         0,   0.022,blind_mwpm,dbe5d2e1ffe3934d00b6df8722b5dab3652f6fc223cdb1aafbcb2e335b87e793,"{""config"":""erasure_r50"",""d"":5,""p"":0.0014677992676220691,""r_e"":0.5,""rounds"":5}",
      7168,         0,         0,   0.036,blind_mwpm,2b1e684a2b8965c69aca9f1d193822689fb28f6b4fa6dd5c4af171c8c5f0d435,"{""config"":""erasure_r50"",""d"":5,""p"":0.001,""r_e"":0.5,""rounds"":5}",
        17,         0,         0,   0.013,herald_mwpm,c284c367e8ea6fec0babd7678aee40cdbe65623dbe0e9cf9e47718e36beff151,"{""config"":""erasure_r50"",""d"":5,""p"":0.0021544346900318843,""r_e"":0.5,""rounds"":5}",
      8192,         3,         0,   0.037,blind_mwpm,dbe5d2e1ffe3934d00b6df8722b5dab3652f6fc223cdb1aafbcb2e335b87e793,"{""config"":""erasure_r50"",""d"":5,""p"":0.0014677992676220691,""r_e"":0.5,""rounds"":5}",
     10240,         1,         0,   0.051,blind_mwpm,2b1e684a2b8965c69aca9f1d193822689fb28f6b4fa6dd5c4af171c8c5f0d435,"{""config"":""erasure_r50"",""d"":5,""p"":0.001,""r_e"":0.5,""rounds"":5}",
      1024,       500,         0,   0.155,herald_mwpm,40c7eb20e505d325de9d45d8732af82c6b70d08f8a684e767120f7041b89542b,"{""config"":""erasure_r50"",""d"":3,""p"":0.06812920690579612,""r_e"":0.5,""rounds"":3}",
       256,         0,         0,   0.082,herald_mwpm,c284c367e8ea6fec0babd7678aee40cdbe65623dbe0e9cf9e47718e36beff151,"{""config"":""erasure_r50"",""d"":5,""p"":0.0021544346900318843,""r_e"":0.5,""rounds"":5}",
     10240,         4,         0,   0.053,blind_mwpm,dbe5d2e1ffe3934d00b6df8722b5dab3652f6fc223cdb1aafbcb2e335b87e793,"{""config"":""erasure_r50"",""d"":5,""p"":0.0014677992676220691,""r_e"":0.5,""rounds"":5}",
      1024,         0,         0,   0.169,herald_mwpm,7b0c736cee9dc0840245294f8cadcedffdd84cab4ec935cbb7dd7c24c22961b5,"{""config"":""erasure_r50"",""d"":5,""p"":0.001,""r_e"":0.5,""rounds"":5}",
     15360,         2,         0,   0.077,blind_mwpm,2b1e684a2b8965c69aca9f1d193822689fb28f6b4fa6dd5c4af171c8c5f0d435,"{""config"":""erasure_r50"",""d"":5,""p"":0.001,""r_e"":0.5,""rounds"":5}",
      1024,       491,         0,   0.177,herald_mwpm,bd996688eb8c39ad46c8c1035c38e5e88b74f25ab1c9a246c383af492bdceaba,"{""config"":""erasure_r50"",""d"":3,""p"":0.1,""r_e"":0.5,""rounds"":3}",
     15360,         3,         0,   0.077,blind_mwpm,dbe5d2e1ffe3934d00b6df8722b5dab3652f6fc223cdb1aafbcb2e335b87e793,"{""config"":""erasure_r50"",""d"":5,""p"":0.0014677992676220691,""r_e"":0.5,""rounds"":5}",
      1024,         0,         0,   0.203,herald_mwpm,5bd6a50961112c4772837b9f3d4a1002b35d582180cc4743a68cf822005b91e4,"{""config"":""erasure_r50"",""d"":5,""p"":0.0014677992676220691,""r_e"":0.5,""rounds"":5}",
      2321,         4,         0,   0.015,blind_mwpm,09ba3a5037333b1f6dac5e13c0f601d870ebed7104dd2eaaee282c69dd600ebf,"{""config"":""erasure_r50"",""d"":5,""p"":0.0021544346900318843,""r_e"":0.5,""rounds"":5}",
      3072,         3,         0,   0.019,blind_mwpm,09ba3a5037333b1f6dac5e13c0f601d870ebed7104dd2eaaee282c69dd600ebf,"{""config"":""erasure_r50"",""d"":5,""p"":0.0021544346900318843,""r_e"":0.5,""rounds"":5}",
     20480,         4,         0,   0.101,blind_mwpm,2b1e684a2b8965c69aca9f1d193822689fb28f6b4fa6dd5c4af171c8c5f0d435,"{""config"":""erasure_r50"",""d"":5,""p"":0.001,""r_e"":0.5,""rounds"":5}",
      1024,         0,         0,   0.134,herald_mwpm,7b0c736cee9dc0840245294f8cadcedffdd84cab4ec935cbb7dd7c24c22961b5,"{""config"":""erasure_r50"",""d"":5,""p"":0.001,""r_e"":0.5,""rounds"":5}",
      4096,         6,         0,   0.021,blind_mwpm,09ba3a5037333b1f6dac5e13c0f601d870ebed7104dd2eaaee282c69dd600ebf,"{""config"":""erasure_r50"",""d"":5,""p"":0.0021544346900318843,""r_e"":0.5,""rounds"":5}",
     20480,         3,         0,   0.099,blind_mwpm,dbe5d2e1ffe3934d00b6df8722b5dab3652f6fc223cdb1aafbcb2e335b87e793,"{""config"":""erasure_r50"",""d"":5,""p"":0.0014677992676220691,""r_e"":0.5,""rounds"":5}",
      6144,         4,         0,   0.029,blind_mwpm,09ba3a5037333b1f6dac5e13c0f601d870ebed7104dd2eaaee282c69dd600ebf,"{""config"":""erasure_r50"",""d"":5,""p"":0.0021544346900318843,""r_e"":0.5,""rounds"":5}",
      1024,         0,         0,   0.245,herald_mwpm,c284c367e8ea6fec0babd7678aee40cdbe65623dbe0e9cf9e47718e36beff151,"{""config"":""erasure_r50"",""d"":5,""p"":0.0021544346900318843,""r_e"":0.5,""rounds"":5}",
      7168,        10,         0,   0.042,blind_mwpm,09ba3a5037333b1f6dac5e13c0f601d870ebed7104dd2eaaee282c69dd600ebf,"{""config"":""erasure_r50"",""d"":5,""p"":0.0021544346900318843,""r_e"":0.5,""rounds"":5}",
       273,         0,         0,   0.105,herald_mwpm,d0253239a451a46c5c71089d7de062d088f00001f12056acefec686ca65dcac5,"{""config"":""erasure_r50"",""d"":5,""p"":0.0031622776601683794,""r_e"":0.5,""rounds"":5}",
      1024,         0,         0,   0.188,herald_mwpm,5bd6a50961112c4772837b9f3d4a1002b35d582180cc4743a68cf822005b91e4,"{""config"":""erasure_r50"",""d"":5,""p"":0.0014677992676220691,""r_e"":0.5,""rounds"":5}",
      9216,         8,         0,   0.054,blind_mwpm,09ba3a5037333b1f6dac5e13c0f601d870ebed7104dd2eaaee282c69dd600ebf,"{""config"":""erasure_r50"",""d"":5,""p"":0.0021544346900318843,""r_e"":0.5,""rounds"":5}",
      1024,         0,         0,   0.141,herald_mwpm,7b0c736cee9dc0840245294f8cadcedffdd84cab4ec935cbb7dd7c24c22961b5,"{""config"":""erasure_r50"",""d"":5,""p"":0.001,""r_e"":0.5,""rounds"":5}",
     29696,         1,         0,   0.144,blind_mwpm,2b1e684a2b8965c69aca9f1d193822689fb28f6b4fa6dd5c4af171c8c5f0d435,"{""config"":""erasure_r50"",""d"":5,""p"":0.001,""r_e"":0.5,""rounds"":5}",
       399,         0,         0,   0.002,blind_mwpm,2b1e684a2b8965c69aca9f1d193822689fb28f6b4fa6dd5c4af171c8c5f0d435,"{""config"":""erasure_r50"",""d"":5,""p"":0.001,""r_e"":0.5,""rounds"":5}",
     27648,         3,         0,   0.145,blind_mwpm,dbe5d2e1ffe3934d00b6df8722b5dab3652f6fc223cdb1aafbcb2e335b87e793,"{""config"":""erasure_r50"",""d"":5,""p"":0.0014677992676220691,""r_e"":0.5,""rounds"":5}",
      2447,         1,         0,   0.014,blind_mwpm,dbe5d2e1ffe3934d00b6df8722b5dab3652f6fc223cdb1aafbcb2e335b87e793,"{""config"":""erasure_r50"",""d"":5,""p"":0.0014677992676220691,""r_e"":0.5,""rounds"":5}",
     13312,         8,         0,   0.078,blind_mwpm,09ba3a5037333b1f6dac5e13c0f601d870ebed7104dd2eaaee282c69dd600ebf,"{""config"":""erasure_r50"",""d"":5,""p"":0.0021544346900318843,""r_e"":0.5,""rounds"":5}",
      1297,         5,         0,   0.011,blind_mwpm,88f35ffc560ee189dcfdf29d8f241a481761cc6418fb867b47c88813d4b028f5,"{""config"":""erasure_r50"",""d"":5,""p"":0.0031622776601683794,""r_e"":0.5,""rounds"":5}",
      2048,        10,         0,   0.015,blind_mwpm,88f35ffc560ee189dcfdf29d8f241a481761cc6418fb867b47c88813d4b028f5,"{""config"":""erasure_r50"",""d"":5,""p"":0.0031622776601683794,""r_e"":0.5,""rounds"":5}",
      3072,         6,         0,   0.023,blind_mwpm,88f35ffc560ee189dcfdf29d8f241a481761cc6418fb867b47c88813d4b028f5,"{""config"":""erasure_r50"",""d"":5,""p"":0.0031622776601683794,""r_e"":0.5,""rounds"":5}",
        17,         0,         0,   0.017,herald_mwpm,675017e463cc457f8dba892efcc6263147243d8a65e7a591768a6692be903b0e,"{""config"":""erasure_r50"",""d"":5,""p"":0.004641588833612777,""r_e"":0.5,""rounds"":5}",
      1024,         0,         0,   0.156,herald_mwpm,7b0c736cee9dc0840245294f8cadcedffdd84cab4ec935cbb7dd7c24c22961b5,"{""config"":""erasure_r50"",""d"":5,""p"":0.001,""r_e"":0.5,""rounds"":5}",
      5120,         9,         0,   0.034,blind_mwpm,88f35ffc560ee189dcfdf29d8f241a481761cc6418fb867b47c88813d4b028f5,"{""config"":""erasure_r50"",""d"":5,""p"":0.0031622776601683794,""r_e"":0.5,""rounds"":5}",
     17408,        10,         0,   0.103,blind_mwpm,09ba3a5037333b1f6dac5e13c0f601d870ebed7104dd2eaaee282c69dd600ebf,"{""config"":""erasure_r50"",""d"":5,""p"":0.0021544346900318843,""r_e"":0.5,""rounds"":5}",
      1024,         2,         0,   0.217,herald_mwpm,5bd6a50961112c4772837b9f3d4a1002b35d582180cc4743a68cf822005b91e4,"{""config"":""erasure_r50"",""d"":5,""p"":0.0014677992676220691,""r_e"":0.5,""rounds"":5}",
      1024,         1,         0,   0.268,herald_mwpm,c284c367e8ea6fec0babd7678aee40cdbe65623dbe0e9cf9e47718e36beff151,"{""config"":""erasure_r50"",""d"":5,""p"":0.0021544346900318843,""r_e"":0.5,""rounds"":5}",
      5120,        11,         0,   0.040,blind_mwpm,88f35ffc560ee189dcfdf29d8f241a481761cc6418fb867b47c88813d4b028f5,"{""config"":""erasure_r50"",""d"":5,""p"":0.0031622776601683794,""r_e"":0.5,""rounds"":5}",
      8192,        20,         0,   0.055,blind_mwpm,88f35ffc560ee189dcfdf29d8f241a481761cc6418fb867b47c88813d4b028f5,"{""config"":""erasure_r50"",""d"":5,""p"":0.0031622776601683794,""r_e"":0.5,""rounds"":5}",
       256,         1,         0,   0.142,herald_mwpm,675017e463cc457f8dba892efcc6263147243d8a65e7a591768a6692be903b0e,"{""config"":""erasure_r50"",""d"":5,""p"":0.004641588833612777,""r_e"":0.5,""rounds"":5}",
      1024,         4,         0,   0.356,herald_mwpm,d0253239a451a46c5c71089d7de062d088f00001f12056acefec686ca65dcac5,"{""config"":""erasure_r50"",""d"":5,""p"":0.0031622776601683794,""r_e"":0.5,""rounds"":5}",
      1024,         0,         0,   0.163,herald_mwpm,7b0c736cee9dc0840245294f8cadcedffdd84cab4ec935cbb7dd7c24c22961b5,"{""config"":""erasure_r50"",""d"":5,""p"":0.001,""r_e"":0.5,""rounds"":5}",
     25600,        21,         0,   0.147,blind_mwpm,09ba3a5037333b1f6dac5e13c0f601d870ebed7104dd2eaaee282c69dd600ebf,"{""config"":""erasure_r50"",""d"":5,""p"":0.0021544346900318843,""r_e"":0.5,""rounds"":5}",
     11264,        28,         0,   0.080,blind_mwpm,88f35ffc560ee189dcfdf29d8f241a481761cc6418fb867b47c88813d4b028f5,"{""config"":""erasure_r50"",""d"":5,""p"":0.0031622776601683794,""r_e"":0.5,""rounds"":5}",
     11663,        12,         0,   0.066,blind_mwpm,09ba3a5037333b1f6dac5e13c0f601d870ebed7104dd2eaaee282c69dd600ebf,"{""config"":""erasure_r50"",""d"":5,""p"":0.0021544346900318843,""r_e"":0.5,""rounds"":5}",
      1024,         0,         0,   0.208,herald_mwpm,5bd6a50961112c4772837b9f3d4a1002b35d582180cc4743a68cf822005b91e4,"{""config"":""erasure_r50"",""d"":5,""p"":0.0014677992676220691,""r_e"":0.5,""rounds"":5}",
     15360,        39,         0,   0.115,blind_mwpm,88f35ffc560ee189dcfdf29d8f241a481761cc6418fb867b47c88813d4b028f5,"{""config"":""erasure_r50"",""d"":5,""p"":0.0031622776601683794,""r_e"":0.5,""rounds"":5}",
      1024,         0,         0,   0.157,herald_mwpm,7b0c736cee9dc0840245294f8cadcedffdd84cab4ec935cbb7dd7c24c22961b5,"{""config"":""erasure_r50"",""d"":5,""p"":0.001,""r_e"":0.5,""rounds"":5}",
      1024,         0,         0,   0.273,herald_mwpm,c284c367e8ea6fec0babd7678aee40cdbe65623dbe0e9cf9e47718e36beff151,"{""config"":""erasure_r50"",""d"":5,""p"":0.0021544346900318843,""r_e"":0.5,""rounds"":5}",
      1297,        10,         0,   0.013,blind_mwpm,2e1c8a6845028922df657e2debd18274aef063edfb01a347bf87494bcd8dc3fd,"{""config"":""erasure_r50"",""d"":5,""p"":0.004641588833612777,""r_e"":0.5,""rounds"":5}",
      2048,        12,         0,   0.016,blind_mwpm,2e1c8a6845028922df657e2debd18274aef063edfb01a347bf87494bcd8dc3fd,"{""config"":""erasure_r50"",""d"":5,""p"":0.004641588833612777,""r_e"":0.5,""rounds"":5}",
      3072,        21,         0,   0.025,blind_mwpm,2e1c8a6845028922df657e2debd18274aef063edfb01a347bf87494bcd8dc3fd,"{""config"":""erasure_r50"",""d"":5,""p"":0.004641588833612777,""r_e"":0.5,""rounds"":5}",
      4096,        31,         0,   0.034,blind_mwpm,2e1c8a6845028922df657e2debd18274aef063edfb01a347bf87494bcd8dc3fd,"{""config"":""erasure_r50"",""d"":5,""p"":0.004641588833612777,""r_e"":0.5,""rounds"":5}",
      1024,         0,         0,   0.205,herald_mwpm,5bd6a50961112c4772837b9f3d4a1002b35d582180cc4743a68cf822005b91e4,"{""config"":""erasure_r50"",""d"":5,""p"":0.0014677992676220691,""r_e"":0.5,""rounds"":5}",
     22528,        46,         0,   0.147,blind_mwpm,88f35ffc560ee189dcfdf29d8f241a481761cc6418fb867b47c88813d4b028f5,"{""config"":""erasure_r50"",""d"":5,""p"":0.0031622776601683794,""r_e"":0.5,""rounds"":5}",
      5120,        43,         0,   0.039,blind_mwpm,2e1c8a6845028922df657e2debd18274aef063edfb01a347bf87494bcd8dc3fd,"{""config"":""erasure_r50"",""d"":5,""p"":0.004641588833612777,""r_e"":0.5,""rounds"":5}",
      1024,         0,         0,   0.165,herald_mwpm,7b0c736cee9dc0840245294f8cadcedffdd84cab4ec935cbb7dd7c24c22961b5,"{""config"":""erasure_r50"",""d"":5,""p"":0.001,""r_e"":0.5,""rounds"":5}",
      7168,        54,         0,   0.060,blind_mwpm,2e1c8a6845028922df657e2debd18274aef063edfb01a347bf87494bcd8dc3fd,"{""config"":""erasure_r50"",""d"":5,""p"":0.004641588833612777,""r_e"":0.5,""rounds"":5}",
      1024,         0,         0,   0.430,herald_mwpm,d0253239a451a46c5c71089d7de062d088f00001f12056acefec686ca65dcac5,"{""config"":""erasure_r50"",""d"":5,""p"":0.0031622776601683794,""r_e"":0.5,""rounds"":5}",
      1024,         1,         0,   0.265,herald_mwpm,c284c367e8ea6fec0babd7678aee40cdbe65623dbe0e9cf9e47718e36beff151,"{""config"":""erasure_r50"",""d"":5,""p"":0.0021544346900318843,""r_e"":0.5,""rounds"":5}",
      9216,        76,         0,   0.076,blind_mwpm,2e1c8a6845028922df657e2debd18274aef063edfb01a347bf87494bcd8dc3fd,"{""config"":""erasure_r50"",""d"":5,""p"":0.004641588833612777,""r_e"":0.5,""rounds"":5}",
      1024,         2,         0,   0.490,herald_mwpm,675017e463cc457f8dba892efcc6263147243d8a65e7a591768a6692be903b0e,"{""config"":""erasure_r50"",""d"":5,""p"":0.004641588833612777,""r_e"":0.5,""rounds"":5}",
      1024,         0,         0,   0.153,herald_mwpm,7b0c736cee9dc0840245294f8cadcedffdd84cab4ec935cbb7dd7c24c22961b5,"{""config"":""erasure_r50"",""d"":5,""p"":0.001,""r_e"":0.5,""rounds"":5}",
     25999,        72,         0,   0.168,blind_mwpm,88f35ffc560ee189dcfdf29d8f241a481761cc6418fb867b47c88813d4b028f5,"{""config"":""erasure_r50"",""d"":5,""p"":0.0031622776601683794,""r_e"":0.5,""rounds"":5}",
      1024,         0,         0,   0.201,herald_mwpm,5bd6a50961112c4772837b9f3d4a1002b35d582180cc4743a68cf822005b91e4,"{""config"":""erasure_r50"",""d"":5,""p"":0.0014677992676220691,""r_e"":0.5,""rounds"":5}",
     13312,       111,         0,   0.105,blind_mwpm,2e1c8a6845028922df657e2debd18274aef063edfb01a347bf87494bcd8dc3fd,"{""config"":""erasure_r50"",""d"":5,""p"":0.004641588833612777,""r_e"":0.5,""rounds"":5}",
        17,         2,         0,   0.015,herald_mwpm,f6af75650281cb20d3b11ecaf89c4b815329f0308b20487651b0f73ca5b0c28f,"{""config"":""erasure_r50"",""d"":5,""p"":0.006812920690579608,""r_e"":0.5,""rounds"":5}",
     19456,       155,         0,   0.149,blind_mwpm,2e1c8a6845028922df657e2debd18274aef063edfb01a347bf87494bcd8dc3fd,"{""config"":""erasure_r50"",""d"":5,""p"":0.004641588833612777,""r_e"":0.5,""rounds"":5}",
      1024,         1,         0,   0.282,herald_mwpm,c284c367e8ea6fec0babd7678aee40cdbe65623dbe0e9cf9e47718e36beff151,"{""config"":""erasure_r50"",""d"":5,""p"":0.0021544346900318843,""r_e"":0.5,""rounds"":5}",
      1024,         0,         0,   0.229,herald_mwpm,5bd6a50961112c4772837b9f3d4a1002b35d582180cc4743a68cf822005b91e4,"{""config"":""erasure_r50"",""d"":5,""p"":0.0014677992676220691,""r_e"":0.5,""rounds"":5}",
       256,         4,         0,   0.163,herald_mwpm,f6af75650281cb20d3b11ecaf89c4b815329f0308b20487651b0f73ca5b0c28f,"{""config"":""erasure_r50"",""d"":5,""p"":0.006812920690579608,""r_e"":0.5,""rounds"":5}",
      1024,         0,         0,   0.378,herald_mwpm,d0253239a451a46c5c71089d7de062d088f00001f12056acefec686ca65dcac5,"{""config"":""erasure_r50"",""d"":5,""p"":0.0031622776601683794,""r_e"":0.5,""rounds"":5}",
      2048,         1,         0,   0.343,herald_mwpm,7b0c736cee9dc0840245294f8cadcedffdd84cab4ec935cbb7dd7c24c22961b5,"{""config"":""erasure_r50"",""d"":5,""p"":0.001,""r_e"":0.5,""rounds"":5}",
     24576,       186,         0,   0.201,blind_mwpm,2e1c8a6845028922df657e2debd18274aef063edfb01a347bf87494bcd8dc3fd,"{""config"":""erasure_r50"",""d"":5,""p"":0.004641588833612777,""r_e"":0.5,""rounds"":5}",
      1024,         5,         0,   0.497,herald_mwpm,675017e463cc457f8dba892efcc6263147243d8a65e7a591768a6692be903b0e,"{""config"":""erasure_r50"",""d"":5,""p"":0.004641588833612777,""r_e"":0.5,""rounds"":5}",
      1024,         0,         0,   0.246,herald_mwpm,5bd6a50961112c4772837b9f3d4a1002b35d582180cc4743a68cf822005b91e4,"{""config"":""erasure_r50"",""d"":5,""p"":0.0014677992676220691,""r_e"":0.5,""rounds"":5}",
     10639,        71,         0,   0.082,blind_mwpm,2e1c8a6845028922df657e2debd18274aef063edfb01a347bf87494bcd8dc3fd,"{""config"":""erasure_r50"",""d"":5,""p"":0.004641588833612777,""r_e"":0.5,""rounds"":5}",
      1024,         1,         0,   0.313,herald_mwpm,c284c367e8ea6fec0babd7678aee40cdbe65623dbe0e9cf9e47718e36beff151,"{""config"":""erasure_r50"",""d"":5,""p"":0.0021544346900318843,""r_e"":0.5,""rounds"":5}",
       512,         6,         0,   0.338,herald_mwpm,f6af75650281cb20d3b11ecaf89c4b815329f0308b20487651b0f73ca5b0c28f,"{""config"":""erasure_r50"",""d"":5,""p"":0.006812920690579608,""r_e"":0.5,""rounds"":5}",
      1297,        24,         0,   0.016,blind_mwpm,5d7fcb1ed22488bec37f4600b8b9bd1afa608702bcdda84e903f1b2252c6c1ec,"{""config"":""erasure_r50"",""d"":5,""p"":0.006812920690579608,""r_e"":0.5,""rounds"":5}",
      2048,        45,         0,   0.020,blind_mwpm,5d7fcb1ed22488bec37f4600b8b9bd1afa608702bcdda84e903f1b2252c6c1ec,"{""config"":""erasure_r50"",""d"":5,""p"":0.006812920690579608,""r_e"":0.5,""rounds"":5}",
      2048,        45,         0,   0.020,blind_mwpm,5d7fcb1ed22488bec37f4600b8b9bd1afa608702bcdda84e903f1b2252c6c1ec,"{""config"":""erasure_r50"",""d"":5,""p"":0.006812920690579608,""r_e"":0.5,""rounds"":5}",
      2048,         0,         0,   0.358,herald_mwpm,7b0c736cee9dc0840245294f8cadcedffdd84cab4ec935cbb7dd7c24c22961b5,"{""config"":""erasure_r50"",""d"":5,""p"":0.001,""r_e"":0.5,""rounds"":5}",
      3072,        65,         0,   0.031,blind_mwpm,5d7fcb1ed22488bec37f4600b8b9bd1afa608702bcdda84e903f1b2252c6c1ec,"{""config"":""erasure_r50"",""d"":5,""p"":0.006812920690579608,""r_e"":0.5,""rounds"":5}",
      1024,         1,         0,   0.421,herald_mwpm,d0253239a451a46c5c71089d7de062d088f00001f12056acefec686ca65dcac5,"{""config"":""erasure_r50"",""d"":5,""p"":0.0031622776601683794,""r_e"":0.5,""rounds"":5}",
      4096,        84,         0,   0.042,blind_mwpm,5d7fcb1ed22488bec37f4600b8b9bd1afa608702bcdda84e903f1b2252c6c1ec,"{""config"":""erasure_r50"",""d"":5,""p"":0.006812920690579608,""r_e"":0.5,""rounds"":5}",
      6144,       127,         0,   0.061,blind_mwpm,5d7fcb1ed22488bec37f4600b8b9bd1afa608702bcdda84e903f1b2252c6c1ec,"{""config"":""erasure_r50"",""d"":5,""p"":0.006812920690579608,""r_e"":0.5,""rounds"":5}",
      1024,         0,         0,   0.303,herald_mwpm,c284c367e8ea6fec0babd7678aee40cdbe65623dbe0e9cf9e47718e36beff151,"{""config"":""erasure_r50"",""d"":5,""p"":0.0021544346900318843,""r_e"":0.5,""rounds"":5}",
      8192,       174,         0,   0.082,blind_mwpm,5d7fcb1ed22488bec37f4600b8b9bd1afa608702bcdda84e903f1b2252c6c1ec,"{""config"":""erasure_r50"",""d"":5,""p"":0.006812920690579608,""r_e"":0.5,""rounds"":5}",
       512,         5,         0,   0.309,herald_mwpm,f6af75650281cb20d3b11ecaf89c4b815329f0308b20487651b0f73ca5b0c28f,"{""config"":""erasure_r50"",""d"":5,""p"":0.006812920690579608,""r_e"":0.5,""rounds"":5}",
     10240,       229,         0,   0.100,blind_mwpm,5d7fcb1ed22488bec37f4600b8b9bd1afa608702bcdda84e903f1b2252c6c1ec,"{""config"":""erasure_r50"",""d"":5,""p"":0.006812920690579608,""r_e"":0.5,""rounds"":5}",
      2048,         0,         0,   0.515,herald_mwpm,5bd6a50961112c4772837b9f3d4a1002b35d582180cc4743a68cf822005b91e4,"{""config"":""erasure_r50"",""d"":5,""p"":0.0014677992676220691,""r_e"":0.5,""rounds"":5}",
      1024,         4,         0,   0.547,herald_mwpm,675017e463cc457f8dba892efcc6263147243d8a65e7a591768a6692be903b0e,"{""config"":""erasure_r50"",""d"":5,""p"":0.004641588833612777,""r_e"":0.5,""rounds"":5}",
     10240,       225,         0,   0.078,blind_mwpm,5d7fcb1ed22488bec37f4600b8b9bd1afa608702bcdda84e903f1b2252c6c1ec,"{""config"":""erasure_r50"",""d"":5,""p"":0.006812920690579608,""r_e"":0.5,""rounds"":5}",
      3072,         0,         0,   0.492,herald_mwpm,7b0c736cee9dc0840245294f8cadcedffdd84cab4ec935cbb7dd7c24c22961b5,"{""config"":""erasure_r50"",""d"":5,""p"":0.001,""r_e"":0.5,""rounds"":5}",
      1024,         3,         0,   0.349,herald_mwpm,c284c367e8ea6fec0babd7678aee40cdbe65623dbe0e9cf9e47718e36beff151,"{""config"":""erasure_r50"",""d"":5,""p"":0.0021544346900318843,""r_e"":0.5,""rounds"":5}",
      1024,         2,         0,   0.465,herald_mwpm,d0253239a451a46c5c71089d7de062d088f00001f12056acefec686ca65dcac5,"{""config"":""erasure_r50"",""d"":5,""p"":0.0031622776601683794,""r_e"":0.5,""rounds"":5}",
        17,         0,         0,   0.024,herald_mwpm,6c13909c894e509f02cae15b136dfaecf32e73663897fe70aac43c20e57bd9e2,"{""config"":""erasure_r50"",""d"":5,""p"":0.01,""r_e"":0.5,""rounds"":5}",
       512,         6,         0,   0.373,herald_mwpm,f6af75650281cb20d3b11ecaf89c4b815329f0308b20487651b0f73ca5b0c28f,"{""config"":""erasure_r50"",""d"":5,""p"":0.006812920690579608,""r_e"":0.5,""rounds"":5}",
       256,         7,         0,   0.189,herald_mwpm,6c13909c894e509f02cae15b136dfaecf32e73663897fe70aac43c20e57bd9e2,"{""config"":""erasure_r50"",""d"":5,""p"":0.01,""r_e"":0.5,""rounds"":5}",
      2048,         0,         0,   0.540,herald_mwpm,5bd6a50961112c4772837b9f3d4a1002b35d582180cc4743a68cf822005b91e4,"{""config"":""erasure_r50"",""d"":5,""p"":0.0014677992676220691,""r_e"":0.5,""rounds"":5}",
      1024,         1,         0,   0.361,herald_mwpm,c284c367e8ea6fec0babd7678aee40cdbe65623dbe0e9cf9e47718e36beff151,"{""config"":""erasure_r50"",""d"":5,""p"":0.0021544346900318843,""r_e"":0.5,""rounds"":5}",
      1024,         0,         0,   0.443,herald_mwpm,d0253239a451a46c5c71089d7de062d088f00001f12056acefec686ca65dcac5,"{""config"":""erasure_r50"",""d"":5,""p"":0.0031622776601683794,""r_e"":0.5,""rounds"":5}",
      1024,         2,         0,   0.624,herald_mwpm,675017e463cc457f8dba892efcc6263147243d8a65e7a591768a6692be903b0e,"{""config"":""erasure_r50"",""d"":5,""p"":0.004641588833612777,""r_e"":0.5,""rounds"":5}",
       512,         5,         0,   0.440,herald_mwpm,f6af75650281cb20d3b11ecaf89c4b815329f0308b20487651b0f73ca5b0c28f,"{""config"":""erasure_r50"",""d"":5,""p"":0.006812920690579608,""r_e"":0.5,""rounds"":5}",
      3072,         0,         0,   0.617,herald_mwpm,7b0c736cee9dc0840245294f8cadcedffdd84cab4ec935cbb7dd7c24c22961b5,"{""config"":""erasure_r50"",""d"":5,""p"":0.001,""r_e"":0.5,""rounds"":5}",
       512,        13,         0,   0.485,herald_mwpm,6c13909c894e509f02cae15b136dfaecf32e73663897fe70aac43c20e57bd9e2,"{""config"":""erasure_r50"",""d"":5,""p"":0.01,""r_e"":0.5,""rounds"":5}",
      1024,         1,         0,   0.407,herald_mwpm,c284c367e8ea6fec0babd7678aee40cdbe65623dbe0e9cf9e47718e36beff151,"{""config"":""erasure_r50"",""d"":5,""p"":0.0021544346900318843,""r_e"":0.5,""rounds"":5}",
       512,         6,         0,   0.372,herald_mwpm,f6af75650281cb20d3b11ecaf89c4b815329f0308b20487651b0f73ca5b0c28f,"{""config"":""erasure_r50"",""d"":5,""p"":0.006812920690579608,""r_e"":0.5,""rounds"":5}",
      1024,         0,         0,   0.482,herald_mwpm,d0253239a451a46c5c71089d7de062d088f00001f12056acefec686ca65dcac5,"{""config"":""erasure_r50"",""d"":5,""p"":0.0031622776601683794,""r_e"":0.5,""rounds"":5}",
      2048,         0,         0,   0.591,herald_mwpm,5bd6a50961112c4772837b9f3d4a1002b35d582180cc4743a68cf822005b91e4,"{""config"":""erasure_r50"",""d"":5,""p"":0.0014677992676220691,""r_e"":0.5,""rounds"":5}",
       512,        11,         0,   0.422,herald_mwpm,6c13909c894e509f02cae15b136dfaecf32e73663897fe70aac43c20e57bd9e2,"{""config"":""erasure_r50"",""d"":5,""p"":0.01,""r_e"":0.5,""rounds"":5}",
      1024,         4,         0,   0.664,herald_mwpm,675017e463cc457f8dba892efcc6263147243d8a65e7a591768a6692be903b0e,"{""config"":""erasure_r50"",""d"":5,""p"":0.004641588833612777,""r_e"":0.5,""rounds"":5}",
       512,         5,         0,   0.380,herald_mwpm,f6af75650281cb20d3b11ecaf89c4b815329f0308b20487651b0f73ca5b0c28f,"{""config"":""erasure_r50"",""d"":5,""p"":0.006812920690579608,""r_e"":0.5,""rounds"":5}",
      1024,         3,         0,   0.411,herald_mwpm,d0253239a451a46c5c71089d7de062d088f00001f12056acefec686ca65dcac5,"{""config"":""erasure_r50"",""d"":5,""p"":0.0031622776601683794,""r_e"":0.5,""rounds"":5}",
      2048,         4,         0,   0.688,herald_mwpm,c284c367e8ea6fec0babd7678aee40cdbe65623dbe0e9cf9e47718e36beff151,"{""config"":""erasure_r50"",""d"":5,""p"":0.0021544346900318843,""r_e"":0.5,""rounds"":5}",
      5120,         0,         0,   0.899,herald_mwpm,7b0c736cee9dc0840245294f8cadcedffdd84cab4ec935cbb7dd7c24c22961b5,"{""config"":""erasure_r50"",""d"":5,""p"":0.001,""r_e"":0.5,""rounds"":5}",
       512,        12,         0,   0.397,herald_mwpm,6c13909c894e509f02cae15b136dfaecf32e73663897fe70aac43c20e57bd9e2,"{""config"":""erasure_r50"",""d"":5,""p"":0.01,""r_e"":0.5,""rounds"":5}",
       512,         4,         0,   0.340,herald_mwpm,f6af75650281cb20d3b11ecaf89c4b815329f0308b20487651b0f73ca5b0c28f,"{""config"":""erasure_r50"",""d"":5,""p"":0.006812920690579608,""r_e"":0.5,""rounds"":5}",
      1024,         5,         0,   0.577,herald_mwpm,675017e463cc457f8dba892efcc6263147243d8a65e7a591768a6692be903b0e,"{""config"":""erasure_r50"",""d"":5,""p"":0.004641588833612777,""r_e"":0.5,""rounds"":5}",
      3072,         0,         0,   0.814,herald_mwpm,5bd6a50961112c4772837b9f3d4a1002b35d582180cc4743a68cf822005b91e4,"{""config"":""erasure_r50"",""d"":5,""p"":0.0014677992676220691,""r_e"":0.5,""rounds"":5}",
      1024,         1,         0,   0.418,herald_mwpm,d0253239a451a46c5c71089d7de062d088f00001f12056acefec686ca65dcac5,"{""config"":""erasure_r50"",""d"":5,""p"":0.0031622776601683794,""r_e"":0.5,""rounds"":5}",
       512,        25,         0,   0.390,herald_mwpm,6c13909c894e509f02cae15b136dfaecf32e73663897fe70aac43c20e57bd9e2,"{""config"":""erasure_r50"",""d"":5,""p"":0.01,""r_e"":0.5,""rounds"":5}",
       512,         2,         0,   0.351,herald_mwpm,f6af75650281cb20d3b11ecaf89c4b815329f0308b20487651b0f73ca5b0c28f,"{""config"":""erasure_r50"",""d"":5,""p"":0.006812920690579608,""r_e"":0.5,""rounds"":5}",
      1024,         3,         0,   0.438,herald_mwpm,d0253239a451a46c5c71089d7de062d088f00001f12056acefec686ca65dcac5,"{""config"":""erasure_r50"",""d"":5,""p"":0.0031622776601683794,""r_e"":0.5,""rounds"":5}",
      1024,         1,         0,   0.557,herald_mwpm,675017e463cc457f8dba892efcc6263147243d8a65e7a591768a6692be903b0e,"{""config"":""erasure_r50"",""d"":5,""p"":0.004641588833612777,""r_e"":0.5,""rounds"":5}",
       512,        15,         0,   0.413,herald_mwpm,6c13909c894e509f02cae15b136dfaecf32e73663897fe70aac43c20e57bd9e2,"{""config"":""erasure_r50"",""d"":5,""p"":0.01,""r_e"":0.5,""rounds"":5}",
       512,         8,         0,   0.358,herald_mwpm,f6af75650281cb20d3b11ecaf89c4b815329f0308b20487651b0f73ca5b0c28f,"{""config"":""erasure_r50"",""d"":5,""p"":0.006812920690579608,""r_e"":0.5,""rounds"":5}",
      3072,         1,         0,   0.989,herald_mwpm,c284c367e8ea6fec0babd7678aee40cdbe65623dbe0e9cf9e47718e36beff151,"{""config"":""erasure_r50"",""d"":5,""p"":0.0021544346900318843,""r_e"":0.5,""rounds"":5}",
      6144,         0,         0,    1.11,herald_mwpm,7b0c736cee9dc0840245294f8cadcedffdd84cab4ec935cbb7dd7c24c22961b5,"{""config"":""erasure_r50"",""d"":5,""p"":0.001,""r_e"":0.5,""rounds"":5}",
      1024,         1,         0,   0.431,herald_mwpm,d0253239a451a46c5c71089d7de062d088f00001f12056acefec686ca65dcac5,"{""config"":""erasure_r50"",""d"":5,""p"":0.0031622776601683794,""r_e"":0.5,""rounds"":5}",
       512,        15,         0,   0.426,herald_mwpm,6c13909c894e509f02cae15b136dfaecf32e73663897fe70aac43c20e57bd9e2,"{""config"":""erasure_r50"",""d"":5,""p"":0.01,""r_e"":0.5,""rounds"":5}",
      1024,         3,         0,   0.556,herald_mwpm,675017e463cc457f8dba892efcc6263147243d8a65e7a591768a6692be903b0e,"{""config"":""erasure_r50"",""d"":5,""p"":0.004641588833612777,""r_e"":0.5,""rounds"":5}",
      5120,         1,         0,    1.26,herald_mwpm,5bd6a50961112c4772837b9f3d4a1002b35d582180cc4743a68cf822005b91e4,"{""config"":""erasure_r50"",""d"":5,""p"":0.0014677992676220691,""r_e"":0.5,""rounds"":5}",
      1024,        11,         0,   0.744,herald_mwpm,f6af75650281cb20d3b11ecaf89c4b815329f0308b20487651b0f73ca5b0c28f,"{""config"":""erasure_r50"",""d"":5,""p"":0.006812920690579608,""r_e"":0.5,""rounds"":5}",
       512,        16,         0,   0.419,herald_mwpm,6c13909c894e509f02cae15b136dfaecf32e73663897fe70aac43c20e57bd9e2,"{""config"":""erasure_r50"",""d"":5,""p"":0.01,""r_e"":0.5,""rounds"":5}",
      1024,         4,         0,   0.675,herald_mwpm,675017e463cc457f8dba892efcc6263147243d8a65e7a591768a6692be903b0e,"{""config"":""erasure_r50"",""d"":5,""p"":0.004641588833612777,""r_e"":0.5,""rounds"":5}",
      3072,         0,         0,    1.14,herald_mwpm,c284c367e8ea6fec0babd7678aee40cdbe65623dbe0e9cf9e47718e36beff151,"{""config"":""erasure_r50"",""d"":5,""p"":0.0021544346900318843,""r_e"":0.5,""rounds"":5}",
      2048,         2,         0,   0.965,herald_mwpm,d0253239a451a46c5c71089d7de062d088f00001f12056acefec686ca65dcac5,"{""config"":""erasure_r50"",""d"":5,""p"":0.0031622776601683794,""r_e"":0.5,""rounds"":5}",
       512,        16,         0,   0.501,herald_mwpm,6c13909c894e509f02cae15b136dfaecf32e73663897fe70aac43c20e57bd9e2,"{""config"":""erasure_r50"",""d"":5,""p"":0.01,""r_e"":0.5,""rounds"":5}",
      1024,        15,         0,   0.959,herald_mwpm,f6af75650281cb20d3b11ecaf89c4b815329f0308b20487651b0f73ca5b0c28f,"{""config"":""erasure_r50"",""d"":5,""p"":0.006812920690579608,""r_e"":0.5,""rounds"":5}",
       512,        18,         0,   0.530,herald_mwpm,6c13909c894e509f02cae15b136dfaecf32e73663897fe70aac43c20e57bd9e2,"{""config"":""erasure_r50"",""d"":5,""p"":0.01,""r_e"":0.5,""rounds"":5}",
      1024,         4,         0,   0.707,herald_mwpm,675017e463cc457f8dba892efcc6263147243d8a65e7a591768a6692be903b0e,"{""config"":""erasure_r50"",""d"":5,""p"":0.004641588833612777,""r_e"":0.5,""rounds"":5}",
      8192,         0,         0,    1.65,herald_mwpm,7b0c736cee9dc0840245294f8cadcedffdd84cab4ec935cbb7dd7c24c22961b5,"{""config"":""erasure_r50"",""d"":5,""p"":0.001,""r_e"":0.5,""rounds"":5}",
      2048,         2,         0,   0.907,herald_mwpm,d0253239a451a46c5c71089d7de062d088f00001f12056acefec686ca65dcac5,"{""config"":""erasure_r50"",""d"":5,""p"":0.0031622776601683794,""r_e"":0.5,""rounds"":5}",
       512,        15,         0,   0.431,herald_mwpm,6c13909c894e509f02cae15b136dfaecf32e73663897fe70aac43c20e57bd9e2,"{""config"":""erasure_r50"",""d"":5,""p"":0.01,""r_e"":0.5,""rounds"":5}",
      6144,         2,         0,    1.70,herald_mwpm,5bd6a50961112c4772837b9f3d4a1002b35d582180cc4743a68cf822005b91e4,"{""config"":""erasure_r50"",""d"":5,""p"":0.0014677992676220691,""r_e"":0.5,""rounds"":5}",
      1536,        17,         0,    1.07,herald_mwpm,f6af75650281cb20d3b11ecaf89c4b815329f0308b20487651b0f73ca5b0c28f,"{""config"":""erasure_r50"",""d"":5,""p"":0.006812920690579608,""r_e"":0.5,""rounds"":5}",
      2048,         2,         0,    1.14,herald_mwpm,675017e463cc457f8dba892efcc6263147243d8a65e7a591768a6692be903b0e,"{""config"":""erasure_r50"",""d"":5,""p"":0.004641588833612777,""r_e"":0.5,""rounds"":5}",
      5120,         1,         0,    1.79,herald_mwpm,c284c367e8ea6fec0babd7678aee40cdbe65623dbe0e9cf9e47718e36beff151,"{""config"":""erasure_r50"",""d"":5,""p"":0.0021544346900318843,""r_e"":0.5,""rounds"":5}",
      1024,        38,         0,   0.837,herald_mwpm,6c13909c894e509f02cae15b136dfaecf32e73663897fe70aac43c20e57bd9e2,"{""config"":""erasure_r50"",""d"":5,""p"":0.01,""r_e"":0.5,""rounds"":5}",
      3072,         2,         0,    1.32,herald_mwpm,d0253239a451a46c5c71089d7de062d088f00001f12056acefec686ca65dcac5,"{""config"":""erasure_r50"",""d"":5,""p"":0.0031622776601683794,""r_e"":0.5,""rounds"":5}",
      1024,        38,         0,   0.848,herald_mwpm,6c13909c894e509f02cae15b136dfaecf32e73663897fe70aac43c20e57bd9e2,"{""config"":""erasure_r50"",""d"":5,""p"":0.01,""r_e"":0.5,""rounds"":5}",
      2048,         9,         0,    1.17,herald_mwpm,675017e463cc457f8dba892efcc6263147243d8a65e7a591768a6692be903b0e,"{""config"":""erasure_r50"",""d"":5,""p"":0.004641588833612777,""r_e"":0.5,""rounds"":5}",
     12288,         0,         0,    2.29,herald_mwpm,7b0c736cee9dc0840245294f8cadcedffdd84cab4ec935cbb7dd7c24c22961b5,"{""config"":""erasure_r50"",""d"":5,""p"":0.001,""r_e"":0.5,""rounds"":5}",
      2048,        22,         0,    1.47,herald_mwpm,f6af75650281cb20d3b11ecaf89c4b815329f0308b20487651b0f73ca5b0c28f,"{""config"":""erasure_r50"",""d"":5,""p"":0.006812920690579608,""r_e"":0.5,""rounds"":5}",
      9216,         0,         0,    2.29,herald_mwpm,5bd6a50961112c4772837b9f3d4a1002b35d582180cc4743a68cf822005b91e4,"{""config"":""erasure_r50"",""d"":5,""p"":0.0014677992676220691,""r_e"":0.5,""rounds"":5}",
      1536,        37,         0,    1.24,herald_mwpm,6c13909c894e509f02cae15b136dfaecf32e73663897fe70aac43c20e57bd9e2,"{""config"":""erasure_r50"",""d"":5,""p"":0.01,""r_e"":0.5,""rounds"":5}",
      4096,         4,         0,    1.81,herald_mwpm,d0253239a451a46c5c71089d7de062d088f00001f12056acefec686ca65dcac5,"{""config"":""erasure_r50"",""d"":5,""p"":0.0031622776601683794,""r_e"":0.5,""rounds"":5}",
      2048,         5,         0,    1.22,herald_mwpm,675017e463cc457f8dba892efcc6263147243d8a65e7a591768a6692be903b0e,"{""config"":""erasure_r50"",""d"":5,""p"":0.004641588833612777,""r_e"":0.5,""rounds"":5}",
      7168,         0,         0,    2.49,herald_mwpm,c284c367e8ea6fec0babd7678aee40cdbe65623dbe0e9cf9e47718e36beff151,"{""config"":""erasure_r50"",""d"":5,""p"":0.0021544346900318843,""r_e"":0.5,""rounds"":5}",
      2560,        37,         0,    1.78,herald_mwpm,f6af75650281cb20d3b11ecaf89c4b815329f0308b20487651b0f73ca5b0c28f,"{""config"":""erasure_r50"",""d"":5,""p"":0.006812920690579608,""r_e"":0.5,""rounds"":5}",
      2048,        70,         0,    1.68,herald_mwpm,6c13909c894e509f02cae15b136dfaecf32e73663897fe70aac43c20e57bd9e2,"{""config"":""erasure_r50"",""d"":5,""p"":0.01,""r_e"":0.5,""rounds"":5}",
      3072,         9,         0,    1.74,herald_mwpm,675017e463cc457f8dba892efcc6263147243d8a65e7a591768a6692be903b0e,"{""config"":""erasure_r50"",""d"":5,""p"":0.004641588833612777,""r_e"":0.5,""rounds"":5}",
     16384,         0,         0,    3.10,herald_mwpm,7b0c736cee9dc0840245294f8cadcedffdd84cab4ec935cbb7dd7c24c22961b5,"{""config"":""erasure_r50"",""d"":5,""p"":0.001,""r_e"":0.5,""rounds"":5}",
      5120,         6,         0,    2.20,herald_mwpm,d0253239a451a46c5c71089d7de062d088f00001f12056acefec686ca65dcac5,"{""config"":""erasure_r50"",""d"":5,""p"":0.0031622776601683794,""r_e"":0.5,""rounds"":5}",
     12288,         2,         0,    3.08,herald_mwpm,5bd6a50961112c4772837b9f3d4a1002b35d582180cc4743a68cf822005b91e4,"{""config"":""erasure_r50"",""d"":5,""p"":0.0014677992676220691,""r_e"":0.5,""rounds"":5}",
      3072,        37,         0,    2.20,herald_mwpm,f6af75650281cb20d3b11ecaf89c4b815329f0308b20487651b0f73ca5b0c28f,"{""config"":""erasure_r50"",""d"":5,""p"":0.006812920690579608,""r_e"":0.5,""rounds"":5}",
     10240,         3,         0,    3.35,herald_mwpm,c284c367e8ea6fec0babd7678aee40cdbe65623dbe0e9cf9e47718e36beff151,"{""config"":""erasure_r50"",""d"":5,""p"":0.0021544346900318843,""r_e"":0.5,""rounds"":5}",
      4096,        14,         0,    2.23,herald_mwpm,675017e463cc457f8dba892efcc6263147243d8a65e7a591768a6692be903b0e,"{""config"":""erasure_r50"",""d"":5,""p"":0.004641588833612777,""r_e"":0.5,""rounds"":5}",
      3072,       108,         0,    2.57,herald_mwpm,6c13909c894e509f02cae15b136dfaecf32e73663897fe70aac43c20e57bd9e2,"{""config"":""erasure_r50"",""d"":5,""p"":0.01,""r_e"":0.5,""rounds"":5}",
      7168,         8,         0,    3.17,herald_mwpm,d0253239a451a46c5c71089d7de062d088f00001f12056acefec686ca65dcac5,"{""config"":""erasure_r50"",""d"":5,""p"":0.0031622776601683794,""r_e"":0.5,""rounds"":5}",
      4608,        56,         0,    3.31,herald_mwpm,f6af75650281cb20d3b11ecaf89c4b815329f0308b20487651b0f73ca5b0c28f,"{""config"":""erasure_r50"",""d"":5,""p"":0.006812920690579608,""r_e"":0.5,""rounds"":5}",
     22528,         1,         0,    4.31,herald_mwpm,7b0c736cee9dc0840245294f8cadcedffdd84cab4ec935cbb7dd7c24c22961b5,"{""config"":""erasure_r50"",""d"":5,""p"":0.001,""r_e"":0.5,""rounds"":5}",
     17408,         1,         0,    4.36,herald_mwpm,5bd6a50961112c4772837b9f3d4a1002b35d582180cc4743a68cf822005b91e4,"{""config"":""erasure_r50"",""d"":5,""p"":0.0014677992676220691,""r_e"":0.5,""rounds"":5}",
      4096,       130,         0,    3.39,herald_mwpm,6c13909c894e509f02cae15b136dfaecf32e73663897fe70aac43c20e57bd9e2,"{""config"":""erasure_r50"",""d"":5,""p"":0.01,""r_e"":0.5,""rounds"":5}",
      6144,        31,         0,    3.56,herald_mwpm,675017e463cc457f8dba892efcc6263147243d8a65e7a591768a6692be903b0e,"{""config"":""erasure_r50"",""d"":5,""p"":0.004641588833612777,""r_e"":0.5,""rounds"":5}",
     13312,         4,         0,    4.60,herald_mwpm,c284c367e8ea6fec0babd7678aee40cdbe65623dbe0e9cf9e47718e36beff151,"{""config"":""erasure_r50"",""d"":5,""p"":0.0021544346900318843,""r_e"":0.5,""rounds"":5}",
     10639,         0,         0,    2.06,herald_mwpm,7b0c736cee9dc0840245294f8cadcedffdd84cab4ec935cbb7dd7c24c22961b5,"{""config"":""erasure_r50"",""d"":5,""p"":0.001,""r_e"":0.5,""rounds"":5}",
      1297,        67,         0,   0.014,blind_mwpm,7cab8dff5655921d82f72ce0600410f6c99b85e64bb68d8b6b98f3dcb40b1beb,"{""config"":""erasure_r50"",""d"":5,""p"":0.01,""r_e"":0.5,""rounds"":5}",
      1024,        69,         0,   0.014,blind_mwpm,7cab8dff5655921d82f72ce0600410f6c99b85e64bb68d8b6b98f3dcb40b1beb,"{""config"":""erasure_r50"",""d"":5,""p"":0.01,""r_e"":0.5,""rounds"":5}",
      2048,       124,         0,   0.025,blind_mwpm,7cab8dff5655921d82f72ce0600410f6c99b85e64bb68d8b6b98f3dcb40b1beb,"{""config"":""erasure_r50"",""d"":5,""p"":0.01,""r_e"":0.5,""rounds"":5}",
      3072,       196,         0,   0.036,blind_mwpm,7cab8dff5655921d82f72ce0600410f6c99b85e64bb68d8b6b98f3dcb40b1beb,"{""config"":""erasure_r50"",""d"":5,""p"":0.01,""r_e"":0.5,""rounds"":5}",
      4096,       267,         0,   0.050,blind_mwpm,7cab8dff5655921d82f72ce0600410f6c99b85e64bb68d8b6b98f3dcb40b1beb,"{""config"":""erasure_r50"",""d"":5,""p"":0.01,""r_e"":0.5,""rounds"":5}",
      5120,       299,         0,   0.062,blind_mwpm,7cab8dff5655921d82f72ce0600410f6c99b85e64bb68d8b6b98f3dcb40b1beb,"{""config"":""erasure_r50"",""d"":5,""p"":0.01,""r_e"":0.5,""rounds"":5}",
        17,         2,         0,   0.018,herald_mwpm,9057b013e3c298814fb74d901e173744bfa01db15cdf42d95719a947a8b92faf,"{""config"":""erasure_r50"",""d"":5,""p"":0.01467799267622069,""r_e"":0.5,""rounds"":5}",
       256,        16,         0,   0.213,herald_mwpm,9057b013e3c298814fb74d901e173744bfa01db15cdf42d95719a947a8b92faf,"{""config"":""erasure_r50"",""d"":5,""p"":0.01467799267622069,""r_e"":0.5,""rounds"":5}",
       512,        43,         0,   0.451,herald_mwpm,9057b013e3c298814fb74d901e173744bfa01db15cdf42d95719a947a8b92faf,"{""config"":""erasure_r50"",""d"":5,""p"":0.01467799267622069,""r_e"":0.5,""rounds"":5}",
       512,        33,         0,   0.461,herald_mwpm,9057b013e3c298814fb74d901e173744bfa01db15cdf42d95719a947a8b92faf,"{""config"":""erasure_r50"",""d"":5,""p"":0.01467799267622069,""r_e"":0.5,""rounds"":5}",
     10240,        11,         0,    4.61,herald_mwpm,d0253239a451a46c5c71089d7de062d088f00001f12056acefec686ca65dcac5,"{""config"":""erasure_r50"",""d"":5,""p"":0.0031622776601683794,""r_e"":0.5,""rounds"":5}",
       512,        35,         0,   0.450,herald_mwpm,9057b013e3c298814fb74d901e173744bfa01db15cdf42d95719a947a8b92faf,"{""config"":""erasure_r50"",""d"":5,""p"":0.01467799267622069,""r_e"":0.5,""rounds"":5}",
      6144,        56,         0,    4.49,herald_mwpm,f6af75650281cb20d3b11ecaf89c4b815329f0308b20487651b0f73ca5b0c28f,"{""config"":""erasure_r50"",""d"":5,""p"":0.006812920690579608,""r_e"":0.5,""rounds"":5}",
       512,        39,         0,   0.463,herald_mwpm,9057b013e3c298814fb74d901e173744bfa01db15cdf42d95719a947a8b92faf,"{""config"":""erasure_r50"",""d"":5,""p"":0.01467799267622069,""r_e"":0.5,""rounds"":5}",
       512,        43,         0,   0.458,herald_mwpm,9057b013e3c298814fb74d901e173744bfa01db15cdf42d95719a947a8b92faf,"{""config"":""erasure_r50"",""d"":5,""p"":0.01467799267622069,""r_e"":0.5,""rounds"":5}",
       512,        49,         0,   0.446,herald_mwpm,9057b013e3c298814fb74d901e173744bfa01db15cdf42d95719a947a8b92faf,"{""config"":""erasure_r50"",""d"":5,""p"":0.01467799267622069,""r_e"":0.5,""rounds"":5}",
      8192,        38,         0,    4.55,herald_mwpm,675017e463cc457f8dba892efcc6263147243d8a65e7a591768a6692be903b0e,"{""config"":""erasure_r50"",""d"":5,""p"":0.004641588833612777,""r_e"":0.5,""rounds"":5}",
      5632,       195,         0,    4.64,herald_mwpm,6c13909c894e509f02cae15b136dfaecf32e73663897fe70aac43c20e57bd9e2,"{""config"":""erasure_r50"",""d"":5,""p"":0.01,""r_e"":0.5,""rounds"":5}",
       512,        36,         0,   0.446,herald_mwpm,9057b013e3c298814fb74d901e173744bfa01db15cdf42d95719a947a8b92faf,"{""config"":""erasure_r50"",""d"":5,""p"":0.01467799267622069,""r_e"":0.5,""rounds"":5}",
       512,        44,         0,   0.449,herald_mwpm,9057b013e3c298814fb74d901e173744bfa01db15cdf42d95719a947a8b92faf,"{""config"":""erasure_r50"",""d"":5,""p"":0.01467799267622069,""r_e"":0.5,""rounds"":5}",
     23552,         2,         0,    5.99,herald_mwpm,5bd6a50961112c4772837b9f3d4a1002b35d582180cc4743a68cf822005b91e4,"{""config"":""erasure_r50"",""d"":5,""p"":0.0014677992676220691,""r_e"":0.5,""rounds"":5}",
       512,        39,         0,   0.435,herald_mwpm,9057b013e3c298814fb74d901e173744bfa01db15cdf42d95719a947a8b92faf,"{""config"":""erasure_r50"",""d"":5,""p"":0.01467799267622069,""r_e"":0.5,""rounds"":5}",
       512,        45,         0,   0.455,herald_mwpm,9057b013e3c298814fb74d901e173744bfa01db15cdf42d95719a947a8b92faf,"{""config"":""erasure_r50"",""d"":5,""p"":0.01467799267622069,""r_e"":0.5,""rounds"":5}",
     18432,        10,         0,    6.23,herald_mwpm,c284c367e8ea6fec0babd7678aee40cdbe65623dbe0e9cf9e47718e36beff151,"{""config"":""erasure_r50"",""d"":5,""p"":0.0021544346900318843,""r_e"":0.5,""rounds"":5}",
      1024,        92,         0,   0.939,herald_mwpm,9057b013e3c298814fb74d901e173744bfa01db15cdf42d95719a947a8b92faf,"{""config"":""erasure_r50"",""d"":5,""p"":0.01467799267622069,""r_e"":0.5,""rounds"":5}",
      8591,         1,         0,    2.21,herald_mwpm,5bd6a50961112c4772837b9f3d4a1002b35d582180cc4743a68cf822005b91e4,"{""config"":""erasure_r50"",""d"":5,""p"":0.0014677992676220691,""r_e"":0.5,""rounds"":5}",
      1297,       189,         0,   0.022,blind_mwpm,c4ffacfc15261f9a7bc800086ece0e2f6d3522aae59edf49edff96e16872cf87,"{""config"":""erasure_r50"",""d"":5,""p"":0.01467799267622069,""r_e"":0.5,""rounds"":5}",
      1024,       128,         0,   0.016,blind_mwpm,c4ffacfc15261f9a7bc800086ece0e2f6d3522aae59edf49edff96e16872cf87,"{""config"":""erasure_r50"",""d"":5,""p"":0.01467799267622069,""r_e"":0.5,""rounds"":5}",
      2048,       269,         0,   0.031,blind_mwpm,c4ffacfc15261f9a7bc800086ece0e2f6d3522aae59edf49edff96e16872cf87,"{""config"":""erasure_r50"",""d"":5,""p"":0.01467799267622069,""r_e"":0.5,""rounds"":5}",
      2048,       279,         0,   0.030,blind_mwpm,c4ffacfc15261f9a7bc800086ece0e2f6d3522aae59edf49edff96e16872cf87,"{""config"":""erasure_r50"",""d"":5,""p"":0.01467799267622069,""r_e"":0.5,""rounds"":5}",
      1024,       151,         0,   0.015,blind_mwpm,c4ffacfc15261f9a7bc800086ece0e2f6d3522aae59edf49edff96e16872cf87,"{""config"":""erasure_r50"",""d"":5,""p"":0.01467799267622069,""r_e"":0.5,""rounds"":5}",
        17,         3,         0,   0.018,herald_mwpm,57a8413133e1f4139eefaee28a2e804b03b8d99d1225f2053bf4b0df9e86a985,"{""config"":""erasure_r50"",""d"":5,""p"":0.018,""r_e"":0.5,""rounds"":5}",
      1024,        87,         0,   0.930,herald_mwpm,9057b013e3c298814fb74d901e173744bfa01db15cdf42d95719a947a8b92faf,"{""config"":""erasure_r50"",""d"":5,""p"":0.01467799267622069,""r_e"":0.5,""rounds"":5}",
       256,        24,         0,   0.225,herald_mwpm,57a8413133e1f4139eefaee28a2e804b03b8d99d1225f2053bf4b0df9e86a985,"{""config"":""erasure_r50"",""d"":5,""p"":0.018,""r_e"":0.5,""rounds"":5}",
       512,        72,         0,   0.511,herald_mwpm,57a8413133e1f4139eefaee28a2e804b03b8d99d1225f2053bf4b0df9e86a985,"{""config"":""erasure_r50"",""d"":5,""p"":0.018,""r_e"":0.5,""rounds"":5}",
     14336,        17,         0,    6.41,herald_mwpm,d0253239a451a46c5c71089d7de062d088f00001f12056acefec686ca65dcac5,"{""config"":""erasure_r50"",""d"":5,""p"":0.0031622776601683794,""r_e"":0.5,""rounds"":5}",
       512,        80,         0,   0.464,herald_mwpm,57a8413133e1f4139eefaee28a2e804b03b8d99d1225f2053bf4b0df9e86a985,"{""config"":""erasure_r50"",""d"":5,""p"":0.018,""r_e"":0.5,""rounds"":5}",
      8192,        80,         0,    6.02,herald_mwpm,f6af75650281cb20d3b11ecaf89c4b815329f0308b20487651b0f73ca5b0c28f,"{""config"":""erasure_r50"",""d"":5,""p"":0.006812920690579608,""r_e"":0.5,""rounds"":5}",
      1536,       137,         0,    1.40,herald_mwpm,9057b013e3c298814fb74d901e173744bfa01db15cdf42d95719a947a8b92faf,"{""config"":""erasure_r50"",""d"":5,""p"":0.01467799267622069,""r_e"":0.5,""rounds"":5}",
       512,        83,         0,   0.478,herald_mwpm,57a8413133e1f4139eefaee28a2e804b03b8d99d1225f2053bf4b0df9e86a985,"{""config"":""erasure_r50"",""d"":5,""p"":0.018,""r_e"":0.5,""rounds"":5}",
       512,        67,         0,   0.461,herald_mwpm,57a8413133e1f4139eefaee28a2e804b03b8d99d1225f2053bf4b0df9e86a985,"{""config"":""erasure_r50"",""d"":5,""p"":0.018,""r_e"":0.5,""rounds"":5}",
       512,        91,         0,   0.495,herald_mwpm,57a8413133e1f4139eefaee28a2e804b03b8d99d1225f2053bf4b0df9e86a985,"{""config"":""erasure_r50"",""d"":5,""p"":0.018,""r_e"":0.5,""rounds"":5}",
      7168,       218,         0,    5.99,herald_mwpm,6c13909c894e509f02cae15b136dfaecf32e73663897fe70aac43c20e57bd9e2,"{""config"":""erasure_r50"",""d"":5,""p"":0.01,""r_e"":0.5,""rounds"":5}",
       512,        68,         0,   0.475,herald_mwpm,57a8413133e1f4139eefaee28a2e804b03b8d99d1225f2053bf4b0df9e86a985,"{""config"":""erasure_r50"",""d"":5,""p"":0.018,""r_e"":0.5,""rounds"":5}",
       512,        25,         0,   0.457,herald_mwpm,6c13909c894e509f02cae15b136dfaecf32e73663897fe70aac43c20e57bd9e2,"{""config"":""erasure_r50"",""d"":5,""p"":0.01,""r_e"":0.5,""rounds"":5}",
      2048,       190,         0,    1.84,herald_mwpm,9057b013e3c298814fb74d901e173744bfa01db15cdf42d95719a947a8b92faf,"{""config"":""erasure_r50"",""d"":5,""p"":0.01467799267622069,""r_e"":0.5,""rounds"":5}",
     11264,        37,         0,    6.50,herald_mwpm,675017e463cc457f8dba892efcc6263147243d8a65e7a591768a6692be903b0e,"{""config"":""erasure_r50"",""d"":5,""p"":0.004641588833612777,""r_e"":0.5,""rounds"":5}",
      1297,       283,         0,   0.026,blind_mwpm,0ba60f959238fbf379e15d5fee00edd98d046c89c97b322a5f37404616540e24,"{""config"":""erasure_r50"",""d"":5,""p"":0.018,""r_e"":0.5,""rounds"":5}",
      1024,       270,         0,   0.018,blind_mwpm,0ba60f959238fbf379e15d5fee00edd98d046c89c97b322a5f37404616540e24,"{""config"":""erasure_r50"",""d"":5,""p"":0.018,""r_e"":0.5,""rounds"":5}",
      2048,       422,         0,   0.035,blind_mwpm,0ba60f959238fbf379e15d5fee00edd98d046c89c97b322a5f37404616540e24,"{""config"":""erasure_r50"",""d"":5,""p"":0.018,""r_e"":0.5,""rounds"":5}",
      1024,       181,         0,   0.022,blind_mwpm,0ba60f959238fbf379e15d5fee00edd98d046c89c97b322a5f37404616540e24,"{""config"":""erasure_r50"",""d"":5,""p"":0.018,""r_e"":0.5,""rounds"":5}",
       512,        65,         0,   0.464,herald_mwpm,57a8413133e1f4139eefaee28a2e804b03b8d99d1225f2053bf4b0df9e86a985,"{""config"":""erasure_r50"",""d"":5,""p"":0.018,""r_e"":0.5,""rounds"":5}",
        17,         3,         0,   0.018,herald_mwpm,d47ca3a4888bd6f0aeeb7d4931a4c6d3a7e362148bebbffa79cbbd9e54b2c312,"{""config"":""erasure_r50"",""d"":5,""p"":0.02,""r_e"":0.5,""rounds"":5}",
       256,        42,         0,   0.234,herald_mwpm,d47ca3a4888bd6f0aeeb7d4931a4c6d3a7e362148bebbffa79cbbd9e54b2c312,"{""config"":""erasure_r50"",""d"":5,""p"":0.02,""r_e"":0.5,""rounds"":5}",
       512,        67,         0,   0.460,herald_mwpm,57a8413133e1f4139eefaee28a2e804b03b8d99d1225f2053bf4b0df9e86a985,"{""config"":""erasure_r50"",""d"":5,""p"":0.018,""r_e"":0.5,""rounds"":5}",
      1024,        86,         0,   0.928,herald_mwpm,9057b013e3c298814fb74d901e173744bfa01db15cdf42d95719a947a8b92faf,"{""config"":""erasure_r50"",""d"":5,""p"":0.01467799267622069,""r_e"":0.5,""rounds"":5}",
       512,        97,         0,   0.470,herald_mwpm,d47ca3a4888bd6f0aeeb7d4931a4c6d3a7e362148bebbffa79cbbd9e54b2c312,"{""config"":""erasure_r50"",""d"":5,""p"":0.02,""r_e"":0.5,""rounds"":5}",
      1297,       332,         0,   0.028,blind_mwpm,6cf603f1a53cd21c066505d22591d17b10d1e40ef4d825f4f460de863c2e4b54,"{""config"":""erasure_r50"",""d"":5,""p"":0.02,""r_e"":0.5,""rounds"":5}",
      1024,       284,         0,   0.021,blind_mwpm,6cf603f1a53cd21c066505d22591d17b10d1e40ef4d825f4f460de863c2e4b54,"{""config"":""erasure_r50"",""d"":5,""p"":0.02,""r_e"":0.5,""rounds"":5}",
      1024,       229,         0,   0.019,blind_mwpm,6cf603f1a53cd21c066505d22591d17b10d1e40ef4d825f4f460de863c2e4b54,"{""config"":""erasure_r50"",""d"":5,""p"":0.02,""r_e"":0.5,""rounds"":5}",
      1024,       262,         0,   0.020,blind_mwpm,6cf603f1a53cd21c066505d22591d17b10d1e40ef4d825f4f460de863c2e4b54,"{""config"":""erasure_r50"",""d"":5,""p"":0.02,""r_e"":0.5,""rounds"":5}",
       512,        69,         0,   0.461,herald_mwpm,57a8413133e1f4139eefaee28a2e804b03b8d99d1225f2053bf4b0df9e86a985,"{""config"":""erasure_r50"",""d"":5,""p"":0.018,""r_e"":0.5,""rounds"":5}",
        17,         3,         0,   0.020,herald_mwpm,d7a4b39d7574c3b6fd811ffde2d57287761f212d3e19ab423e976382c36d32ef,"{""config"":""erasure_r50"",""d"":5,""p"":0.021544346900318832,""r_e"":0.5,""rounds"":5}",
       256,        44,         0,   0.304,herald_mwpm,d7a4b39d7574c3b6fd811ffde2d57287761f212d3e19ab423e976382c36d32ef,"{""config"":""erasure_r50"",""d"":5,""p"":0.021544346900318832,""r_e"":0.5,""rounds"":5}",
       512,        80,         0,   0.537,herald_mwpm,d47ca3a4888bd6f0aeeb7d4931a4c6d3a7e362148bebbffa79cbbd9e54b2c312,"{""config"":""erasure_r50"",""d"":5,""p"":0.02,""r_e"":0.5,""rounds"":5}",
       512,        63,         0,   0.567,herald_mwpm,57a8413133e1f4139eefaee28a2e804b03b8d99d1225f2053bf4b0df9e86a985,"{""config"":""erasure_r50"",""d"":5,""p"":0.018,""r_e"":0.5,""rounds"":5}",
       256,        41,         0,   0.298,herald_mwpm,d7a4b39d7574c3b6fd811ffde2d57287761f212d3e19ab423e976382c36d32ef,"{""config"":""erasure_r50"",""d"":5,""p"":0.021544346900318832,""r_e"":0.5,""rounds"":5}",
       512,        82,         0,   0.692,herald_mwpm,d47ca3a4888bd6f0aeeb7d4931a4c6d3a7e362148bebbffa79cbbd9e54b2c312,"{""config"":""erasure_r50"",""d"":5,""p"":0.02,""r_e"":0.5,""rounds"":5}",
       512,        68,         0,   0.604,herald_mwpm,57a8413133e1f4139eefaee28a2e804b03b8d99d1225f2053bf4b0df9e86a985,"{""config"":""erasure_r50"",""d"":5,""p"":0.018,""r_e"":0.5,""rounds"":5}",
       512,       101,         0,   0.630,herald_mwpm,d7a4b39d7574c3b6fd811ffde2d57287761f212d3e19ab423e976382c36d32ef,"{""config"":""erasure_r50"",""d"":5,""p"":0.021544346900318832,""r_e"":0.5,""rounds"":5}",
       512,        83,         0,   0.773,herald_mwpm,d47ca3a4888bd6f0aeeb7d4931a4c6d3a7e362148bebbffa79cbbd9e54b2c312,"{""config"":""erasure_r50"",""d"":5,""p"":0.02,""r_e"":0.5,""rounds"":5}",
       512,        69,         0,   0.876,herald_mwpm,57a8413133e1f4139eefaee28a2e804b03b8d99d1225f2053bf4b0df9e86a985,"{""config"":""erasure_r50"",""d"":5,""p"":0.018,""r_e"":0.5,""rounds"":5}",
       512,        94,         0,   0.971,herald_mwpm,d7a4b39d7574c3b6fd811ffde2d57287761f212d3e19ab423e976382c36d32ef,"{""config"":""erasure_r50"",""d"":5,""p"":0.021544346900318832,""r_e"":0.5,""rounds"":5}",
       512,        82,         0,   0.897,herald_mwpm,d47ca3a4888bd6f0aeeb7d4931a4c6d3a7e362148bebbffa79cbbd9e54b2c312,"{""config"":""erasure_r50"",""d"":5,""p"":0.02,""r_e"":0.5,""rounds"":5}",
     21504,         9,         0,    8.42,herald_mwpm,c284c367e8ea6fec0babd7678aee40cdbe65623dbe0e9cf9e47718e36beff151,"{""config"":""erasure_r50"",""d"":5,""p"":0.0021544346900318843,""r_e"":0.5,""rounds"":5}",
       512,        94,         0,   0.779,herald_mwpm,d7a4b39d7574c3b6fd811ffde2d57287761f212d3e19ab423e976382c36d32ef,"{""config"":""erasure_r50"",""d"":5,""p"":0.021544346900318832,""r_e"":0.5,""rounds"":5}",
       512,        80,         0,   0.638,herald_mwpm,d47ca3a4888bd6f0aeeb7d4931a4c6d3a7e362148bebbffa79cbbd9e54b2c312,"{""config"":""erasure_r50"",""d"":5,""p"":0.02,""r_e"":0.5,""rounds"":5}",
      1024,       134,         0,    1.41,herald_mwpm,57a8413133e1f4139eefaee28a2e804b03b8d99d1225f2053bf4b0df9e86a985,"{""config"":""erasure_r50"",""d"":5,""p"":0.018,""r_e"":0.5,""rounds"":5}",
      1297,       376,         0,   0.034,blind_mwpm,d8fdc11e4ca9d6659c9204e10c1495d62dd13eb3799de822d804bb65bc6fbd9d,"{""config"":""erasure_r50"",""d"":5,""p"":0.021544346900318832,""r_e"":0.5,""rounds"":5}",
      1024,       290,         0,   0.021,blind_mwpm,d8fdc11e4ca9d6659c9204e10c1495d62dd13eb3799de822d804bb65bc6fbd9d,"{""config"":""erasure_r50"",""d"":5,""p"":0.021544346900318832,""r_e"":0.5,""rounds"":5}",
      1024,       272,         0,   0.029,blind_mwpm,d8fdc11e4ca9d6659c9204e10c1495d62dd13eb3799de822d804bb65bc6fbd9d,"{""config"":""erasure_r50"",""d"":5,""p"":0.021544346900318832,""r_e"":0.5,""rounds"":5}",
      1024,       263,         0,   0.022,blind_mwpm,d8fdc11e4ca9d6659c9204e10c1495d62dd13eb3799de822d804bb65bc6fbd9d,"{""config"":""erasure_r50"",""d"":5,""p"":0.021544346900318832,""r_e"":0.5,""rounds"":5}",
       512,        84,         0,   0.699,herald_mwpm,d7a4b39d7574c3b6fd811ffde2d57287761f212d3e19ab423e976382c36d32ef,"{""config"":""erasure_r50"",""d"":5,""p"":0.021544346900318832,""r_e"":0.5,""rounds"":5}",
        17,         3,         0,   0.018,herald_mwpm,c64ee76a3e93854e60a9de9f256db64e5ac5318392d482008ff4c8049674f729,"{""config"":""erasure_r50"",""d"":5,""p"":0.022,""r_e"":0.5,""rounds"":5}",
       512,        96,         0,   0.565,herald_mwpm,d47ca3a4888bd6f0aeeb7d4931a4c6d3a7e362148bebbffa79cbbd9e54b2c312,"{""config"":""erasure_r50"",""d"":5,""p"":0.02,""r_e"":0.5,""rounds"":5}",
       256,        55,         0,   0.276,herald_mwpm,c64ee76a3e93854e60a9de9f256db64e5ac5318392d482008ff4c8049674f729,"{""config"":""erasure_r50"",""d"":5,""p"":0.022,""r_e"":0.5,""rounds"":5}",
       512,       109,         0,   0.548,herald_mwpm,d7a4b39d7574c3b6fd811ffde2d57287761f212d3e19ab423e976382c36d32ef,"{""config"":""erasure_r50"",""d"":5,""p"":0.021544346900318832,""r_e"":0.5,""rounds"":5}",
       512,        79,         0,   0.491,herald_mwpm,d47ca3a4888bd6f0aeeb7d4931a4c6d3a7e362148bebbffa79cbbd9e54b2c312,"{""config"":""erasure_r50"",""d"":5,""p"":0.02,""r_e"":0.5,""rounds"":5}",
       512,       113,         0,   0.503,herald_mwpm,c64ee76a3e93854e60a9de9f256db64e5ac5318392d482008ff4c8049674f729,"{""config"":""erasure_r50"",""d"":5,""p"":0.022,""r_e"":0.5,""rounds"":5}",
       512,        83,         0,   0.513,herald_mwpm,d7a4b39d7574c3b6fd811ffde2d57287761f212d3e19ab423e976382c36d32ef,"{""config"":""erasure_r50"",""d"":5,""p"":0.021544346900318832,""r_e"":0.5,""rounds"":5}",
       512,        73,         0,   0.489,herald_mwpm,d47ca3a4888bd6f0aeeb7d4931a4c6d3a7e362148bebbffa79cbbd9e54b2c312,"{""config"":""erasure_r50"",""d"":5,""p"":0.02,""r_e"":0.5,""rounds"":5}",
      5519,         3,         0,    2.12,herald_mwpm,c284c367e8ea6fec0babd7678aee40cdbe65623dbe0e9cf9e47718e36beff151,"{""config"":""erasure_r50"",""d"":5,""p"":0.0021544346900318843,""r_e"":0.5,""rounds"":5}",
       512,        93,         0,   0.506,herald_mwpm,c64ee76a3e93854e60a9de9f256db64e5ac5318392d482008ff4c8049674f729,"{""config"":""erasure_r50"",""d"":5,""p"":0.022,""r_e"":0.5,""rounds"":5}",
      1297,       357,         0,   0.029,blind_mwpm,696a9b613409bd2abfb26a1b124dc47c839bbe5585721806b40d2d937bee02d9,"{""config"":""erasure_r50"",""d"":5,""p"":0.022,""r_e"":0.5,""rounds"":5}",
      9728,       101,         0,    8.37,herald_mwpm,f6af75650281cb20d3b11ecaf89c4b815329f0308b20487651b0f73ca5b0c28f,"{""config"":""erasure_r50"",""d"":5,""p"":0.006812920690579608,""r_e"":0.5,""rounds"":5}",
      1024,       308,         0,   0.014,blind_mwpm,696a9b613409bd2abfb26a1b124dc47c839bbe5585721806b40d2d937bee02d9,"{""config"":""erasure_r50"",""d"":5,""p"":0.022,""r_e"":0.5,""rounds"":5}",
     16384,        30,         0,    8.75,herald_mwpm,d0253239a451a46c5c71089d7de062d088f00001f12056acefec686ca65dcac5,"{""config"":""erasure_r50"",""d"":5,""p"":0.0031622776601683794,""r_e"":0.5,""rounds"":5}",
      1024,       259,         0,   0.023,blind_mwpm,696a9b613409bd2abfb26a1b124dc47c839bbe5585721806b40d2d937bee02d9,"{""config"":""erasure_r50"",""d"":5,""p"":0.022,""r_e"":0.5,""rounds"":5}",
      1024,       291,         0,   0.018,blind_mwpm,696a9b613409bd2abfb26a1b124dc47c839bbe5585721806b40d2d937bee02d9,"{""config"":""erasure_r50"",""d"":5,""p"":0.022,""r_e"":0.5,""rounds"":5}",
       512,       109,         0,   0.519,herald_mwpm,d7a4b39d7574c3b6fd811ffde2d57287761f212d3e19ab423e976382c36d32ef,"{""config"":""erasure_r50"",""d"":5,""p"":0.021544346900318832,""r_e"":0.5,""rounds"":5}",
       512,        85,         0,   0.489,herald_mwpm,d47ca3a4888bd6f0aeeb7d4931a4c6d3a7e362148bebbffa79cbbd9e54b2c312,"{""config"":""erasure_r50"",""d"":5,""p"":0.02,""r_e"":0.5,""rounds"":5}",
        17,         2,         0,   0.019,herald_mwpm,46cacb223b4885981415190e88e87251b215983dbdf2753ef8de451af3b7da82,"{""config"":""erasure_r50"",""d"":5,""p"":0.024,""r_e"":0.5,""rounds"":5}",
       512,       106,         0,   0.479,herald_mwpm,c64ee76a3e93854e60a9de9f256db64e5ac5318392d482008ff4c8049674f729,"{""config"":""erasure_r50"",""d"":5,""p"":0.022,""r_e"":0.5,""rounds"":5}",
       256,        67,         0,   0.266,herald_mwpm,46cacb223b4885981415190e88e87251b215983dbdf2753ef8de451af3b7da82,"{""config"":""erasure_r50"",""d"":5,""p"":0.024,""r_e"":0.5,""rounds"":5}",
       512,        98,         0,   0.536,herald_mwpm,d7a4b39d7574c3b6fd811ffde2d57287761f212d3e19ab423e976382c36d32ef,"{""config"":""erasure_r50"",""d"":5,""p"":0.021544346900318832,""r_e"":0.5,""rounds"":5}",
       512,        92,         0,   0.524,herald_mwpm,c64ee76a3e93854e60a9de9f256db64e5ac5318392d482008ff4c8049674f729,"{""config"":""erasure_r50"",""d"":5,""p"":0.022,""r_e"":0.5,""rounds"":5}",
       512,       127,         0,   0.516,herald_mwpm,46cacb223b4885981415190e88e87251b215983dbdf2753ef8de451af3b7da82,"{""config"":""erasure_r50"",""d"":5,""p"":0.024,""r_e"":0.5,""rounds"":5}",
       512,       105,         0,   0.513,herald_mwpm,d7a4b39d7574c3b6fd811ffde2d57287761f212d3e19ab423e976382c36d32ef,"{""config"":""erasure_r50"",""d"":5,""p"":0.021544346900318832,""r_e"":0.5,""rounds"":5}",
      1024,       177,         0,    1.04,herald_mwpm,d47ca3a4888bd6f0aeeb7d4931a4c6d3a7e362148bebbffa79cbbd9e54b2c312,"{""config"":""erasure_r50"",""d"":5,""p"":0.02,""r_e"":0.5,""rounds"":5}",
      1297,       396,         0,   0.029,blind_mwpm,05448fe653ed6be144715ab072a906340bf3460c5f618d2aaeb71ce0c23a197b,"{""config"":""erasure_r50"",""d"":5,""p"":0.024,""r_e"":0.5,""rounds"":5}",
      1024,       342,         0,   0.028,blind_mwpm,05448fe653ed6be144715ab072a906340bf3460c5f618d2aaeb71ce0c23a197b,"{""config"":""erasure_r50"",""d"":5,""p"":0.024,""r_e"":0.5,""rounds"":5}",
      1024,       337,         0,   0.018,blind_mwpm,05448fe653ed6be144715ab072a906340bf3460c5f618d2aaeb71ce0c23a197b,"{""config"":""erasure_r50"",""d"":5,""p"":0.024,""r_e"":0.5,""rounds"":5}",
       512,       104,         0,   0.538,herald_mwpm,c64ee76a3e93854e60a9de9f256db64e5ac5318392d482008ff4c8049674f729,"{""config"":""erasure_r50"",""d"":5,""p"":0.022,""r_e"":0.5,""rounds"":5}",
        17,         5,         0,   0.021,herald_mwpm,9add19a8cfd537e798c367c3d3eaaf1ea0ece9e33f6004ae1530ac82ce5f4b1e,"{""config"":""erasure_r50"",""d"":5,""p"":0.026,""r_e"":0.5,""rounds"":5}",
       512,       128,         0,   0.527,herald_mwpm,46cacb223b4885981415190e88e87251b215983dbdf2753ef8de451af3b7da82,"{""config"":""erasure_r50"",""d"":5,""p"":0.024,""r_e"":0.5,""rounds"":5}",
       512,       107,         0,   0.457,herald_mwpm,d7a4b39d7574c3b6fd811ffde2d57287761f212d3e19ab423e976382c36d32ef,"{""config"":""erasure_r50"",""d"":5,""p"":0.021544346900318832,""r_e"":0.5,""rounds"":5}",
       256,        73,         0,   0.234,herald_mwpm,9add19a8cfd537e798c367c3d3eaaf1ea0ece9e33f6004ae1530ac82ce5f4b1e,"{""config"":""erasure_r50"",""d"":5,""p"":0.026,""r_e"":0.5,""rounds"":5}",
      1297,       407,         0,   0.036,blind_mwpm,cb17139455ab51bb20a1d962ecad132e2c7e6b2d99824e59a9ec614bdd78d913,"{""config"":""erasure_r50"",""d"":5,""p"":0.026,""r_e"":0.5,""rounds"":5}",
      1024,       324,         0,   0.028,blind_mwpm,cb17139455ab51bb20a1d962ecad132e2c7e6b2d99824e59a9ec614bdd78d913,"{""config"":""erasure_r50"",""d"":5,""p"":0.026,""r_e"":0.5,""rounds"":5}",
      1024,       375,         0,   0.025,blind_mwpm,cb17139455ab51bb20a1d962ecad132e2c7e6b2d99824e59a9ec614bdd78d913,"{""config"":""erasure_r50"",""d"":5,""p"":0.026,""r_e"":0.5,""rounds"":5}",
        17,         6,         0,   0.018,herald_mwpm,7cb98992f617899c6ca86cf7716de7f201d8fa787a59a6068501e75c00bd8ae0,"{""config"":""erasure_r50"",""d"":5,""p"":0.03162277660168379,""r_e"":0.5,""rounds"":5}",
       512,       109,         0,   0.626,herald_mwpm,c64ee76a3e93854e60a9de9f256db64e5ac5318392d482008ff4c8049674f729,"{""config"":""erasure_r50"",""d"":5,""p"":0.022,""r_e"":0.5,""rounds"":5}",
       512,       123,         0,   0.563,herald_mwpm,46cacb223b4885981415190e88e87251b215983dbdf2753ef8de451af3b7da82,"{""config"":""erasure_r50"",""d"":5,""p"":0.024,""r_e"":0.5,""rounds"":5}",
       256,        81,         0,   0.256,herald_mwpm,7cb98992f617899c6ca86cf7716de7f201d8fa787a59a6068501e75c00bd8ae0,"{""config"":""erasure_r50"",""d"":5,""p"":0.03162277660168379,""r_e"":0.5,""rounds"":5}",
     12288,        34,         0,    8.66,herald_mwpm,675017e463cc457f8dba892efcc6263147243d8a65e7a591768a6692be903b0e,"{""config"":""erasure_r50"",""d"":5,""p"":0.004641588833612777,""r_e"":0.5,""rounds"":5}",
       512,       145,         0,   0.540,herald_mwpm,9add19a8cfd537e798c367c3d3eaaf1ea0ece9e33f6004ae1530ac82ce5f4b1e,"{""config"":""erasure_r50"",""d"":5,""p"":0.026,""r_e"":0.5,""rounds"":5}",
       512,       120,         0,   0.478,herald_mwpm,46cacb223b4885981415190e88e87251b215983dbdf2753ef8de451af3b7da82,"{""config"":""erasure_r50"",""d"":5,""p"":0.024,""r_e"":0.5,""rounds"":5}",
       512,       117,         0,   0.501,herald_mwpm,c64ee76a3e93854e60a9de9f256db64e5ac5318392d482008ff4c8049674f729,"{""config"":""erasure_r50"",""d"":5,""p"":0.022,""r_e"":0.5,""rounds"":5}",
       512,       192,         0,   0.496,herald_mwpm,7cb98992f617899c6ca86cf7716de7f201d8fa787a59a6068501e75c00bd8ae0,"{""config"":""erasure_r50"",""d"":5,""p"":0.03162277660168379,""r_e"":0.5,""rounds"":5}",
       512,       141,         0,   0.506,herald_mwpm,9add19a8cfd537e798c367c3d3eaaf1ea0ece9e33f6004ae1530ac82ce5f4b1e,"{""config"":""erasure_r50"",""d"":5,""p"":0.026,""r_e"":0.5,""rounds"":5}",
       512,       124,         0,   0.500,herald_mwpm,46cacb223b4885981415190e88e87251b215983dbdf2753ef8de451af3b7da82,"{""config"":""erasure_r50"",""d"":5,""p"":0.024,""r_e"":0.5,""rounds"":5}",
       512,       104,         0,   0.502,herald_mwpm,c64ee76a3e93854e60a9de9f256db64e5ac5318392d482008ff4c8049674f729,"{""config"":""erasure_r50"",""d"":5,""p"":0.022,""r_e"":0.5,""rounds"":5}",
       512,       170,         0,   0.502,herald_mwpm,7cb98992f617899c6ca86cf7716de7f201d8fa787a59a6068501e75c00bd8ae0,"{""config"":""erasure_r50"",""d"":5,""p"":0.03162277660168379,""r_e"":0.5,""rounds"":5}",
       512,       126,         0,   0.472,herald_mwpm,9add19a8cfd537e798c367c3d3eaaf1ea0ece9e33f6004ae1530ac82ce5f4b1e,"{""config"":""erasure_r50"",""d"":5,""p"":0.026,""r_e"":0.5,""rounds"":5}",
       512,       135,         0,   0.485,herald_mwpm,46cacb223b4885981415190e88e87251b215983dbdf2753ef8de451af3b7da82,"{""config"":""erasure_r50"",""d"":5,""p"":0.024,""r_e"":0.5,""rounds"":5}",
       512,        97,         0,   0.486,herald_mwpm,c64ee76a3e93854e60a9de9f256db64e5ac5318392d482008ff4c8049674f729,"{""config"":""erasure_r50"",""d"":5,""p"":0.022,""r_e"":0.5,""rounds"":5}",
       512,       185,         0,   0.487,herald_mwpm,7cb98992f617899c6ca86cf7716de7f201d8fa787a59a6068501e75c00bd8ae0,"{""config"":""erasure_r50"",""d"":5,""p"":0.03162277660168379,""r_e"":0.5,""rounds"":5}",
       512,       132,         0,   0.478,herald_mwpm,9add19a8cfd537e798c367c3d3eaaf1ea0ece9e33f6004ae1530ac82ce5f4b1e,"{""config"":""erasure_r50"",""d"":5,""p"":0.026,""r_e"":0.5,""rounds"":5}",
       512,       133,         0,   0.488,herald_mwpm,46cacb223b4885981415190e88e87251b215983dbdf2753ef8de451af3b7da82,"{""config"":""erasure_r50"",""d"":5,""p"":0.024,""r_e"":0.5,""rounds"":5}",
       512,       100,         0,   0.485,herald_mwpm,c64ee76a3e93854e60a9de9f256db64e5ac5318392d482008ff4c8049674f729,"{""config"":""erasure_r50"",""d"":5,""p"":0.022,""r_e"":0.5,""rounds"":5}",
       273,        99,         0,   0.011,blind_mwpm,8a26ecac424fea7de9f85c896b56cd2d69d823dc3bf9c83640e29bacc7c4ed86,"{""config"":""erasure_r50"",""d"":5,""p"":0.03162277660168379,""r_e"":0.5,""rounds"":5}",
       512,       168,         0,   0.484,herald_mwpm,7cb98992f617899c6ca86cf7716de7f201d8fa787a59a6068501e75c00bd8ae0,"{""config"":""erasure_r50"",""d"":5,""p"":0.03162277660168379,""r_e"":0.5,""rounds"":5}",
      1024,       427,         0,   0.028,blind_mwpm,8a26ecac424fea7de9f85c896b56cd2d69d823dc3bf9c83640e29bacc7c4ed86,"{""config"":""erasure_r50"",""d"":5,""p"":0.03162277660168379,""r_e"":0.5,""rounds"":5}",
       512,       122,         0,   0.468,herald_mwpm,9add19a8cfd537e798c367c3d3eaaf1ea0ece9e33f6004ae1530ac82ce5f4b1e,"{""config"":""erasure_r50"",""d"":5,""p"":0.026,""r_e"":0.5,""rounds"":5}",
      1024,       425,         0,   0.027,blind_mwpm,8a26ecac424fea7de9f85c896b56cd2d69d823dc3bf9c83640e29bacc7c4ed86,"{""config"":""erasure_r50"",""d"":5,""p"":0.03162277660168379,""r_e"":0.5,""rounds"":5}",
      1024,       409,         0,   0.028,blind_mwpm,8a26ecac424fea7de9f85c896b56cd2d69d823dc3bf9c83640e29bacc7c4ed86,"{""config"":""erasure_r50"",""d"":5,""p"":0.03162277660168379,""r_e"":0.5,""rounds"":5}",
        17,         9,         0,   0.019,herald_mwpm,9a0a962251a40f5e7fbe8a07cba7df4435e692f6498bf3503a10682f7abaaed7,"{""config"":""erasure_r50"",""d"":5,""p"":0.046415888336127774,""r_e"":0.5,""rounds"":5}",
       512,       115,         0,   0.463,herald_mwpm,46cacb223b4885981415190e88e87251b215983dbdf2753ef8de451af3b7da82,"{""config"":""erasure_r50"",""d"":5,""p"":0.024,""r_e"":0.5,""rounds"":5}",
       256,       120,         0,   0.256,herald_mwpm,9a0a962251a40f5e7fbe8a07cba7df4435e692f6498bf3503a10682f7abaaed7,"{""config"":""erasure_r50"",""d"":5,""p"":0.046415888336127774,""r_e"":0.5,""rounds"":5}",
       273,       135,         0,   0.015,blind_mwpm,2fac95568dc914eb6eb940995e381158262a6cc223dcaa7e2c369ea4fd7fc3b1,"{""config"":""erasure_r50"",""d"":5,""p"":0.046415888336127774,""r_e"":0.5,""rounds"":5}",
       512,       169,         0,   0.476,herald_mwpm,7cb98992f617899c6ca86cf7716de7f201d8fa787a59a6068501e75c00bd8ae0,"{""config"":""erasure_r50"",""d"":5,""p"":0.03162277660168379,""r_e"":0.5,""rounds"":5}",
      1024,       492,         0,   0.036,blind_mwpm,2fac95568dc914eb6eb940995e381158262a6cc223dcaa7e2c369ea4fd7fc3b1,"{""config"":""erasure_r50"",""d"":5,""p"":0.046415888336127774,""r_e"":0.5,""rounds"":5}",
       512,       141,         0,   0.485,herald_mwpm,9add19a8cfd537e798c367c3d3eaaf1ea0ece9e33f6004ae1530ac82ce5f4b1e,"{""config"":""erasure_r50"",""d"":5,""p"":0.026,""r_e"":0.5,""rounds"":5}",
      1024,       495,         0,   0.040,blind_mwpm,2fac95568dc914eb6eb940995e381158262a6cc223dcaa7e2c369ea4fd7fc3b1,"{""config"":""erasure_r50"",""d"":5,""p"":0.046415888336127774,""r_e"":0.5,""rounds"":5}",
        17,         6,         0,   0.028,herald_mwpm,58f08a86b6939efd515049661878b9e52124bad3fcdd87e7666dec463942e0ca,"{""config"":""erasure_r50"",""d"":5,""p"":0.06812920690579612,""r_e"":0.5,""rounds"":5}",
       256,       122,         0,   0.246,herald_mwpm,58f08a86b6939efd515049661878b9e52124bad3fcdd87e7666dec463942e0ca,"{""config"":""erasure_r50"",""d"":5,""p"":0.06812920690579612,""r_e"":0.5,""rounds"":5}",
       512,       238,         0,   0.501,herald_mwpm,9a0a962251a40f5e7fbe8a07cba7df4435e692f6498bf3503a10682f7abaaed7,"{""config"":""erasure_r50"",""d"":5,""p"":0.046415888336127774,""r_e"":0.5,""rounds"":5}",
       512,       185,         0,   0.494,herald_mwpm,7cb98992f617899c6ca86cf7716de7f201d8fa787a59a6068501e75c00bd8ae0,"{""config"":""erasure_r50"",""d"":5,""p"":0.03162277660168379,""r_e"":0.5,""rounds"":5}",
       512,       126,         0,   0.478,herald_mwpm,9add19a8cfd537e798c367c3d3eaaf1ea0ece9e33f6004ae1530ac82ce5f4b1e,"{""config"":""erasure_r50"",""d"":5,""p"":0.026,""r_e"":0.5,""rounds"":5}",
       273,       136,         0,   0.016,blind_mwpm,a3638152dc776aca5638ac2b4062a302ea8c4d94fbad2fa91d6dc049261dc283,"{""config"":""erasure_r50"",""d"":5,""p"":0.06812920690579612,""r_e"":0.5,""rounds"":5}",
        17,        11,         0,   0.020,herald_mwpm,3dda2e97595953601d0ba9f8f914ea2ddd313911d3ba2703be10f38c977a0a47,"{""config"":""erasure_r50"",""d"":5,""p"":0.1,""r_e"":0.5,""rounds"":5}",
      1024,       501,         0,   0.043,blind_mwpm,a3638152dc776aca5638ac2b4062a302ea8c4d94fbad2fa91d6dc049261dc283,"{""config"":""erasure_r50"",""d"":5,""p"":0.06812920690579612,""r_e"":0.5,""rounds"":5}",
      1024,       498,         0,   0.043,blind_mwpm,a3638152dc776aca5638ac2b4062a302ea8c4d94fbad2fa91d6dc049261dc283,"{""config"":""erasure_r50"",""d"":5,""p"":0.06812920690579612,""r_e"":0.5,""rounds"":5}",
       273,       127,         0,   0.017,blind_mwpm,6db181b506eafafa8d5de112e94b20269bf956b8be13c59bbeba8b4444f2fa46,"{""config"":""erasure_r50"",""d"":5,""p"":0.1,""r_e"":0.5,""rounds"":5}",
      1024,       472,         0,   0.047,blind_mwpm,6db181b506eafafa8d5de112e94b20269bf956b8be13c59bbeba8b4444f2fa46,"{""config"":""erasure_r50"",""d"":5,""p"":0.1,""r_e"":0.5,""rounds"":5}",
       256,       124,         0,   0.264,herald_mwpm,3dda2e97595953601d0ba9f8f914ea2ddd313911d3ba2703be10f38c977a0a47,"{""config"":""erasure_r50"",""d"":5,""p"":0.1,""r_e"":0.5,""rounds"":5}",
      1024,       497,         0,   0.048,blind_mwpm,6db181b506eafafa8d5de112e94b20269bf956b8be13c59bbeba8b4444f2fa46,"{""config"":""erasure_r50"",""d"":5,""p"":0.1,""r_e"":0.5,""rounds"":5}",
       512,       246,         0,   0.487,herald_mwpm,58f08a86b6939efd515049661878b9e52124bad3fcdd87e7666dec463942e0ca,"{""config"":""erasure_r50"",""d"":5,""p"":0.06812920690579612,""r_e"":0.5,""rounds"":5}",
       512,       233,         0,   0.485,herald_mwpm,9a0a962251a40f5e7fbe8a07cba7df4435e692f6498bf3503a10682f7abaaed7,"{""config"":""erasure_r50"",""d"":5,""p"":0.046415888336127774,""r_e"":0.5,""rounds"":5}",
        17,         0,         0,   0.041,herald_mwpm,ad65c923e607e9d37040175098c4ae54b2905d65be5b2373fe69ec363212b8fe,"{""config"":""erasure_r50"",""d"":7,""p"":0.001,""r_e"":0.5,""rounds"":7}",
       512,       246,         0,   0.509,herald_mwpm,3dda2e97595953601d0ba9f8f914ea2ddd313911d3ba2703be10f38c977a0a47,"{""config"":""erasure_r50"",""d"":5,""p"":0.1,""r_e"":0.5,""rounds"":5}",
       512,       254,         0,   0.518,herald_mwpm,58f08a86b6939efd515049661878b9e52124bad3fcdd87e7666dec463942e0ca,"{""config"":""erasure_r50"",""d"":5,""p"":0.06812920690579612,""r_e"":0.5,""rounds"":5}",
       512,       244,         0,   0.501,herald_mwpm,9a0a962251a40f5e7fbe8a07cba7df4435e692f6498bf3503a10682f7abaaed7,"{""config"":""erasure_r50"",""d"":5,""p"":0.046415888336127774,""r_e"":0.5,""rounds"":5}",
       256,         0,         0,   0.385,herald_mwpm,ad65c923e607e9d37040175098c4ae54b2905d65be5b2373fe69ec363212b8fe,"{""config"":""erasure_r50"",""d"":7,""p"":0.001,""r_e"":0.5,""rounds"":7}",
       512,       245,         0,   0.506,herald_mwpm,3dda2e97595953601d0ba9f8f914ea2ddd313911d3ba2703be10f38c977a0a47,"{""config"":""erasure_r50"",""d"":5,""p"":0.1,""r_e"":0.5,""rounds"":5}",
       256,         0,         0,   0.324,herald_mwpm,ad65c923e607e9d37040175098c4ae54b2905d65be5b2373fe69ec363212b8fe,"{""config"":""erasure_r50"",""d"":7,""p"":0.001,""r_e"":0.5,""rounds"":7}",
       512,       271,         0,   0.523,herald_mwpm,58f08a86b6939efd515049661878b9e52124bad3fcdd87e7666dec463942e0ca,"{""config"":""erasure_r50"",""d"":5,""p"":0.06812920690579612,""r_e"":0.5,""rounds"":5}",
       512,       220,         0,   0.509,herald_mwpm,9a0a962251a40f5e7fbe8a07cba7df4435e692f6498bf3503a10682f7abaaed7,"{""config"":""erasure_r50"",""d"":5,""p"":0.046415888336127774,""r_e"":0.5,""rounds"":5}",
         1,         0,         0,   0.009,blind_mwpm,51a26645d3432cca296ae64b04960c3256699438b26e031366173402a001af7a,"{""config"":""erasure_r50"",""d"":7,""p"":0.001,""r_e"":0.5,""rounds"":7}",
      1296,         0,         0,   0.017,blind_mwpm,51a26645d3432cca296ae64b04960c3256699438b26e031366173402a001af7a,"{""config"":""erasure_r50"",""d"":7,""p"":0.001,""r_e"":0.5,""rounds"":7}",
       256,         0,         0,   0.359,herald_mwpm,ad65c923e607e9d37040175098c4ae54b2905d65be5b2373fe69ec363212b8fe,"{""config"":""erasure_r50"",""d"":7,""p"":0.001,""r_e"":0.5,""rounds"":7}",
      2048,         0,         0,   0.029,blind_mwpm,51a26645d3432cca296ae64b04960c3256699438b26e031366173402a001af7a,"{""config"":""erasure_r50"",""d"":7,""p"":0.001,""r_e"":0.5,""rounds"":7}",
      2048,         0,         0,   0.030,blind_mwpm,51a26645d3432cca296ae64b04960c3256699438b26e031366173402a001af7a,"{""config"":""erasure_r50"",""d"":7,""p"":0.001,""r_e"":0.5,""rounds"":7}",
      3072,         0,         0,   0.043,blind_mwpm,51a26645d3432cca296ae64b04960c3256699438b26e031366173402a001af7a,"{""config"":""erasure_r50"",""d"":7,""p"":0.001,""r_e"":0.5,""rounds"":7}",
       512,       264,         0,   0.498,herald_mwpm,3dda2e97595953601d0ba9f8f914ea2ddd313911d3ba2703be10f38c977a0a47,"{""config"":""erasure_r50"",""d"":5,""p"":0.1,""r_e"":0.5,""rounds"":5}",
      5120,         0,         0,   0.059,blind_mwpm,51a26645d3432cca296ae64b04960c3256699438b26e031366173402a001af7a,"{""config"":""erasure_r50"",""d"":7,""p"":0.001,""r_e"":0.5,""rounds"":7}",
       512,       251,         0,   0.501,herald_mwpm,58f08a86b6939efd515049661878b9e52124bad3fcdd87e7666dec463942e0ca,"{""config"":""erasure_r50"",""d"":5,""p"":0.06812920690579612,""r_e"":0.5,""rounds"":5}",
      6144,         0,         0,   0.075,blind_mwpm,51a26645d3432cca296ae64b04960c3256699438b26e031366173402a001af7a,"{""config"":""erasure_r50"",""d"":7,""p"":0.001,""r_e"":0.5,""rounds"":7}",
      9216,         0,         0,   0.117,blind_mwpm,51a26645d3432cca296ae64b04960c3256699438b26e031366173402a001af7a,"{""config"":""erasure_r50"",""d"":7,""p"":0.001,""r_e"":0.5,""rounds"":7}",
       256,         0,         0,   0.363,herald_mwpm,ad65c923e607e9d37040175098c4ae54b2905d65be5b2373fe69ec363212b8fe,"{""config"":""erasure_r50"",""d"":7,""p"":0.001,""r_e"":0.5,""rounds"":7}",
        17,         0,         0,   0.034,herald_mwpm,3947fc14465d7e66534edb2c16af691d17baf0d2a5da3b03f9f8ce97c5618992,"{""config"":""erasure_r50"",""d"":7,""p"":0.0014677992676220691,""r_e"":0.5,""rounds"":7}",
     11264,         0,         0,   0.148,blind_mwpm,51a26645d3432cca296ae64b04960c3256699438b26e031366173402a001af7a,"{""config"":""erasure_r50"",""d"":7,""p"":0.001,""r_e"":0.5,""rounds"":7}",
       512,       250,         0,   0.476,herald_mwpm,3dda2e97595953601d0ba9f8f914ea2ddd313911d3ba2703be10f38c977a0a47,"{""config"":""erasure_r50"",""d"":5,""p"":0.1,""r_e"":0.5,""rounds"":5}",
     16384,         0,         0,   0.213,blind_mwpm,51a26645d3432cca296ae64b04960c3256699438b26e031366173402a001af7a,"{""config"":""erasure_r50"",""d"":7,""p"":0.001,""r_e"":0.5,""rounds"":7}",
       256,         0,         0,   0.376,herald_mwpm,ad65c923e607e9d37040175098c4ae54b2905d65be5b2373fe69ec363212b8fe,"{""config"":""erasure_r50"",""d"":7,""p"":0.001,""r_e"":0.5,""rounds"":7}",
      1297,         0,         0,   0.024,blind_mwpm,13cf2edbc4bc0d12b16f6bef5fee2d0b6c3828763f6eb52221ee03ad7e42b36a,"{""config"":""erasure_r50"",""d"":7,""p"":0.0014677992676220691,""r_e"":0.5,""rounds"":7}",
      2048,         0,         0,   0.026,blind_mwpm,13cf2edbc4bc0d12b16f6bef5fee2d0b6c3828763f6eb52221ee03ad7e42b36a,"{""config"":""erasure_r50"",""d"":7,""p"":0.0014677992676220691,""r_e"":0.5,""rounds"":7}",
       256,         0,         0,   0.450,herald_mwpm,3947fc14465d7e66534edb2c16af691d17baf0d2a5da3b03f9f8ce97c5618992,"{""config"":""erasure_r50"",""d"":7,""p"":0.0014677992676220691,""r_e"":0.5,""rounds"":7}",
      2048,         0,         0,   0.029,blind_mwpm,13cf2edbc4bc0d12b16f6bef5fee2d0b6c3828763f6eb52221ee03ad7e42b36a,"{""config"":""erasure_r50"",""d"":7,""p"":0.0014677992676220691,""r_e"":0.5,""rounds"":7}",
      3072,         0,         0,   0.038,blind_mwpm,13cf2edbc4bc0d12b16f6bef5fee2d0b6c3828763f6eb52221ee03ad7e42b36a,"{""config"":""erasure_r50"",""d"":7,""p"":0.0014677992676220691,""r_e"":0.5,""rounds"":7}",
     23552,         0,         0,   0.283,blind_mwpm,51a26645d3432cca296ae64b04960c3256699438b26e031366173402a001af7a,"{""config"":""erasure_r50"",""d"":7,""p"":0.001,""r_e"":0.5,""rounds"":7}",
      3072,         0,         0,   0.041,blind_mwpm,13cf2edbc4bc0d12b16f6bef5fee2d0b6c3828763f6eb52221ee03ad7e42b36a,"{""config"":""erasure_r50"",""d"":7,""p"":0.0014677992676220691,""r_e"":0.5,""rounds"":7}",
      5120,         0,         0,   0.062,blind_mwpm,13cf2edbc4bc0d12b16f6bef5fee2d0b6c3828763f6eb52221ee03ad7e42b36a,"{""config"":""erasure_r50"",""d"":7,""p"":0.0014677992676220691,""r_e"":0.5,""rounds"":7}",
       256,         0,         0,   0.344,herald_mwpm,ad65c923e607e9d37040175098c4ae54b2905d65be5b2373fe69ec363212b8fe,"{""config"":""erasure_r50"",""d"":7,""p"":0.001,""r_e"":0.5,""rounds"":7}",
      7168,         0,         0,   0.085,blind_mwpm,13cf2edbc4bc0d12b16f6bef5fee2d0b6c3828763f6eb52221ee03ad7e42b36a,"{""config"":""erasure_r50"",""d"":7,""p"":0.0014677992676220691,""r_e"":0.5,""rounds"":7}",
     19855,         1,         0,   0.251,blind_mwpm,51a26645d3432cca296ae64b04960c3256699438b26e031366173402a001af7a,"{""config"":""erasure_r50"",""d"":7,""p"":0.001,""r_e"":0.5,""rounds"":7}",
      7168,         0,         0,   0.110,blind_mwpm,13cf2edbc4bc0d12b16f6bef5fee2d0b6c3828763f6eb52221ee03ad7e42b36a,"{""config"":""erasure_r50"",""d"":7,""p"":0.0014677992676220691,""r_e"":0.5,""rounds"":7}",
       256,         0,         0,   0.462,herald_mwpm,3947fc14465d7e66534edb2c16af691d17baf0d2a5da3b03f9f8ce97c5618992,"{""config"":""erasure_r50"",""d"":7,""p"":0.0014677992676220691,""r_e"":0.5,""rounds"":7}",
       256,         0,         0,   0.312,herald_mwpm,ad65c923e607e9d37040175098c4ae54b2905d65be5b2373fe69ec363212b8fe,"{""config"":""erasure_r50"",""d"":7,""p"":0.001,""r_e"":0.5,""rounds"":7}",
     12288,         0,         0,   0.158,blind_mwpm,13cf2edbc4bc0d12b16f6bef5fee2d0b6c3828763f6eb52221ee03ad7e42b36a,"{""config"":""erasure_r50"",""d"":7,""p"":0.0014677992676220691,""r_e"":0.5,""rounds"":7}",
        17,         0,         0,   0.043,herald_mwpm,e4830d7d80b478630ffb82c7c5178b658efd904c0cd109df5acd91525b484d0f,"{""config"":""erasure_r50"",""d"":7,""p"":0.0021544346900318843,""r_e"":0.5,""rounds"":7}",
     15360,         0,         0,   0.214,blind_mwpm,13cf2edbc4bc0d12b16f6bef5fee2d0b6c3828763f6eb52221ee03ad7e42b36a,"{""config"":""erasure_r50"",""d"":7,""p"":0.0014677992676220691,""r_e"":0.5,""rounds"":7}",
       256,         0,         0,   0.358,herald_mwpm,ad65c923e607e9d37040175098c4ae54b2905d65be5b2373fe69ec363212b8fe,"{""config"":""erasure_r50"",""d"":7,""p"":0.001,""r_e"":0.5,""rounds"":7}",
       128,         0,         0,   0.234,herald_mwpm,e4830d7d80b478630ffb82c7c5178b658efd904c0cd109df5acd91525b484d0f,"{""config"":""erasure_r50"",""d"":7,""p"":0.0021544346900318843,""r_e"":0.5,""rounds"":7}",
       256,         0,         0,   0.454,herald_mwpm,3947fc14465d7e66534edb2c16af691d17baf0d2a5da3b03f9f8ce97c5618992,"{""config"":""erasure_r50"",""d"":7,""p"":0.0014677992676220691,""r_e"":0.5,""rounds"":7}",
     21504,         0,         0,   0.292,blind_mwpm,13cf2edbc4bc0d12b16f6bef5fee2d0b6c3828763f6eb52221ee03ad7e42b36a,"{""config"":""erasure_r50"",""d"":7,""p"":0.0014677992676220691,""r_e"":0.5,""rounds"":7}",
       256,         0,         0,   0.379,herald_mwpm,ad65c923e607e9d37040175098c4ae54b2905d65be5b2373fe69ec363212b8fe,"{""config"":""erasure_r50"",""d"":7,""p"":0.001,""r_e"":0.5,""rounds"":7}",
     19855,         0,         0,   0.261,blind_mwpm,13cf2edbc4bc0d12b16f6bef5fee2d0b6c3828763f6eb52221ee03ad7e42b36a,"{""config"":""erasure_r50"",""d"":7,""p"":0.0014677992676220691,""r_e"":0.5,""rounds"":7}",
       256,         0,         0,   0.411,herald_mwpm,3947fc14465d7e66534edb2c16af691d17baf0d2a5da3b03f9f8ce97c5618992,"{""config"":""erasure_r50"",""d"":7,""p"":0.0014677992676220691,""r_e"":0.5,""rounds"":7}",
       256,         0,         0,   0.529,herald_mwpm,e4830d7d80b478630ffb82c7c5178b658efd904c0cd109df5acd91525b484d0f,"{""config"":""erasure_r50"",""d"":7,""p"":0.0021544346900318843,""r_e"":0.5,""rounds"":7}",
       273,         0,         0,   0.010,blind_mwpm,2a45d1ec2f6929c8f54ee516130685f82cc9fea81584e88a5a390df0bd8b4698,"{""config"":""erasure_r50"",""d"":7,""p"":0.0021544346900318843,""r_e"":0.5,""rounds"":7}",
       256,         0,         0,   0.371,herald_mwpm,ad65c923e607e9d37040175098c4ae54b2905d65be5b2373fe69ec363212b8fe,"{""config"":""erasure_r50"",""d"":7,""p"":0.001,""r_e"":0.5,""rounds"":7}",
      1024,         0,         0,   0.015,blind_mwpm,2a45d1ec2f6929c8f54ee516130685f82cc9fea81584e88a5a390df0bd8b4698,"{""config"":""erasure_r50"",""d"":7,""p"":0.0021544346900318843,""r_e"":0.5,""rounds"":7}",
      2048,         0,         0,   0.029,blind_mwpm,2a45d1ec2f6929c8f54ee516130685f82cc9fea81584e88a5a390df0bd8b4698,"{""config"":""erasure_r50"",""d"":7,""p"":0.0021544346900318843,""r_e"":0.5,""rounds"":7}",
      2048,         0,         0,   0.029,blind_mwpm,2a45d1ec2f6929c8f54ee516130685f82cc9fea81584e88a5a390df0bd8b4698,"{""config"":""erasure_r50"",""d"":7,""p"":0.0021544346900318843,""r_e"":0.5,""rounds"":7}",
      3072,         0,         0,   0.048,blind_mwpm,2a45d1ec2f6929c8f54ee516130685f82cc9fea81584e88a5a390df0bd8b4698,"{""config"":""erasure_r50"",""d"":7,""p"":0.0021544346900318843,""r_e"":0.5,""rounds"":7}",
      4096,         1,         0,   0.054,blind_mwpm,2a45d1ec2f6929c8f54ee516130685f82cc9fea81584e88a5a390df0bd8b4698,"{""config"":""erasure_r50"",""d"":7,""p"":0.0021544346900318843,""r_e"":0.5,""rounds"":7}",
       256,         0,         0,   0.449,herald_mwpm,3947fc14465d7e66534edb2c16af691d17baf0d2a5da3b03f9f8ce97c5618992,"{""config"":""erasure_r50"",""d"":7,""p"":0.0014677992676220691,""r_e"":0.5,""rounds"":7}",
      6144,         0,         0,   0.089,blind_mwpm,2a45d1ec2f6929c8f54ee516130685f82cc9fea81584e88a5a390df0bd8b4698,"{""config"":""erasure_r50"",""d"":7,""p"":0.0021544346900318843,""r_e"":0.5,""rounds"":7}",
       256,         0,         0,   0.545,herald_mwpm,e4830d7d80b478630ffb82c7c5178b658efd904c0cd109df5acd91525b484d0f,"{""config"":""erasure_r50"",""d"":7,""p"":0.0021544346900318843,""r_e"":0.5,""rounds"":7}",
      7168,         0,         0,   0.111,blind_mwpm,2a45d1ec2f6929c8f54ee516130685f82cc9fea81584e88a5a390df0bd8b4698,"{""config"":""erasure_r50"",""d"":7,""p"":0.0021544346900318843,""r_e"":0.5,""rounds"":7}",
     10240,         2,         0,   0.151,blind_mwpm,2a45d1ec2f6929c8f54ee516130685f82cc9fea81584e88a5a390df0bd8b4698,"{""config"":""erasure_r50"",""d"":7,""p"":0.0021544346900318843,""r_e"":0.5,""rounds"":7}",
       256,         0,         0,   0.480,herald_mwpm,3947fc14465d7e66534edb2c16af691d17baf0d2a5da3b03f9f8ce97c5618992,"{""config"":""erasure_r50"",""d"":7,""p"":0.0014677992676220691,""r_e"":0.5,""rounds"":7}",
     14336,         4,         0,   0.215,blind_mwpm,2a45d1ec2f6929c8f54ee516130685f82cc9fea81584e88a5a390df0bd8b4698,"{""config"":""erasure_r50"",""d"":7,""p"":0.0021544346900318843,""r_e"":0.5,""rounds"":7}",
       512,         0,         0,   0.750,herald_mwpm,ad65c923e607e9d37040175098c4ae54b2905d65be5b2373fe69ec363212b8fe,"{""config"":""erasure_r50"",""d"":7,""p"":0.001,""r_e"":0.5,""rounds"":7}",
       256,         0,         0,   0.518,herald_mwpm,e4830d7d80b478630ffb82c7c5178b658efd904c0cd109df5acd91525b484d0f,"{""config"":""erasure_r50"",""d"":7,""p"":0.0021544346900318843,""r_e"":0.5,""rounds"":7}",
     21504,         3,         0,   0.298,blind_mwpm,2a45d1ec2f6929c8f54ee516130685f82cc9fea81584e88a5a390df0bd8b4698,"{""config"":""erasure_r50"",""d"":7,""p"":0.0021544346900318843,""r_e"":0.5,""rounds"":7}",
       256,         0,         0,   0.405,herald_mwpm,3947fc14465d7e66534edb2c16af691d17baf0d2a5da3b03f9f8ce97c5618992,"{""config"":""erasure_r50"",""d"":7,""p"":0.0014677992676220691,""r_e"":0.5,""rounds"":7}",
       256,         0,         0,   0.518,herald_mwpm,e4830d7d80b478630ffb82c7c5178b658efd904c0cd109df5acd91525b484d0f,"{""config"":""erasure_r50"",""d"":7,""p"":0.0021544346900318843,""r_e"":0.5,""rounds"":7}",
       512,         0,         0,   0.683,herald_mwpm,ad65c923e607e9d37040175098c4ae54b2905d65be5b2373fe69ec363212b8fe,"{""config"":""erasure_r50"",""d"":7,""p"":0.001,""r_e"":0.5,""rounds"":7}",
     28047,         3,         0,   0.404,blind_mwpm,2a45d1ec2f6929c8f54ee516130685f82cc9fea81584e88a5a390df0bd8b4698,"{""config"":""erasure_r50"",""d"":7,""p"":0.0021544346900318843,""r_e"":0.5,""rounds"":7}",
       256,         0,         0,   0.450,herald_mwpm,3947fc14465d7e66534edb2c16af691d17baf0d2a5da3b03f9f8ce97c5618992,"{""config"":""erasure_r50"",""d"":7,""p"":0.0014677992676220691,""r_e"":0.5,""rounds"":7}",
     23951,        34,         0,    11.0,herald_mwpm,d0253239a451a46c5c71089d7de062d088f00001f12056acefec686ca65dcac5,"{""config"":""erasure_r50"",""d"":5,""p"":0.0031622776601683794,""r_e"":0.5,""rounds"":5}",
        17,         0,         0,   0.048,herald_mwpm,5f5f9d2cdf515e035c16547dc735d3a8c47a2004a5ec89b59688cc2c57ff142b,"{""config"":""erasure_r50"",""d"":7,""p"":0.0031622776601683794,""r_e"":0.5,""rounds"":7}",
      1297,         2,         0,   0.025,blind_mwpm,e8ace5b0a721d0bcb28947b8b750b26d2d3fd6c22c8d321b5a2420b55c0b4ef0,"{""config"":""erasure_r50"",""d"":7,""p"":0.0031622776601683794,""r_e"":0.5,""rounds"":7}",
      1024,         0,         0,   0.016,blind_mwpm,e8ace5b0a721d0bcb28947b8b750b26d2d3fd6c22c8d321b5a2420b55c0b4ef0,"{""config"":""erasure_r50"",""d"":7,""p"":0.0031622776601683794,""r_e"":0.5,""rounds"":7}",
      2048,         2,         0,   0.032,blind_mwpm,e8ace5b0a721d0bcb28947b8b750b26d2d3fd6c22c8d321b5a2420b55c0b4ef0,"{""config"":""erasure_r50"",""d"":7,""p"":0.0031622776601683794,""r_e"":0.5,""rounds"":7}",
       256,         0,         0,   0.563,herald_mwpm,e4830d7d80b478630ffb82c7c5178b658efd904c0cd109df5acd91525b484d0f,"{""config"":""erasure_r50"",""d"":7,""p"":0.0021544346900318843,""r_e"":0.5,""rounds"":7}",
      2048,         0,         0,   0.041,blind_mwpm,e8ace5b0a721d0bcb28947b8b750b26d2d3fd6c22c8d321b5a2420b55c0b4ef0,"{""config"":""erasure_r50"",""d"":7,""p"":0.0031622776601683794,""r_e"":0.5,""rounds"":7}",
       256,         0,         0,   0.468,herald_mwpm,3947fc14465d7e66534edb2c16af691d17baf0d2a5da3b03f9f8ce97c5618992,"{""config"":""erasure_r50"",""d"":7,""p"":0.0014677992676220691,""r_e"":0.5,""rounds"":7}",
      3072,         1,         0,   0.052,blind_mwpm,e8ace5b0a721d0bcb28947b8b750b26d2d3fd6c22c8d321b5a2420b55c0b4ef0,"{""config"":""erasure_r50"",""d"":7,""p"":0.0031622776601683794,""r_e"":0.5,""rounds"":7}",
       128,         0,         0,   0.292,herald_mwpm,5f5f9d2cdf515e035c16547dc735d3a8c47a2004a5ec89b59688cc2c57ff142b,"{""config"":""erasure_r50"",""d"":7,""p"":0.0031622776601683794,""r_e"":0.5,""rounds"":7}",
      4096,         0,         0,   0.067,blind_mwpm,e8ace5b0a721d0bcb28947b8b750b26d2d3fd6c22c8d321b5a2420b55c0b4ef0,"{""config"":""erasure_r50"",""d"":7,""p"":0.0031622776601683794,""r_e"":0.5,""rounds"":7}",
      5120,         5,         0,   0.085,blind_mwpm,e8ace5b0a721d0bcb28947b8b750b26d2d3fd6c22c8d321b5a2420b55c0b4ef0,"{""config"":""erasure_r50"",""d"":7,""p"":0.0031622776601683794,""r_e"":0.5,""rounds"":7}",
      6144,         5,         0,   0.109,blind_mwpm,e8ace5b0a721d0bcb28947b8b750b26d2d3fd6c22c8d321b5a2420b55c0b4ef0,"{""config"":""erasure_r50"",""d"":7,""p"":0.0031622776601683794,""r_e"":0.5,""rounds"":7}",
     15872,       170,         0,    11.8,herald_mwpm,f6af75650281cb20d3b11ecaf89c4b815329f0308b20487651b0f73ca5b0c28f,"{""config"":""erasure_r50"",""d"":5,""p"":0.006812920690579608,""r_e"":0.5,""rounds"":5}",
     10240,         6,         0,   0.155,blind_mwpm,e8ace5b0a721d0bcb28947b8b750b26d2d3fd6c22c8d321b5a2420b55c0b4ef0,"{""config"":""erasure_r50"",""d"":7,""p"":0.0031622776601683794,""r_e"":0.5,""rounds"":7}",
       256,         0,         0,   0.499,herald_mwpm,e4830d7d80b478630ffb82c7c5178b658efd904c0cd109df5acd91525b484d0f,"{""config"":""erasure_r50"",""d"":7,""p"":0.0021544346900318843,""r_e"":0.5,""rounds"":7}",
       256,         0,         0,   0.468,herald_mwpm,3947fc14465d7e66534edb2c16af691d17baf0d2a5da3b03f9f8ce97c5618992,"{""config"":""erasure_r50"",""d"":7,""p"":0.0014677992676220691,""r_e"":0.5,""rounds"":7}",
       768,         0,         0,    1.03,herald_mwpm,ad65c923e607e9d37040175098c4ae54b2905d65be5b2373fe69ec363212b8fe,"{""config"":""erasure_r50"",""d"":7,""p"":0.001,""r_e"":0.5,""rounds"":7}",
     14336,        13,         0,   0.209,blind_mwpm,e8ace5b0a721d0bcb28947b8b750b26d2d3fd6c22c8d321b5a2420b55c0b4ef0,"{""config"":""erasure_r50"",""d"":7,""p"":0.0031622776601683794,""r_e"":0.5,""rounds"":7}",
       256,         0,         0,   0.605,herald_mwpm,5f5f9d2cdf515e035c16547dc735d3a8c47a2004a5ec89b59688cc2c57ff142b,"{""config"":""erasure_r50"",""d"":7,""p"":0.0031622776601683794,""r_e"":0.5,""rounds"":7}",
       256,         0,         0,   0.449,herald_mwpm,3947fc14465d7e66534edb2c16af691d17baf0d2a5da3b03f9f8ce97c5618992,"{""config"":""erasure_r50"",""d"":7,""p"":0.0014677992676220691,""r_e"":0.5,""rounds"":7}",
       256,         0,         0,   0.496,herald_mwpm,e4830d7d80b478630ffb82c7c5178b658efd904c0cd109df5acd91525b484d0f,"{""config"":""erasure_r50"",""d"":7,""p"":0.0021544346900318843,""r_e"":0.5,""rounds"":7}",
     20480,        25,         0,   0.301,blind_mwpm,e8ace5b0a721d0bcb28947b8b750b26d2d3fd6c22c8d321b5a2420b55c0b4ef0,"{""config"":""erasure_r50"",""d"":7,""p"":0.0031622776601683794,""r_e"":0.5,""rounds"":7}",
       256,         0,         0,   0.593,herald_mwpm,5f5f9d2cdf515e035c16547dc735d3a8c47a2004a5ec89b59688cc2c57ff142b,"{""config"":""erasure_r50"",""d"":7,""p"":0.0031622776601683794,""r_e"":0.5,""rounds"":7}",
     25600,        20,         0,   0.405,blind_mwpm,e8ace5b0a721d0bcb28947b8b750b26d2d3fd6c22c8d321b5a2420b55c0b4ef0,"{""config"":""erasure_r50"",""d"":7,""p"":0.0031622776601683794,""r_e"":0.5,""rounds"":7}",
      4495,         1,         0,   0.083,blind_mwpm,e8ace5b0a721d0bcb28947b8b750b26d2d3fd6c22c8d321b5a2420b55c0b4ef0,"{""config"":""erasure_r50"",""d"":7,""p"":0.0031622776601683794,""r_e"":0.5,""rounds"":7}",
       256,         0,         0,   0.524,herald_mwpm,e4830d7d80b478630ffb82c7c5178b658efd904c0cd109df5acd91525b484d0f,"{""config"":""erasure_r50"",""d"":7,""p"":0.0021544346900318843,""r_e"":0.5,""rounds"":7}",
       768,         0,         0,    1.14,herald_mwpm,ad65c923e607e9d37040175098c4ae54b2905d65be5b2373fe69ec363212b8fe,"{""config"":""erasure_r50"",""d"":7,""p"":0.001,""r_e"":0.5,""rounds"":7}",
        17,         0,         0,   0.049,herald_mwpm,5f8568f78b6d09b9bcd7b720671ac3b9fa7f5b3211acb9b23da64558f25aa4fe,"{""config"":""erasure_r50"",""d"":7,""p"":0.004641588833612777,""r_e"":0.5,""rounds"":7}",
       512,         0,         0,   0.877,herald_mwpm,3947fc14465d7e66534edb2c16af691d17baf0d2a5da3b03f9f8ce97c5618992,"{""config"":""erasure_r50"",""d"":7,""p"":0.0014677992676220691,""r_e"":0.5,""rounds"":7}",
       256,         0,         0,   0.623,herald_mwpm,5f5f9d2cdf515e035c16547dc735d3a8c47a2004a5ec89b59688cc2c57ff142b,"{""config"":""erasure_r50"",""d"":7,""p"":0.0031622776601683794,""r_e"":0.5,""rounds"":7}",
       256,         0,         0,   0.556,herald_mwpm,e4830d7d80b478630ffb82c7c5178b658efd904c0cd109df5acd91525b484d0f,"{""config"":""erasure_r50"",""d"":7,""p"":0.0021544346900318843,""r_e"":0.5,""rounds"":7}",
       128,         0,         0,   0.333,herald_mwpm,5f8568f78b6d09b9bcd7b720671ac3b9fa7f5b3211acb9b23da64558f25aa4fe,"{""config"":""erasure_r50"",""d"":7,""p"":0.004641588833612777,""r_e"":0.5,""rounds"":7}",
       128,         1,         0,   0.320,herald_mwpm,5f8568f78b6d09b9bcd7b720671ac3b9fa7f5b3211acb9b23da64558f25aa4fe,"{""config"":""erasure_r50"",""d"":7,""p"":0.004641588833612777,""r_e"":0.5,""rounds"":7}",
       256,         0,         0,   0.637,herald_mwpm,5f5f9d2cdf515e035c16547dc735d3a8c47a2004a5ec89b59688cc2c57ff142b,"{""config"":""erasure_r50"",""d"":7,""p"":0.0031622776601683794,""r_e"":0.5,""rounds"":7}",
       256,         0,         0,   0.594,herald_mwpm,e4830d7d80b478630ffb82c7c5178b658efd904c0cd109df5acd91525b484d0f,"{""config"":""erasure_r50"",""d"":7,""p"":0.0021544346900318843,""r_e"":0.5,""rounds"":7}",
       512,         0,         0,   0.858,herald_mwpm,3947fc14465d7e66534edb2c16af691d17baf0d2a5da3b03f9f8ce97c5618992,"{""config"":""erasure_r50"",""d"":7,""p"":0.0014677992676220691,""r_e"":0.5,""rounds"":7}",
       128,         0,         0,   0.326,herald_mwpm,5f8568f78b6d09b9bcd7b720671ac3b9fa7f5b3211acb9b23da64558f25aa4fe,"{""config"":""erasure_r50"",""d"":7,""p"":0.004641588833612777,""r_e"":0.5,""rounds"":7}",
     20480,        61,         0,    12.1,herald_mwpm,675017e463cc457f8dba892efcc6263147243d8a65e7a591768a6692be903b0e,"{""config"":""erasure_r50"",""d"":5,""p"":0.004641588833612777,""r_e"":0.5,""rounds"":5}",
       128,         0,         0,   0.340,herald_mwpm,5f8568f78b6d09b9bcd7b720671ac3b9fa7f5b3211acb9b23da64558f25aa4fe,"{""config"":""erasure_r50"",""d"":7,""p"":0.004641588833612777,""r_e"":0.5,""rounds"":7}",
       256,         0,         0,   0.623,herald_mwpm,5f5f9d2cdf515e035c16547dc735d3a8c47a2004a5ec89b59688cc2c57ff142b,"{""config"":""erasure_r50"",""d"":7,""p"":0.0031622776601683794,""r_e"":0.5,""rounds"":7}",
       128,         0,         0,   0.331,herald_mwpm,5f8568f78b6d09b9bcd7b720671ac3b9fa7f5b3211acb9b23da64558f25aa4fe,"{""config"":""erasure_r50"",""d"":7,""p"":0.004641588833612777,""r_e"":0.5,""rounds"":7}",
      1280,         0,         0,    1.86,herald_mwpm,ad65c923e607e9d37040175098c4ae54b2905d65be5b2373fe69ec363212b8fe,"{""config"":""erasure_r50"",""d"":7,""p"":0.001,""r_e"":0.5,""rounds"":7}",
       512,         0,         0,    1.08,herald_mwpm,e4830d7d80b478630ffb82c7c5178b658efd904c0cd109df5acd91525b484d0f,"{""config"":""erasure_r50"",""d"":7,""p"":0.0021544346900318843,""r_e"":0.5,""rounds"":7}",
       128,         0,         0,   0.330,herald_mwpm,5f8568f78b6d09b9bcd7b720671ac3b9fa7f5b3211acb9b23da64558f25aa4fe,"{""config"":""erasure_r50"",""d"":7,""p"":0.004641588833612777,""r_e"":0.5,""rounds"":7}",
       256,         0,         0,   0.630,herald_mwpm,5f5f9d2cdf515e035c16547dc735d3a8c47a2004a5ec89b59688cc2c57ff142b,"{""config"":""erasure_r50"",""d"":7,""p"":0.0031622776601683794,""r_e"":0.5,""rounds"":7}",
       768,         0,         0,    1.42,herald_mwpm,3947fc14465d7e66534edb2c16af691d17baf0d2a5da3b03f9f8ce97c5618992,"{""config"":""erasure_r50"",""d"":7,""p"":0.0014677992676220691,""r_e"":0.5,""rounds"":7}",
       128,         0,         0,   0.379,herald_mwpm,5f8568f78b6d09b9bcd7b720671ac3b9fa7f5b3211acb9b23da64558f25aa4fe,"{""config"":""erasure_r50"",""d"":7,""p"":0.004641588833612777,""r_e"":0.5,""rounds"":7}",
       256,         0,         0,   0.672,herald_mwpm,5f5f9d2cdf515e035c16547dc735d3a8c47a2004a5ec89b59688cc2c57ff142b,"{""config"":""erasure_r50"",""d"":7,""p"":0.0031622776601683794,""r_e"":0.5,""rounds"":7}",
       128,         0,         0,   0.350,herald_mwpm,5f8568f78b6d09b9bcd7b720671ac3b9fa7f5b3211acb9b23da64558f25aa4fe,"{""config"":""erasure_r50"",""d"":7,""p"":0.004641588833612777,""r_e"":0.5,""rounds"":7}",
       128,         0,         0,   0.354,herald_mwpm,5f8568f78b6d09b9bcd7b720671ac3b9fa7f5b3211acb9b23da64558f25aa4fe,"{""config"":""erasure_r50"",""d"":7,""p"":0.004641588833612777,""r_e"":0.5,""rounds"":7}",
       512,         0,         0,    1.17,herald_mwpm,e4830d7d80b478630ffb82c7c5178b658efd904c0cd109df5acd91525b484d0f,"{""config"":""erasure_r50"",""d"":7,""p"":0.0021544346900318843,""r_e"":0.5,""rounds"":7}",
       256,         0,         0,   0.649,herald_mwpm,5f5f9d2cdf515e035c16547dc735d3a8c47a2004a5ec89b59688cc2c57ff142b,"{""config"":""erasure_r50"",""d"":7,""p"":0.0031622776601683794,""r_e"":0.5,""rounds"":7}",
       128,         0,         0,   0.349,herald_mwpm,5f8568f78b6d09b9bcd7b720671ac3b9fa7f5b3211acb9b23da64558f25aa4fe,"{""config"":""erasure_r50"",""d"":7,""p"":0.004641588833612777,""r_e"":0.5,""rounds"":7}",
      1536,         0,         0,    2.22,herald_mwpm,ad65c923e607e9d37040175098c4ae54b2905d65be5b2373fe69ec363212b8fe,"{""config"":""erasure_r50"",""d"":7,""p"":0.001,""r_e"":0.5,""rounds"":7}",
       256,         0,         0,   0.635,herald_mwpm,5f5f9d2cdf515e035c16547dc735d3a8c47a2004a5ec89b59688cc2c57ff142b,"{""config"":""erasure_r50"",""d"":7,""p"":0.0031622776601683794,""r_e"":0.5,""rounds"":7}",
       256,         0,         0,   0.657,herald_mwpm,5f8568f78b6d09b9bcd7b720671ac3b9fa7f5b3211acb9b23da64558f25aa4fe,"{""config"":""erasure_r50"",""d"":7,""p"":0.004641588833612777,""r_e"":0.5,""rounds"":7}",
      1024,         0,         0,    1.88,herald_mwpm,3947fc14465d7e66534edb2c16af691d17baf0d2a5da3b03f9f8ce97c5618992,"{""config"":""erasure_r50"",""d"":7,""p"":0.0014677992676220691,""r_e"":0.5,""rounds"":7}",
       512,         0,         0,    1.16,herald_mwpm,e4830d7d80b478630ffb82c7c5178b658efd904c0cd109df5acd91525b484d0f,"{""config"":""erasure_r50"",""d"":7,""p"":0.0021544346900318843,""r_e"":0.5,""rounds"":7}",
       256,         1,         0,   0.613,herald_mwpm,5f5f9d2cdf515e035c16547dc735d3a8c47a2004a5ec89b59688cc2c57ff142b,"{""config"":""erasure_r50"",""d"":7,""p"":0.0031622776601683794,""r_e"":0.5,""rounds"":7}",
       256,         0,         0,   0.683,herald_mwpm,5f8568f78b6d09b9bcd7b720671ac3b9fa7f5b3211acb9b23da64558f25aa4fe,"{""config"":""erasure_r50"",""d"":7,""p"":0.004641588833612777,""r_e"":0.5,""rounds"":7}",
       256,         0,         0,   0.644,herald_mwpm,5f5f9d2cdf515e035c16547dc735d3a8c47a2004a5ec89b59688cc2c57ff142b,"{""config"":""erasure_r50"",""d"":7,""p"":0.0031622776601683794,""r_e"":0.5,""rounds"":7}",
       384,         1,         0,    1.02,herald_mwpm,5f8568f78b6d09b9bcd7b720671ac3b9fa7f5b3211acb9b23da64558f25aa4fe,"{""config"":""erasure_r50"",""d"":7,""p"":0.004641588833612777,""r_e"":0.5,""rounds"":7}",
       768,         1,         0,    1.68,herald_mwpm,e4830d7d80b478630ffb82c7c5178b658efd904c0cd109df5acd91525b484d0f,"{""config"":""erasure_r50"",""d"":7,""p"":0.0021544346900318843,""r_e"":0.5,""rounds"":7}",
       512,         0,         0,    1.25,herald_mwpm,5f5f9d2cdf515e035c16547dc735d3a8c47a2004a5ec89b59688cc2c57ff142b,"{""config"":""erasure_r50"",""d"":7,""p"":0.0031622776601683794,""r_e"":0.5,""rounds"":7}",
      1280,         0,         0,    2.44,herald_mwpm,3947fc14465d7e66534edb2c16af691d17baf0d2a5da3b03f9f8ce97c5618992,"{""config"":""erasure_r50"",""d"":7,""p"":0.0014677992676220691,""r_e"":0.5,""rounds"":7}",
       512,         1,         0,    1.33,herald_mwpm,5f8568f78b6d09b9bcd7b720671ac3b9fa7f5b3211acb9b23da64558f25aa4fe,"{""config"":""erasure_r50"",""d"":7,""p"":0.004641588833612777,""r_e"":0.5,""rounds"":7}",
      2304,         0,         0,    3.34,herald_mwpm,ad65c923e607e9d37040175098c4ae54b2905d65be5b2373fe69ec363212b8fe,"{""config"":""erasure_r50"",""d"":7,""p"":0.001,""r_e"":0.5,""rounds"":7}",
       512,         0,         0,    1.24,herald_mwpm,5f5f9d2cdf515e035c16547dc735d3a8c47a2004a5ec89b59688cc2c57ff142b,"{""config"":""erasure_r50"",""d"":7,""p"":0.0031622776601683794,""r_e"":0.5,""rounds"":7}",
      1280,         0,         0,    2.73,herald_mwpm,e4830d7d80b478630ffb82c7c5178b658efd904c0cd109df5acd91525b484d0f,"{""config"":""erasure_r50"",""d"":7,""p"":0.0021544346900318843,""r_e"":0.5,""rounds"":7}",
       640,         0,         0,    1.62,herald_mwpm,5f8568f78b6d09b9bcd7b720671ac3b9fa7f5b3211acb9b23da64558f25aa4fe,"{""config"":""erasure_r50"",""d"":7,""p"":0.004641588833612777,""r_e"":0.5,""rounds"":7}",
       768,         1,         0,    1.91,herald_mwpm,5f5f9d2cdf515e035c16547dc735d3a8c47a2004a5ec89b59688cc2c57ff142b,"{""config"":""erasure_r50"",""d"":7,""p"":0.0031622776601683794,""r_e"":0.5,""rounds"":7}",
      1792,         0,         0,    3.32,herald_mwpm,3947fc14465d7e66534edb2c16af691d17baf0d2a5da3b03f9f8ce97c5618992,"{""config"":""erasure_r50"",""d"":7,""p"":0.0014677992676220691,""r_e"":0.5,""rounds"":7}",
       896,         5,         0,    2.42,herald_mwpm,5f8568f78b6d09b9bcd7b720671ac3b9fa7f5b3211acb9b23da64558f25aa4fe,"{""config"":""erasure_r50"",""d"":7,""p"":0.004641588833612777,""r_e"":0.5,""rounds"":7}",
      3072,         0,         0,    4.56,herald_mwpm,ad65c923e607e9d37040175098c4ae54b2905d65be5b2373fe69ec363212b8fe,"{""config"":""erasure_r50"",""d"":7,""p"":0.001,""r_e"":0.5,""rounds"":7}",
     17807,        64,         0,    10.8,herald_mwpm,675017e463cc457f8dba892efcc6263147243d8a65e7a591768a6692be903b0e,"{""config"":""erasure_r50"",""d"":5,""p"":0.004641588833612777,""r_e"":0.5,""rounds"":5}",
      1536,         0,         0,    3.39,herald_mwpm,e4830d7d80b478630ffb82c7c5178b658efd904c0cd109df5acd91525b484d0f,"{""config"":""erasure_r50"",""d"":7,""p"":0.0021544346900318843,""r_e"":0.5,""rounds"":7}",
       273,         0,         0,   0.011,blind_mwpm,6d2ea428ce0f6d60ba86c71294f7cbbbf3bc7698003e6df963c9c41184f74893,"{""config"":""erasure_r50"",""d"":7,""p"":0.004641588833612777,""r_e"":0.5,""rounds"":7}",
      1024,         3,         0,   0.019,blind_mwpm,6d2ea428ce0f6d60ba86c71294f7cbbbf3bc7698003e6df963c9c41184f74893,"{""config"":""erasure_r50"",""d"":7,""p"":0.004641588833612777,""r_e"":0.5,""rounds"":7}",
      1024,         0,         0,    2.58,herald_mwpm,5f5f9d2cdf515e035c16547dc735d3a8c47a2004a5ec89b59688cc2c57ff142b,"{""config"":""erasure_r50"",""d"":7,""p"":0.0031622776601683794,""r_e"":0.5,""rounds"":7}",
      2048,         9,         0,   0.037,blind_mwpm,6d2ea428ce0f6d60ba86c71294f7cbbbf3bc7698003e6df963c9c41184f74893,"{""config"":""erasure_r50"",""d"":7,""p"":0.004641588833612777,""r_e"":0.5,""rounds"":7}",
      2048,         4,         0,   0.037,blind_mwpm,6d2ea428ce0f6d60ba86c71294f7cbbbf3bc7698003e6df963c9c41184f74893,"{""config"":""erasure_r50"",""d"":7,""p"":0.004641588833612777,""r_e"":0.5,""rounds"":7}",
      2048,         6,         0,   0.043,blind_mwpm,6d2ea428ce0f6d60ba86c71294f7cbbbf3bc7698003e6df963c9c41184f74893,"{""config"":""erasure_r50"",""d"":7,""p"":0.004641588833612777,""r_e"":0.5,""rounds"":7}",
      3072,         5,         0,   0.055,blind_mwpm,6d2ea428ce0f6d60ba86c71294f7cbbbf3bc7698003e6df963c9c41184f74893,"{""config"":""erasure_r50"",""d"":7,""p"":0.004641588833612777,""r_e"":0.5,""rounds"":7}",
      5120,        17,         0,   0.093,blind_mwpm,6d2ea428ce0f6d60ba86c71294f7cbbbf3bc7698003e6df963c9c41184f74893,"{""config"":""erasure_r50"",""d"":7,""p"":0.004641588833612777,""r_e"":0.5,""rounds"":7}",
      6144,        26,         0,   0.108,blind_mwpm,6d2ea428ce0f6d60ba86c71294f7cbbbf3bc7698003e6df963c9c41184f74893,"{""config"":""erasure_r50"",""d"":7,""p"":0.004641588833612777,""r_e"":0.5,""rounds"":7}",
      8192,        29,         0,   0.156,blind_mwpm,6d2ea428ce0f6d60ba86c71294f7cbbbf3bc7698003e6df963c9c41184f74893,"{""config"":""erasure_r50"",""d"":7,""p"":0.004641588833612777,""r_e"":0.5,""rounds"":7}",
     11264,        39,         0,   0.216,blind_mwpm,6d2ea428ce0f6d60ba86c71294f7cbbbf3bc7698003e6df963c9c41184f74893,"{""config"":""erasure_r50"",""d"":7,""p"":0.004641588833612777,""r_e"":0.5,""rounds"":7}",
     16384,        63,         0,   0.296,blind_mwpm,6d2ea428ce0f6d60ba86c71294f7cbbbf3bc7698003e6df963c9c41184f74893,"{""config"":""erasure_r50"",""d"":7,""p"":0.004641588833612777,""r_e"":0.5,""rounds"":7}",
     22528,        75,         0,   0.404,blind_mwpm,6d2ea428ce0f6d60ba86c71294f7cbbbf3bc7698003e6df963c9c41184f74893,"{""config"":""erasure_r50"",""d"":7,""p"":0.004641588833612777,""r_e"":0.5,""rounds"":7}",
     19855,        62,         0,   0.366,blind_mwpm,6d2ea428ce0f6d60ba86c71294f7cbbbf3bc7698003e6df963c9c41184f74893,"{""config"":""erasure_r50"",""d"":7,""p"":0.004641588833612777,""r_e"":0.5,""rounds"":7}",
      2304,         0,         0,    4.34,herald_mwpm,3947fc14465d7e66534edb2c16af691d17baf0d2a5da3b03f9f8ce97c5618992,"{""config"":""erasure_r50"",""d"":7,""p"":0.0014677992676220691,""r_e"":0.5,""rounds"":7}",
        17,         0,         0,   0.048,herald_mwpm,cf2a328b656f0161283f34fea423c0619c1a050e5ace6b305b22b8ae0bcfb888,"{""config"":""erasure_r50"",""d"":7,""p"":0.006812920690579608,""r_e"":0.5,""rounds"":7}",
      1280,         0,         0,    3.32,herald_mwpm,5f8568f78b6d09b9bcd7b720671ac3b9fa7f5b3211acb9b23da64558f25aa4fe,"{""config"":""erasure_r50"",""d"":7,""p"":0.004641588833612777,""r_e"":0.5,""rounds"":7}",
       128,         1,         0,   0.345,herald_mwpm,cf2a328b656f0161283f34fea423c0619c1a050e5ace6b305b22b8ae0bcfb888,"{""config"":""erasure_r50"",""d"":7,""p"":0.006812920690579608,""r_e"":0.5,""rounds"":7}",
       128,         1,         0,   0.335,herald_mwpm,cf2a328b656f0161283f34fea423c0619c1a050e5ace6b305b22b8ae0bcfb888,"{""config"":""erasure_r50"",""d"":7,""p"":0.006812920690579608,""r_e"":0.5,""rounds"":7}",
     21504,       237,         0,    16.6,herald_mwpm,f6af75650281cb20d3b11ecaf89c4b815329f0308b20487651b0f73ca5b0c28f,"{""config"":""erasure_r50"",""d"":5,""p"":0.006812920690579608,""r_e"":0.5,""rounds"":5}",
      1280,         1,         0,    3.14,herald_mwpm,5f5f9d2cdf515e035c16547dc735d3a8c47a2004a5ec89b59688cc2c57ff142b,"{""config"":""erasure_r50"",""d"":7,""p"":0.0031622776601683794,""r_e"":0.5,""rounds"":7}",
       128,         1,         0,   0.340,herald_mwpm,cf2a328b656f0161283f34fea423c0619c1a050e5ace6b305b22b8ae0bcfb888,"{""config"":""erasure_r50"",""d"":7,""p"":0.006812920690579608,""r_e"":0.5,""rounds"":7}",
       128,         0,         0,   0.333,herald_mwpm,cf2a328b656f0161283f34fea423c0619c1a050e5ace6b305b22b8ae0bcfb888,"{""config"":""erasure_r50"",""d"":7,""p"":0.006812920690579608,""r_e"":0.5,""rounds"":7}",
       128,         0,         0,   0.338,herald_mwpm,cf2a328b656f0161283f34fea423c0619c1a050e5ace6b305b22b8ae0bcfb888,"{""config"":""erasure_r50"",""d"":7,""p"":0.006812920690579608,""r_e"":0.5,""rounds"":7}",
       128,         0,         0,   0.344,herald_mwpm,cf2a328b656f0161283f34fea423c0619c1a050e5ace6b305b22b8ae0bcfb888,"{""config"":""erasure_r50"",""d"":7,""p"":0.006812920690579608,""r_e"":0.5,""rounds"":7}",
      2048,         0,         0,    4.56,herald_mwpm,e4830d7d80b478630ffb82c7c5178b658efd904c0cd109df5acd91525b484d0f,"{""config"":""erasure_r50"",""d"":7,""p"":0.0021544346900318843,""r_e"":0.5,""rounds"":7}",
       128,         1,         0,   0.341,herald_mwpm,cf2a328b656f0161283f34fea423c0619c1a050e5ace6b305b22b8ae0bcfb888,"{""config"":""erasure_r50"",""d"":7,""p"":0.006812920690579608,""r_e"":0.5,""rounds"":7}",
       128,         0,         0,   0.349,herald_mwpm,cf2a328b656f0161283f34fea423c0619c1a050e5ace6b305b22b8ae0bcfb888,"{""config"":""erasure_r50"",""d"":7,""p"":0.006812920690579608,""r_e"":0.5,""rounds"":7}",
       128,         1,         0,   0.335,herald_mwpm,cf2a328b656f0161283f34fea423c0619c1a050e5ace6b305b22b8ae0bcfb888,"{""config"":""erasure_r50"",""d"":7,""p"":0.006812920690579608,""r_e"":0.5,""rounds"":7}",
       128,         0,         0,   0.341,herald_mwpm,cf2a328b656f0161283f34fea423c0619c1a050e5ace6b305b22b8ae0bcfb888,"{""config"":""erasure_r50"",""d"":7,""p"":0.006812920690579608,""r_e"":0.5,""rounds"":7}",
      4352,         0,         0,    6.32,herald_mwpm,ad65c923e607e9d37040175098c4ae54b2905d65be5b2373fe69ec363212b8fe,"{""config"":""erasure_r50"",""d"":7,""p"":0.001,""r_e"":0.5,""rounds"":7}",
       256,         2,         0,   0.681,herald_mwpm,cf2a328b656f0161283f34fea423c0619c1a050e5ace6b305b22b8ae0bcfb888,"{""config"":""erasure_r50"",""d"":7,""p"":0.006812920690579608,""r_e"":0.5,""rounds"":7}",
      1664,         1,         0,    4.37,herald_mwpm,5f8568f78b6d09b9bcd7b720671ac3b9fa7f5b3211acb9b23da64558f25aa4fe,"{""config"":""erasure_r50"",""d"":7,""p"":0.004641588833612777,""r_e"":0.5,""rounds"":7}",
       256,         3,         0,   0.733,herald_mwpm,cf2a328b656f0161283f34fea423c0619c1a050e5ace6b305b22b8ae0bcfb888,"{""config"":""erasure_r50"",""d"":7,""p"":0.006812920690579608,""r_e"":0.5,""rounds"":7}",
      1792,         0,         0,    4.43,herald_mwpm,5f5f9d2cdf515e035c16547dc735d3a8c47a2004a5ec89b59688cc2c57ff142b,"{""config"":""erasure_r50"",""d"":7,""p"":0.0031622776601683794,""r_e"":0.5,""rounds"":7}",
       384,         1,         0,    1.06,herald_mwpm,cf2a328b656f0161283f34fea423c0619c1a050e5ace6b305b22b8ae0bcfb888,"{""config"":""erasure_r50"",""d"":7,""p"":0.006812920690579608,""r_e"":0.5,""rounds"":7}",
      3328,         0,         0,    6.00,herald_mwpm,3947fc14465d7e66534edb2c16af691d17baf0d2a5da3b03f9f8ce97c5618992,"{""config"":""erasure_r50"",""d"":7,""p"":0.0014677992676220691,""r_e"":0.5,""rounds"":7}",
       512,         3,         0,    1.36,herald_mwpm,cf2a328b656f0161283f34fea423c0619c1a050e5ace6b305b22b8ae0bcfb888,"{""config"":""erasure_r50"",""d"":7,""p"":0.006812920690579608,""r_e"":0.5,""rounds"":7}",
      9216,       109,         0,    6.99,herald_mwpm,f6af75650281cb20d3b11ecaf89c4b815329f0308b20487651b0f73ca5b0c28f,"{""config"":""erasure_r50"",""d"":5,""p"":0.006812920690579608,""r_e"":0.5,""rounds"":5}",
       273,         2,         0,   0.013,blind_mwpm,ff3e4b62e40d0a658d9cdc42565dafa22bcfa681fb7da1796dd9c4848e5e2bc9,"{""config"":""erasure_r50"",""d"":7,""p"":0.006812920690579608,""r_e"":0.5,""rounds"":7}",
      1024,        10,         0,   0.023,blind_mwpm,ff3e4b62e40d0a658d9cdc42565dafa22bcfa681fb7da1796dd9c4848e5e2bc9,"{""config"":""erasure_r50"",""d"":7,""p"":0.006812920690579608,""r_e"":0.5,""rounds"":7}",
      1024,        12,         0,   0.024,blind_mwpm,ff3e4b62e40d0a658d9cdc42565dafa22bcfa681fb7da1796dd9c4848e5e2bc9,"{""config"":""erasure_r50"",""d"":7,""p"":0.006812920690579608,""r_e"":0.5,""rounds"":7}",
      2048,        31,         0,   0.048,blind_mwpm,ff3e4b62e40d0a658d9cdc42565dafa22bcfa681fb7da1796dd9c4848e5e2bc9,"{""config"":""erasure_r50"",""d"":7,""p"":0.006812920690579608,""r_e"":0.5,""rounds"":7}",
      2048,        27,         0,   0.051,blind_mwpm,ff3e4b62e40d0a658d9cdc42565dafa22bcfa681fb7da1796dd9c4848e5e2bc9,"{""config"":""erasure_r50"",""d"":7,""p"":0.006812920690579608,""r_e"":0.5,""rounds"":7}",
      3072,        45,         0,   0.067,blind_mwpm,ff3e4b62e40d0a658d9cdc42565dafa22bcfa681fb7da1796dd9c4848e5e2bc9,"{""config"":""erasure_r50"",""d"":7,""p"":0.006812920690579608,""r_e"":0.5,""rounds"":7}",
      2816,         0,         0,    6.11,herald_mwpm,e4830d7d80b478630ffb82c7c5178b658efd904c0cd109df5acd91525b484d0f,"{""config"":""erasure_r50"",""d"":7,""p"":0.0021544346900318843,""r_e"":0.5,""rounds"":7}",
      4096,        57,         0,   0.089,blind_mwpm,ff3e4b62e40d0a658d9cdc42565dafa22bcfa681fb7da1796dd9c4848e5e2bc9,"{""config"":""erasure_r50"",""d"":7,""p"":0.006812920690579608,""r_e"":0.5,""rounds"":7}",
      5120,        65,         0,   0.118,blind_mwpm,ff3e4b62e40d0a658d9cdc42565dafa22bcfa681fb7da1796dd9c4848e5e2bc9,"{""config"":""erasure_r50"",""d"":7,""p"":0.006812920690579608,""r_e"":0.5,""rounds"":7}",
      7168,       129,         0,   0.156,blind_mwpm,ff3e4b62e40d0a658d9cdc42565dafa22bcfa681fb7da1796dd9c4848e5e2bc9,"{""config"":""erasure_r50"",""d"":7,""p"":0.006812920690579608,""r_e"":0.5,""rounds"":7}",
      9216,       149,         0,   0.215,blind_mwpm,ff3e4b62e40d0a658d9cdc42565dafa22bcfa681fb7da1796dd9c4848e5e2bc9,"{""config"":""erasure_r50"",""d"":7,""p"":0.006812920690579608,""r_e"":0.5,""rounds"":7}",
       640,         9,         0,    1.73,herald_mwpm,cf2a328b656f0161283f34fea423c0619c1a050e5ace6b305b22b8ae0bcfb888,"{""config"":""erasure_r50"",""d"":7,""p"":0.006812920690579608,""r_e"":0.5,""rounds"":7}",
     13312,       191,         0,   0.311,blind_mwpm,ff3e4b62e40d0a658d9cdc42565dafa22bcfa681fb7da1796dd9c4848e5e2bc9,"{""config"":""erasure_r50"",""d"":7,""p"":0.006812920690579608,""r_e"":0.5,""rounds"":7}",
     17408,       260,         0,   0.409,blind_mwpm,ff3e4b62e40d0a658d9cdc42565dafa22bcfa681fb7da1796dd9c4848e5e2bc9,"{""config"":""erasure_r50"",""d"":7,""p"":0.006812920690579608,""r_e"":0.5,""rounds"":7}",
      2048,        22,         0,   0.045,blind_mwpm,ff3e4b62e40d0a658d9cdc42565dafa22bcfa681fb7da1796dd9c4848e5e2bc9,"{""config"":""erasure_r50"",""d"":7,""p"":0.006812920690579608,""r_e"":0.5,""rounds"":7}",
         1,         0,         0,   0.012,herald_mwpm,ff9055adc164ced27fdd7d178de984664bd359a0d42165be4c118137888e6d33,"{""config"":""erasure_r50"",""d"":7,""p"":0.01,""r_e"":0.5,""rounds"":7}",
        16,         0,         0,   0.053,herald_mwpm,ff9055adc164ced27fdd7d178de984664bd359a0d42165be4c118137888e6d33,"{""config"":""erasure_r50"",""d"":7,""p"":0.01,""r_e"":0.5,""rounds"":7}",
       128,         0,         0,   0.356,herald_mwpm,ff9055adc164ced27fdd7d178de984664bd359a0d42165be4c118137888e6d33,"{""config"":""erasure_r50"",""d"":7,""p"":0.01,""r_e"":0.5,""rounds"":7}",
      2304,         0,         0,    5.98,herald_mwpm,5f8568f78b6d09b9bcd7b720671ac3b9fa7f5b3211acb9b23da64558f25aa4fe,"{""config"":""erasure_r50"",""d"":7,""p"":0.004641588833612777,""r_e"":0.5,""rounds"":7}",
       128,         4,         0,   0.346,herald_mwpm,ff9055adc164ced27fdd7d178de984664bd359a0d42165be4c118137888e6d33,"{""config"":""erasure_r50"",""d"":7,""p"":0.01,""r_e"":0.5,""rounds"":7}",
       128,         3,         0,   0.340,herald_mwpm,ff9055adc164ced27fdd7d178de984664bd359a0d42165be4c118137888e6d33,"{""config"":""erasure_r50"",""d"":7,""p"":0.01,""r_e"":0.5,""rounds"":7}",
       896,         2,         0,    2.42,herald_mwpm,cf2a328b656f0161283f34fea423c0619c1a050e5ace6b305b22b8ae0bcfb888,"{""config"":""erasure_r50"",""d"":7,""p"":0.006812920690579608,""r_e"":0.5,""rounds"":7}",
       128,         4,         0,   0.355,herald_mwpm,ff9055adc164ced27fdd7d178de984664bd359a0d42165be4c118137888e6d33,"{""config"":""erasure_r50"",""d"":7,""p"":0.01,""r_e"":0.5,""rounds"":7}",
      2560,         0,         0,    6.14,herald_mwpm,5f5f9d2cdf515e035c16547dc735d3a8c47a2004a5ec89b59688cc2c57ff142b,"{""config"":""erasure_r50"",""d"":7,""p"":0.0031622776601683794,""r_e"":0.5,""rounds"":7}",
       128,         4,         0,   0.331,herald_mwpm,ff9055adc164ced27fdd7d178de984664bd359a0d42165be4c118137888e6d33,"{""config"":""erasure_r50"",""d"":7,""p"":0.01,""r_e"":0.5,""rounds"":7}",
       128,         5,         0,   0.356,herald_mwpm,ff9055adc164ced27fdd7d178de984664bd359a0d42165be4c118137888e6d33,"{""config"":""erasure_r50"",""d"":7,""p"":0.01,""r_e"":0.5,""rounds"":7}",
      5888,         0,         0,    8.52,herald_mwpm,ad65c923e607e9d37040175098c4ae54b2905d65be5b2373fe69ec363212b8fe,"{""config"":""erasure_r50"",""d"":7,""p"":0.001,""r_e"":0.5,""rounds"":7}",
       128,         4,         0,   0.350,herald_mwpm,ff9055adc164ced27fdd7d178de984664bd359a0d42165be4c118137888e6d33,"{""config"":""erasure_r50"",""d"":7,""p"":0.01,""r_e"":0.5,""rounds"":7}",
       128,         6,         0,   0.345,herald_mwpm,ff9055adc164ced27fdd7d178de984664bd359a0d42165be4c118137888e6d33,"{""config"":""erasure_r50"",""d"":7,""p"":0.01,""r_e"":0.5,""rounds"":7}",
       128,         2,         0,   0.349,herald_mwpm,ff9055adc164ced27fdd7d178de984664bd359a0d42165be4c118137888e6d33,"{""config"":""erasure_r50"",""d"":7,""p"":0.01,""r_e"":0.5,""rounds"":7}",
       256,         4,         0,   0.680,herald_mwpm,ff9055adc164ced27fdd7d178de984664bd359a0d42165be4c118137888e6d33,"{""config"":""erasure_r50"",""d"":7,""p"":0.01,""r_e"":0.5,""rounds"":7}",
       256,         5,         0,   0.713,herald_mwpm,ff9055adc164ced27fdd7d178de984664bd359a0d42165be4c118137888e6d33,"{""config"":""erasure_r50"",""d"":7,""p"":0.01,""r_e"":0.5,""rounds"":7}",
      1152,         8,         0,    3.14,herald_mwpm,cf2a328b656f0161283f34fea423c0619c1a050e5ace6b305b22b8ae0bcfb888,"{""config"":""erasure_r50"",""d"":7,""p"":0.006812920690579608,""r_e"":0.5,""rounds"":7}",
      4864,         0,         0,    8.84,herald_mwpm,3947fc14465d7e66534edb2c16af691d17baf0d2a5da3b03f9f8ce97c5618992,"{""config"":""erasure_r50"",""d"":7,""p"":0.0014677992676220691,""r_e"":0.5,""rounds"":7}",
       384,         7,         0,    1.06,herald_mwpm,ff9055adc164ced27fdd7d178de984664bd359a0d42165be4c118137888e6d33,"{""config"":""erasure_r50"",""d"":7,""p"":0.01,""r_e"":0.5,""rounds"":7}",
       512,         8,         0,    1.39,herald_mwpm,ff9055adc164ced27fdd7d178de984664bd359a0d42165be4c118137888e6d33,"{""config"":""erasure_r50"",""d"":7,""p"":0.01,""r_e"":0.5,""rounds"":7}",
      4096,         0,         0,    8.93,herald_mwpm,e4830d7d80b478630ffb82c7c5178b658efd904c0cd109df5acd91525b484d0f,"{""config"":""erasure_r50"",""d"":7,""p"":0.0021544346900318843,""r_e"":0.5,""rounds"":7}",
       640,         6,         0,    1.76,herald_mwpm,ff9055adc164ced27fdd7d178de984664bd359a0d42165be4c118137888e6d33,"{""config"":""erasure_r50"",""d"":7,""p"":0.01,""r_e"":0.5,""rounds"":7}",
      1664,         6,         0,    4.46,herald_mwpm,cf2a328b656f0161283f34fea423c0619c1a050e5ace6b305b22b8ae0bcfb888,"{""config"":""erasure_r50"",""d"":7,""p"":0.006812920690579608,""r_e"":0.5,""rounds"":7}",
      3328,         5,         0,    8.62,herald_mwpm,5f8568f78b6d09b9bcd7b720671ac3b9fa7f5b3211acb9b23da64558f25aa4fe,"{""config"":""erasure_r50"",""d"":7,""p"":0.004641588833612777,""r_e"":0.5,""rounds"":7}",
      3584,         1,         0,    8.82,herald_mwpm,5f5f9d2cdf515e035c16547dc735d3a8c47a2004a5ec89b59688cc2c57ff142b,"{""config"":""erasure_r50"",""d"":7,""p"":0.0031622776601683794,""r_e"":0.5,""rounds"":7}",
       896,        15,         0,    2.52,herald_mwpm,ff9055adc164ced27fdd7d178de984664bd359a0d42165be4c118137888e6d33,"{""config"":""erasure_r50"",""d"":7,""p"":0.01,""r_e"":0.5,""rounds"":7}",
      8448,         0,         0,    11.9,herald_mwpm,ad65c923e607e9d37040175098c4ae54b2905d65be5b2373fe69ec363212b8fe,"{""config"":""erasure_r50"",""d"":7,""p"":0.001,""r_e"":0.5,""rounds"":7}",
      1152,        27,         0,    3.18,herald_mwpm,ff9055adc164ced27fdd7d178de984664bd359a0d42165be4c118137888e6d33,"{""config"":""erasure_r50"",""d"":7,""p"":0.01,""r_e"":0.5,""rounds"":7}",
      2304,        11,         0,    6.23,herald_mwpm,cf2a328b656f0161283f34fea423c0619c1a050e5ace6b305b22b8ae0bcfb888,"{""config"":""erasure_r50"",""d"":7,""p"":0.006812920690579608,""r_e"":0.5,""rounds"":7}",
      6656,         0,         0,    12.2,herald_mwpm,3947fc14465d7e66534edb2c16af691d17baf0d2a5da3b03f9f8ce97c5618992,"{""config"":""erasure_r50"",""d"":7,""p"":0.0014677992676220691,""r_e"":0.5,""rounds"":7}",
      1664,        27,         0,    4.62,herald_mwpm,ff9055adc164ced27fdd7d178de984664bd359a0d42165be4c118137888e6d33,"{""config"":""erasure_r50"",""d"":7,""p"":0.01,""r_e"":0.5,""rounds"":7}",
      5376,         0,         0,    11.9,herald_mwpm,e4830d7d80b478630ffb82c7c5178b658efd904c0cd109df5acd91525b484d0f,"{""config"":""erasure_r50"",""d"":7,""p"":0.0021544346900318843,""r_e"":0.5,""rounds"":7}",
      4480,         3,         0,    11.9,herald_mwpm,5f8568f78b6d09b9bcd7b720671ac3b9fa7f5b3211acb9b23da64558f25aa4fe,"{""config"":""erasure_r50"",""d"":7,""p"":0.004641588833612777,""r_e"":0.5,""rounds"":7}",
      4864,         2,         0,    12.0,herald_mwpm,5f5f9d2cdf515e035c16547dc735d3a8c47a2004a5ec89b59688cc2c57ff142b,"{""config"":""erasure_r50"",""d"":7,""p"":0.0031622776601683794,""r_e"":0.5,""rounds"":7}",
      3072,         5,         0,    8.43,herald_mwpm,cf2a328b656f0161283f34fea423c0619c1a050e5ace6b305b22b8ae0bcfb888,"{""config"":""erasure_r50"",""d"":7,""p"":0.006812920690579608,""r_e"":0.5,""rounds"":7}",
      2176,        41,         0,    6.11,herald_mwpm,ff9055adc164ced27fdd7d178de984664bd359a0d42165be4c118137888e6d33,"{""config"":""erasure_r50"",""d"":7,""p"":0.01,""r_e"":0.5,""rounds"":7}",
     11264,         0,         0,    16.7,herald_mwpm,ad65c923e607e9d37040175098c4ae54b2905d65be5b2373fe69ec363212b8fe,"{""config"":""erasure_r50"",""d"":7,""p"":0.001,""r_e"":0.5,""rounds"":7}",
      2944,        51,         0,    8.40,herald_mwpm,ff9055adc164ced27fdd7d178de984664bd359a0d42165be4c118137888e6d33,"{""config"":""erasure_r50"",""d"":7,""p"":0.01,""r_e"":0.5,""rounds"":7}",
      8960,         0,         0,    16.8,herald_mwpm,3947fc14465d7e66534edb2c16af691d17baf0d2a5da3b03f9f8ce97c5618992,"{""config"":""erasure_r50"",""d"":7,""p"":0.0014677992676220691,""r_e"":0.5,""rounds"":7}",
      4352,        20,         0,    12.0,herald_mwpm,cf2a328b656f0161283f34fea423c0619c1a050e5ace6b305b22b8ae0bcfb888,"{""config"":""erasure_r50"",""d"":7,""p"":0.006812920690579608,""r_e"":0.5,""rounds"":7}",
      7424,         0,         0,    16.7,herald_mwpm,e4830d7d80b478630ffb82c7c5178b658efd904c0cd109df5acd91525b484d0f,"{""config"":""erasure_r50"",""d"":7,""p"":0.0021544346900318843,""r_e"":0.5,""rounds"":7}",
      6144,        11,         0,    16.7,herald_mwpm,5f8568f78b6d09b9bcd7b720671ac3b9fa7f5b3211acb9b23da64558f25aa4fe,"{""config"":""erasure_r50"",""d"":7,""p"":0.004641588833612777,""r_e"":0.5,""rounds"":7}",
      6656,         0,         0,    16.8,herald_mwpm,5f5f9d2cdf515e035c16547dc735d3a8c47a2004a5ec89b59688cc2c57ff142b,"{""config"":""erasure_r50"",""d"":7,""p"":0.0031622776601683794,""r_e"":0.5,""rounds"":7}",
      4352,       102,         0,    12.0,herald_mwpm,ff9055adc164ced27fdd7d178de984664bd359a0d42165be4c118137888e6d33,"{""config"":""erasure_r50"",""d"":7,""p"":0.01,""r_e"":0.5,""rounds"":7}",
      6016,        21,         0,    16.5,herald_mwpm,cf2a328b656f0161283f34fea423c0619c1a050e5ace6b305b22b8ae0bcfb888,"{""config"":""erasure_r50"",""d"":7,""p"":0.006812920690579608,""r_e"":0.5,""rounds"":7}",
     15616,         0,         0,    23.0,herald_mwpm,ad65c923e607e9d37040175098c4ae54b2905d65be5b2373fe69ec363212b8fe,"{""config"":""erasure_r50"",""d"":7,""p"":0.001,""r_e"":0.5,""rounds"":7}",
     12544,         0,         0,    23.2,herald_mwpm,3947fc14465d7e66534edb2c16af691d17baf0d2a5da3b03f9f8ce97c5618992,"{""config"":""erasure_r50"",""d"":7,""p"":0.0014677992676220691,""r_e"":0.5,""rounds"":7}",
     10496,         0,         0,    23.2,herald_mwpm,e4830d7d80b478630ffb82c7c5178b658efd904c0cd109df5acd91525b484d0f,"{""config"":""erasure_r50"",""d"":7,""p"":0.0021544346900318843,""r_e"":0.5,""rounds"":7}",
      8704,        11,         0,    23.2,herald_mwpm,5f8568f78b6d09b9bcd7b720671ac3b9fa7f5b3211acb9b23da64558f25aa4fe,"{""config"":""erasure_r50"",""d"":7,""p"":0.004641588833612777,""r_e"":0.5,""rounds"":7}",
      6016,       109,         0,    16.7,herald_mwpm,ff9055adc164ced27fdd7d178de984664bd359a0d42165be4c118137888e6d33,"{""config"":""erasure_r50"",""d"":7,""p"":0.01,""r_e"":0.5,""rounds"":7}",
      9472,         2,         0,    23.5,herald_mwpm,5f5f9d2cdf515e035c16547dc735d3a8c47a2004a5ec89b59688cc2c57ff142b,"{""config"":""erasure_r50"",""d"":7,""p"":0.0031622776601683794,""r_e"":0.5,""rounds"":7}",
      8448,        46,         0,    23.2,herald_mwpm,cf2a328b656f0161283f34fea423c0619c1a050e5ace6b305b22b8ae0bcfb888,"{""config"":""erasure_r50"",""d"":7,""p"":0.006812920690579608,""r_e"":0.5,""rounds"":7}",
      8320,       171,         0,    23.1,herald_mwpm,ff9055adc164ced27fdd7d178de984664bd359a0d42165be4c118137888e6d33,"{""config"":""erasure_r50"",""d"":7,""p"":0.01,""r_e"":0.5,""rounds"":7}",
     21760,         0,         0,    32.3,herald_mwpm,ad65c923e607e9d37040175098c4ae54b2905d65be5b2373fe69ec363212b8fe,"{""config"":""erasure_r50"",""d"":7,""p"":0.001,""r_e"":0.5,""rounds"":7}",
     17408,         0,         0,    32.4,herald_mwpm,3947fc14465d7e66534edb2c16af691d17baf0d2a5da3b03f9f8ce97c5618992,"{""config"":""erasure_r50"",""d"":7,""p"":0.0014677992676220691,""r_e"":0.5,""rounds"":7}",
     14592,         1,         0,    32.7,herald_mwpm,e4830d7d80b478630ffb82c7c5178b658efd904c0cd109df5acd91525b484d0f,"{""config"":""erasure_r50"",""d"":7,""p"":0.0021544346900318843,""r_e"":0.5,""rounds"":7}",
     12032,         5,         0,    32.2,herald_mwpm,5f8568f78b6d09b9bcd7b720671ac3b9fa7f5b3211acb9b23da64558f25aa4fe,"{""config"":""erasure_r50"",""d"":7,""p"":0.004641588833612777,""r_e"":0.5,""rounds"":7}",
     13056,         3,         0,    32.7,herald_mwpm,5f5f9d2cdf515e035c16547dc735d3a8c47a2004a5ec89b59688cc2c57ff142b,"{""config"":""erasure_r50"",""d"":7,""p"":0.0031622776601683794,""r_e"":0.5,""rounds"":7}",
     11776,        54,         0,    32.5,herald_mwpm,cf2a328b656f0161283f34fea423c0619c1a050e5ace6b305b22b8ae0bcfb888,"{""config"":""erasure_r50"",""d"":7,""p"":0.006812920690579608,""r_e"":0.5,""rounds"":7}",
     19343,         0,         0,    28.9,herald_mwpm,ad65c923e607e9d37040175098c4ae54b2905d65be5b2373fe69ec363212b8fe,"{""config"":""erasure_r50"",""d"":7,""p"":0.001,""r_e"":0.5,""rounds"":7}",
       273,        13,         0,   0.017,blind_mwpm,87d4409f1eed5bea26eef3398ce33dac1ffdd1733c52f7e10a4383b5d8f4dbd0,"{""config"":""erasure_r50"",""d"":7,""p"":0.01,""r_e"":0.5,""rounds"":7}",
      1024,        59,         0,   0.032,blind_mwpm,87d4409f1eed5bea26eef3398ce33dac1ffdd1733c52f7e10a4383b5d8f4dbd0,"{""config"":""erasure_r50"",""d"":7,""p"":0.01,""r_e"":0.5,""rounds"":7}",
      1024,        68,         0,   0.026,blind_mwpm,87d4409f1eed5bea26eef3398ce33dac1ffdd1733c52f7e10a4383b5d8f4dbd0,"{""config"":""erasure_r50"",""d"":7,""p"":0.01,""r_e"":0.5,""rounds"":7}",
      1024,        61,         0,   0.029,blind_mwpm,87d4409f1eed5bea26eef3398ce33dac1ffdd1733c52f7e10a4383b5d8f4dbd0,"{""config"":""erasure_r50"",""d"":7,""p"":0.01,""r_e"":0.5,""rounds"":7}",
      2048,       123,         0,   0.064,blind_mwpm,87d4409f1eed5bea26eef3398ce33dac1ffdd1733c52f7e10a4383b5d8f4dbd0,"{""config"":""erasure_r50"",""d"":7,""p"":0.01,""r_e"":0.5,""rounds"":7}",
      2048,       131,         0,   0.064,blind_mwpm,87d4409f1eed5bea26eef3398ce33dac1ffdd1733c52f7e10a4383b5d8f4dbd0,"{""config"":""erasure_r50"",""d"":7,""p"":0.01,""r_e"":0.5,""rounds"":7}",
      3072,       164,         0,   0.099,blind_mwpm,87d4409f1eed5bea26eef3398ce33dac1ffdd1733c52f7e10a4383b5d8f4dbd0,"{""config"":""erasure_r50"",""d"":7,""p"":0.01,""r_e"":0.5,""rounds"":7}",
      4096,       225,         0,   0.127,blind_mwpm,87d4409f1eed5bea26eef3398ce33dac1ffdd1733c52f7e10a4383b5d8f4dbd0,"{""config"":""erasure_r50"",""d"":7,""p"":0.01,""r_e"":0.5,""rounds"":7}",
      3072,       168,         0,   0.104,blind_mwpm,87d4409f1eed5bea26eef3398ce33dac1ffdd1733c52f7e10a4383b5d8f4dbd0,"{""config"":""erasure_r50"",""d"":7,""p"":0.01,""r_e"":0.5,""rounds"":7}",
         1,         0,         0,   0.020,herald_mwpm,ae790f9d5463c31d533571c91a2b980f8191f9e3cea16bb7a473765ec589d1f3,"{""config"":""erasure_r50"",""d"":7,""p"":0.01467799267622069,""r_e"":0.5,""rounds"":7}",
        16,         1,         0,   0.082,herald_mwpm,ae790f9d5463c31d533571c91a2b980f8191f9e3cea16bb7a473765ec589d1f3,"{""config"":""erasure_r50"",""d"":7,""p"":0.01467799267622069,""r_e"":0.5,""rounds"":7}",
        64,         4,         0,   0.285,herald_mwpm,ae790f9d5463c31d533571c91a2b980f8191f9e3cea16bb7a473765ec589d1f3,"{""config"":""erasure_r50"",""d"":7,""p"":0.01467799267622069,""r_e"":0.5,""rounds"":7}",
       128,        16,         0,   0.365,herald_mwpm,ae790f9d5463c31d533571c91a2b980f8191f9e3cea16bb7a473765ec589d1f3,"{""config"":""erasure_r50"",""d"":7,""p"":0.01467799267622069,""r_e"":0.5,""rounds"":7}",
       128,        11,         0,   0.364,herald_mwpm,ae790f9d5463c31d533571c91a2b980f8191f9e3cea16bb7a473765ec589d1f3,"{""config"":""erasure_r50"",""d"":7,""p"":0.01467799267622069,""r_e"":0.5,""rounds"":7}",
       128,         8,         0,   0.359,herald_mwpm,ae790f9d5463c31d533571c91a2b980f8191f9e3cea16bb7a473765ec589d1f3,"{""config"":""erasure_r50"",""d"":7,""p"":0.01467799267622069,""r_e"":0.5,""rounds"":7}",
     11520,       216,         0,    32.5,herald_mwpm,ff9055adc164ced27fdd7d178de984664bd359a0d42165be4c118137888e6d33,"{""config"":""erasure_r50"",""d"":7,""p"":0.01,""r_e"":0.5,""rounds"":7}",
       128,         7,         0,   0.355,herald_mwpm,ae790f9d5463c31d533571c91a2b980f8191f9e3cea16bb7a473765ec589d1f3,"{""config"":""erasure_r50"",""d"":7,""p"":0.01467799267622069,""r_e"":0.5,""rounds"":7}",
       128,         9,         0,   0.350,herald_mwpm,ae790f9d5463c31d533571c91a2b980f8191f9e3cea16bb7a473765ec589d1f3,"{""config"":""erasure_r50"",""d"":7,""p"":0.01467799267622069,""r_e"":0.5,""rounds"":7}",
       128,        11,         0,   0.362,herald_mwpm,ae790f9d5463c31d533571c91a2b980f8191f9e3cea16bb7a473765ec589d1f3,"{""config"":""erasure_r50"",""d"":7,""p"":0.01467799267622069,""r_e"":0.5,""rounds"":7}",
       128,        11,         0,   0.347,herald_mwpm,ae790f9d5463c31d533571c91a2b980f8191f9e3cea16bb7a473765ec589d1f3,"{""config"":""erasure_r50"",""d"":7,""p"":0.01467799267622069,""r_e"":0.5,""rounds"":7}",
       128,        14,         0,   0.357,herald_mwpm,ae790f9d5463c31d533571c91a2b980f8191f9e3cea16bb7a473765ec589d1f3,"{""config"":""erasure_r50"",""d"":7,""p"":0.01467799267622069,""r_e"":0.5,""rounds"":7}",
       256,        23,         0,   0.735,herald_mwpm,ae790f9d5463c31d533571c91a2b980f8191f9e3cea16bb7a473765ec589d1f3,"{""config"":""erasure_r50"",""d"":7,""p"":0.01467799267622069,""r_e"":0.5,""rounds"":7}",
       256,        23,         0,   0.743,herald_mwpm,ae790f9d5463c31d533571c91a2b980f8191f9e3cea16bb7a473765ec589d1f3,"{""config"":""erasure_r50"",""d"":7,""p"":0.01467799267622069,""r_e"":0.5,""rounds"":7}",
       384,        27,         0,    1.08,herald_mwpm,ae790f9d5463c31d533571c91a2b980f8191f9e3cea16bb7a473765ec589d1f3,"{""config"":""erasure_r50"",""d"":7,""p"":0.01467799267622069,""r_e"":0.5,""rounds"":7}",
       384,        24,         0,    1.41,herald_mwpm,ae790f9d5463c31d533571c91a2b980f8191f9e3cea16bb7a473765ec589d1f3,"{""config"":""erasure_r50"",""d"":7,""p"":0.01467799267622069,""r_e"":0.5,""rounds"":7}",
       384,        30,         0,    2.06,herald_mwpm,ae790f9d5463c31d533571c91a2b980f8191f9e3cea16bb7a473765ec589d1f3,"{""config"":""erasure_r50"",""d"":7,""p"":0.01467799267622069,""r_e"":0.5,""rounds"":7}",
       768,        54,         0,    2.18,herald_mwpm,ae790f9d5463c31d533571c91a2b980f8191f9e3cea16bb7a473765ec589d1f3,"{""config"":""erasure_r50"",""d"":7,""p"":0.01467799267622069,""r_e"":0.5,""rounds"":7}",
      1408,       117,         0,    3.64,herald_mwpm,ae790f9d5463c31d533571c91a2b980f8191f9e3cea16bb7a473765ec589d1f3,"{""config"":""erasure_r50"",""d"":7,""p"":0.01467799267622069,""r_e"":0.5,""rounds"":7}",
     23808,         0,         0,    45.3,herald_mwpm,3947fc14465d7e66534edb2c16af691d17baf0d2a5da3b03f9f8ce97c5618992,"{""config"":""erasure_r50"",""d"":7,""p"":0.0014677992676220691,""r_e"":0.5,""rounds"":7}",
      1792,       123,         0,    4.49,herald_mwpm,ae790f9d5463c31d533571c91a2b980f8191f9e3cea16bb7a473765ec589d1f3,"{""config"":""erasure_r50"",""d"":7,""p"":0.01467799267622069,""r_e"":0.5,""rounds"":7}",
     19712,         1,         0,    45.2,herald_mwpm,e4830d7d80b478630ffb82c7c5178b658efd904c0cd109df5acd91525b484d0f,"{""config"":""erasure_r50"",""d"":7,""p"":0.0021544346900318843,""r_e"":0.5,""rounds"":7}",
     16512,        13,         0,    44.9,herald_mwpm,5f8568f78b6d09b9bcd7b720671ac3b9fa7f5b3211acb9b23da64558f25aa4fe,"{""config"":""erasure_r50"",""d"":7,""p"":0.004641588833612777,""r_e"":0.5,""rounds"":7}",
     17792,         6,         0,    45.5,herald_mwpm,5f5f9d2cdf515e035c16547dc735d3a8c47a2004a5ec89b59688cc2c57ff142b,"{""config"":""erasure_r50"",""d"":7,""p"":0.0031622776601683794,""r_e"":0.5,""rounds"":7}",
      2304,       146,         0,    6.10,herald_mwpm,ae790f9d5463c31d533571c91a2b980f8191f9e3cea16bb7a473765ec589d1f3,"{""config"":""erasure_r50"",""d"":7,""p"":0.01467799267622069,""r_e"":0.5,""rounds"":7}",
      8704,       182,         0,    24.2,herald_mwpm,ff9055adc164ced27fdd7d178de984664bd359a0d42165be4c118137888e6d33,"{""config"":""erasure_r50"",""d"":7,""p"":0.01,""r_e"":0.5,""rounds"":7}",
       273,        53,         0,   0.022,blind_mwpm,ec06b8a54a516c4cf4022f90462f6ef74728cc5f42e4fc648a5bdc19bda6fcf4,"{""config"":""erasure_r50"",""d"":7,""p"":0.01467799267622069,""r_e"":0.5,""rounds"":7}",
      1024,       182,         0,   0.046,blind_mwpm,ec06b8a54a516c4cf4022f90462f6ef74728cc5f42e4fc648a5bdc19bda6fcf4,"{""config"":""erasure_r50"",""d"":7,""p"":0.01467799267622069,""r_e"":0.5,""rounds"":7}",
      1024,       182,         0,   0.044,blind_mwpm,ec06b8a54a516c4cf4022f90462f6ef74728cc5f42e4fc648a5bdc19bda6fcf4,"{""config"":""erasure_r50"",""d"":7,""p"":0.01467799267622069,""r_e"":0.5,""rounds"":7}",
      1024,       178,         0,   0.042,blind_mwpm,ec06b8a54a516c4cf4022f90462f6ef74728cc5f42e4fc648a5bdc19bda6fcf4,"{""config"":""erasure_r50"",""d"":7,""p"":0.01467799267622069,""r_e"":0.5,""rounds"":7}",
      1024,       174,         0,   0.056,blind_mwpm,ec06b8a54a516c4cf4022f90462f6ef74728cc5f42e4fc648a5bdc19bda6fcf4,"{""config"":""erasure_r50"",""d"":7,""p"":0.01467799267622069,""r_e"":0.5,""rounds"":7}",
      1024,       163,         0,   0.055,blind_mwpm,ec06b8a54a516c4cf4022f90462f6ef74728cc5f42e4fc648a5bdc19bda6fcf4,"{""config"":""erasure_r50"",""d"":7,""p"":0.01467799267622069,""r_e"":0.5,""rounds"":7}",
      1024,       166,         0,   0.042,blind_mwpm,ec06b8a54a516c4cf4022f90462f6ef74728cc5f42e4fc648a5bdc19bda6fcf4,"{""config"":""erasure_r50"",""d"":7,""p"":0.01467799267622069,""r_e"":0.5,""rounds"":7}",
        17,         5,         0,   0.045,herald_mwpm,887586fb90ea1c7df68f055fb899ed75e5b4de588244a158e0b25f6f469eab9e,"{""config"":""erasure_r50"",""d"":7,""p"":0.018,""r_e"":0.5,""rounds"":7}",
       128,        18,         0,   0.349,herald_mwpm,887586fb90ea1c7df68f055fb899ed75e5b4de588244a158e0b25f6f469eab9e,"{""config"":""erasure_r50"",""d"":7,""p"":0.018,""r_e"":0.5,""rounds"":7}",
       128,        27,         0,   0.339,herald_mwpm,887586fb90ea1c7df68f055fb899ed75e5b4de588244a158e0b25f6f469eab9e,"{""config"":""erasure_r50"",""d"":7,""p"":0.018,""r_e"":0.5,""rounds"":7}",
       128,        16,         0,   0.364,herald_mwpm,887586fb90ea1c7df68f055fb899ed75e5b4de588244a158e0b25f6f469eab9e,"{""config"":""erasure_r50"",""d"":7,""p"":0.018,""r_e"":0.5,""rounds"":7}",
       128,        19,         0,   0.323,herald_mwpm,887586fb90ea1c7df68f055fb899ed75e5b4de588244a158e0b25f6f469eab9e,"{""config"":""erasure_r50"",""d"":7,""p"":0.018,""r_e"":0.5,""rounds"":7}",
       128,        23,         0,   0.354,herald_mwpm,887586fb90ea1c7df68f055fb899ed75e5b4de588244a158e0b25f6f469eab9e,"{""config"":""erasure_r50"",""d"":7,""p"":0.018,""r_e"":0.5,""rounds"":7}",
       128,        17,         0,   0.317,herald_mwpm,887586fb90ea1c7df68f055fb899ed75e5b4de588244a158e0b25f6f469eab9e,"{""config"":""erasure_r50"",""d"":7,""p"":0.018,""r_e"":0.5,""rounds"":7}",
       128,        18,         0,   0.313,herald_mwpm,887586fb90ea1c7df68f055fb899ed75e5b4de588244a158e0b25f6f469eab9e,"{""config"":""erasure_r50"",""d"":7,""p"":0.018,""r_e"":0.5,""rounds"":7}",
       128,        18,         0,   0.315,herald_mwpm,887586fb90ea1c7df68f055fb899ed75e5b4de588244a158e0b25f6f469eab9e,"{""config"":""erasure_r50"",""d"":7,""p"":0.018,""r_e"":0.5,""rounds"":7}",
       128,        15,         0,   0.374,herald_mwpm,887586fb90ea1c7df68f055fb899ed75e5b4de588244a158e0b25f6f469eab9e,"{""config"":""erasure_r50"",""d"":7,""p"":0.018,""r_e"":0.5,""rounds"":7}",
       128,        18,         0,   0.332,herald_mwpm,887586fb90ea1c7df68f055fb899ed75e5b4de588244a158e0b25f6f469eab9e,"{""config"":""erasure_r50"",""d"":7,""p"":0.018,""r_e"":0.5,""rounds"":7}",
       256,        40,         0,   0.705,herald_mwpm,887586fb90ea1c7df68f055fb899ed75e5b4de588244a158e0b25f6f469eab9e,"{""config"":""erasure_r50"",""d"":7,""p"":0.018,""r_e"":0.5,""rounds"":7}",
       256,        43,         0,   0.671,herald_mwpm,887586fb90ea1c7df68f055fb899ed75e5b4de588244a158e0b25f6f469eab9e,"{""config"":""erasure_r50"",""d"":7,""p"":0.018,""r_e"":0.5,""rounds"":7}",
       384,        51,         0,    1.04,herald_mwpm,887586fb90ea1c7df68f055fb899ed75e5b4de588244a158e0b25f6f469eab9e,"{""config"":""erasure_r50"",""d"":7,""p"":0.018,""r_e"":0.5,""rounds"":7}",
       512,        72,         0,    1.33,herald_mwpm,887586fb90ea1c7df68f055fb899ed75e5b4de588244a158e0b25f6f469eab9e,"{""config"":""erasure_r50"",""d"":7,""p"":0.018,""r_e"":0.5,""rounds"":7}",
      3072,       243,         0,    8.42,herald_mwpm,ae790f9d5463c31d533571c91a2b980f8191f9e3cea16bb7a473765ec589d1f3,"{""config"":""erasure_r50"",""d"":7,""p"":0.01467799267622069,""r_e"":0.5,""rounds"":7}",
       640,       100,         0,    1.73,herald_mwpm,887586fb90ea1c7df68f055fb899ed75e5b4de588244a158e0b25f6f469eab9e,"{""config"":""erasure_r50"",""d"":7,""p"":0.018,""r_e"":0.5,""rounds"":7}",
     16640,        78,         0,    45.4,herald_mwpm,cf2a328b656f0161283f34fea423c0619c1a050e5ace6b305b22b8ae0bcfb888,"{""config"":""erasure_r50"",""d"":7,""p"":0.006812920690579608,""r_e"":0.5,""rounds"":7}",
      1280,       110,         0,    3.51,herald_mwpm,ae790f9d5463c31d533571c91a2b980f8191f9e3cea16bb7a473765ec589d1f3,"{""config"":""erasure_r50"",""d"":7,""p"":0.01467799267622069,""r_e"":0.5,""rounds"":7}",
       273,        70,         0,   0.025,blind_mwpm,64a7b67ca301324af0d8bfade2aaf43bd9846ba1ef415085a7151b7a8c574e32,"{""config"":""erasure_r50"",""d"":7,""p"":0.018,""r_e"":0.5,""rounds"":7}",
      1024,       259,         0,   0.056,blind_mwpm,64a7b67ca301324af0d8bfade2aaf43bd9846ba1ef415085a7151b7a8c574e32,"{""config"":""erasure_r50"",""d"":7,""p"":0.018,""r_e"":0.5,""rounds"":7}",
      1024,       265,         0,   0.055,blind_mwpm,64a7b67ca301324af0d8bfade2aaf43bd9846ba1ef415085a7151b7a8c574e32,"{""config"":""erasure_r50"",""d"":7,""p"":0.018,""r_e"":0.5,""rounds"":7}",
       896,       131,         0,    2.44,herald_mwpm,887586fb90ea1c7df68f055fb899ed75e5b4de588244a158e0b25f6f469eab9e,"{""config"":""erasure_r50"",""d"":7,""p"":0.018,""r_e"":0.5,""rounds"":7}",
      1024,       279,         0,   0.061,blind_mwpm,64a7b67ca301324af0d8bfade2aaf43bd9846ba1ef415085a7151b7a8c574e32,"{""config"":""erasure_r50"",""d"":7,""p"":0.018,""r_e"":0.5,""rounds"":7}",
      1024,       274,         0,   0.057,blind_mwpm,64a7b67ca301324af0d8bfade2aaf43bd9846ba1ef415085a7151b7a8c574e32,"{""config"":""erasure_r50"",""d"":7,""p"":0.018,""r_e"":0.5,""rounds"":7}",
     11407,         0,         0,    20.0,herald_mwpm,3947fc14465d7e66534edb2c16af691d17baf0d2a5da3b03f9f8ce97c5618992,"{""config"":""erasure_r50"",""d"":7,""p"":0.0014677992676220691,""r_e"":0.5,""rounds"":7}",
        17,         2,         0,   0.051,herald_mwpm,625c2680ba7bbbd0cec61b5d2d29ace58a7dd023166641b7509b5ff7eea508ff,"{""config"":""erasure_r50"",""d"":7,""p"":0.02,""r_e"":0.5,""rounds"":7}",
       273,        81,         0,   0.027,blind_mwpm,aaef4e0f8b425c7b88d8b1b5ebed4bcfa475ecfe7123115d419a53774aac8ce1,"{""config"":""erasure_r50"",""d"":7,""p"":0.02,""r_e"":0.5,""rounds"":7}",
      1024,       337,         0,   0.063,blind_mwpm,aaef4e0f8b425c7b88d8b1b5ebed4bcfa475ecfe7123115d419a53774aac8ce1,"{""config"":""erasure_r50"",""d"":7,""p"":0.02,""r_e"":0.5,""rounds"":7}",
      1024,       327,         0,   0.063,blind_mwpm,aaef4e0f8b425c7b88d8b1b5ebed4bcfa475ecfe7123115d419a53774aac8ce1,"{""config"":""erasure_r50"",""d"":7,""p"":0.02,""r_e"":0.5,""rounds"":7}",
      1024,       289,         0,   0.054,blind_mwpm,aaef4e0f8b425c7b88d8b1b5ebed4bcfa475ecfe7123115d419a53774aac8ce1,"{""config"":""erasure_r50"",""d"":7,""p"":0.02,""r_e"":0.5,""rounds"":7}",
       128,        25,         0,   0.340,herald_mwpm,625c2680ba7bbbd0cec61b5d2d29ace58a7dd023166641b7509b5ff7eea508ff,"{""config"":""erasure_r50"",""d"":7,""p"":0.02,""r_e"":0.5,""rounds"":7}",
        17,         2,         0,   0.048,herald_mwpm,fe2912c7a56882a5871e786bdc71763bb0545156fce026e7149587b907596082,"{""config"":""erasure_r50"",""d"":7,""p"":0.021544346900318832,""r_e"":0.5,""rounds"":7}",
       128,        20,         0,   0.363,herald_mwpm,625c2680ba7bbbd0cec61b5d2d29ace58a7dd023166641b7509b5ff7eea508ff,"{""config"":""erasure_r50"",""d"":7,""p"":0.02,""r_e"":0.5,""rounds"":7}",
       128,        37,         0,   0.328,herald_mwpm,fe2912c7a56882a5871e786bdc71763bb0545156fce026e7149587b907596082,"{""config"":""erasure_r50"",""d"":7,""p"":0.021544346900318832,""r_e"":0.5,""rounds"":7}",
       128,        24,         0,   0.351,herald_mwpm,625c2680ba7bbbd0cec61b5d2d29ace58a7dd023166641b7509b5ff7eea508ff,"{""config"":""erasure_r50"",""d"":7,""p"":0.02,""r_e"":0.5,""rounds"":7}",
       128,        28,         0,   0.328,herald_mwpm,fe2912c7a56882a5871e786bdc71763bb0545156fce026e7149587b907596082,"{""config"":""erasure_r50"",""d"":7,""p"":0.021544346900318832,""r_e"":0.5,""rounds"":7}",
       128,        31,         0,   0.376,herald_mwpm,625c2680ba7bbbd0cec61b5d2d29ace58a7dd023166641b7509b5ff7eea508ff,"{""config"":""erasure_r50"",""d"":7,""p"":0.02,""r_e"":0.5,""rounds"":7}",
       128,        33,         0,   0.324,herald_mwpm,fe2912c7a56882a5871e786bdc71763bb0545156fce026e7149587b907596082,"{""config"":""erasure_r50"",""d"":7,""p"":0.021544346900318832,""r_e"":0.5,""rounds"":7}",
       128,        26,         0,   0.338,herald_mwpm,625c2680ba7bbbd0cec61b5d2d29ace58a7dd023166641b7509b5ff7eea508ff,"{""config"":""erasure_r50"",""d"":7,""p"":0.02,""r_e"":0.5,""rounds"":7}",
       128,        29,         0,   0.336,herald_mwpm,fe2912c7a56882a5871e786bdc71763bb0545156fce026e7149587b907596082,"{""config"":""erasure_r50"",""d"":7,""p"":0.021544346900318832,""r_e"":0.5,""rounds"":7}",
       128,        24,         0,   0.340,herald_mwpm,625c2680ba7bbbd0cec61b5d2d29ace58a7dd023166641b7509b5ff7eea508ff,"{""config"":""erasure_r50"",""d"":7,""p"":0.02,""r_e"":0.5,""rounds"":7}",
       128,        24,         0,   0.345,herald_mwpm,fe2912c7a56882a5871e786bdc71763bb0545156fce026e7149587b907596082,"{""config"":""erasure_r50"",""d"":7,""p"":0.021544346900318832,""r_e"":0.5,""rounds"":7}",
       128,        31,         0,   0.325,herald_mwpm,625c2680ba7bbbd0cec61b5d2d29ace58a7dd023166641b7509b5ff7eea508ff,"{""config"":""erasure_r50"",""d"":7,""p"":0.02,""r_e"":0.5,""rounds"":7}",
       128,        25,         0,   0.341,herald_mwpm,fe2912c7a56882a5871e786bdc71763bb0545156fce026e7149587b907596082,"{""config"":""erasure_r50"",""d"":7,""p"":0.021544346900318832,""r_e"":0.5,""rounds"":7}",
       128,        18,         0,   0.319,herald_mwpm,625c2680ba7bbbd0cec61b5d2d29ace58a7dd023166641b7509b5ff7eea508ff,"{""config"":""erasure_r50"",""d"":7,""p"":0.02,""r_e"":0.5,""rounds"":7}",
      1280,       207,         0,    3.33,herald_mwpm,887586fb90ea1c7df68f055fb899ed75e5b4de588244a158e0b25f6f469eab9e,"{""config"":""erasure_r50"",""d"":7,""p"":0.018,""r_e"":0.5,""rounds"":7}",
       128,        23,         0,   0.327,herald_mwpm,fe2912c7a56882a5871e786bdc71763bb0545156fce026e7149587b907596082,"{""config"":""erasure_r50"",""d"":7,""p"":0.021544346900318832,""r_e"":0.5,""rounds"":7}",
       128,        24,         0,   0.330,herald_mwpm,625c2680ba7bbbd0cec61b5d2d29ace58a7dd023166641b7509b5ff7eea508ff,"{""config"":""erasure_r50"",""d"":7,""p"":0.02,""r_e"":0.5,""rounds"":7}",
       128,        30,         0,   0.339,herald_mwpm,fe2912c7a56882a5871e786bdc71763bb0545156fce026e7149587b907596082,"{""config"":""erasure_r50"",""d"":7,""p"":0.021544346900318832,""r_e"":0.5,""rounds"":7}",
       128,        30,         0,   0.348,herald_mwpm,625c2680ba7bbbd0cec61b5d2d29ace58a7dd023166641b7509b5ff7eea508ff,"{""config"":""erasure_r50"",""d"":7,""p"":0.02,""r_e"":0.5,""rounds"":7}",
       128,        27,         0,   0.328,herald_mwpm,fe2912c7a56882a5871e786bdc71763bb0545156fce026e7149587b907596082,"{""config"":""erasure_r50"",""d"":7,""p"":0.021544346900318832,""r_e"":0.5,""rounds"":7}",
       128,        29,         0,   0.354,herald_mwpm,fe2912c7a56882a5871e786bdc71763bb0545156fce026e7149587b907596082,"{""config"":""erasure_r50"",""d"":7,""p"":0.021544346900318832,""r_e"":0.5,""rounds"":7}",
       256,        53,         0,   0.699,herald_mwpm,625c2680ba7bbbd0cec61b5d2d29ace58a7dd023166641b7509b5ff7eea508ff,"{""config"":""erasure_r50"",""d"":7,""p"":0.02,""r_e"":0.5,""rounds"":7}",
       256,        63,         0,   0.661,herald_mwpm,fe2912c7a56882a5871e786bdc71763bb0545156fce026e7149587b907596082,"{""config"":""erasure_r50"",""d"":7,""p"":0.021544346900318832,""r_e"":0.5,""rounds"":7}",
       256,        48,         0,   0.677,herald_mwpm,625c2680ba7bbbd0cec61b5d2d29ace58a7dd023166641b7509b5ff7eea508ff,"{""config"":""erasure_r50"",""d"":7,""p"":0.02,""r_e"":0.5,""rounds"":7}",
       256,        58,         0,   0.700,herald_mwpm,fe2912c7a56882a5871e786bdc71763bb0545156fce026e7149587b907596082,"{""config"":""erasure_r50"",""d"":7,""p"":0.021544346900318832,""r_e"":0.5,""rounds"":7}",
       384,        69,         0,   0.989,herald_mwpm,625c2680ba7bbbd0cec61b5d2d29ace58a7dd023166641b7509b5ff7eea508ff,"{""config"":""erasure_r50"",""d"":7,""p"":0.02,""r_e"":0.5,""rounds"":7}",
      1280,       173,         0,    3.31,herald_mwpm,887586fb90ea1c7df68f055fb899ed75e5b4de588244a158e0b25f6f469eab9e,"{""config"":""erasure_r50"",""d"":7,""p"":0.018,""r_e"":0.5,""rounds"":7}",
       384,        91,         0,    1.01,herald_mwpm,fe2912c7a56882a5871e786bdc71763bb0545156fce026e7149587b907596082,"{""config"":""erasure_r50"",""d"":7,""p"":0.021544346900318832,""r_e"":0.5,""rounds"":7}",
       273,        95,         0,   0.024,blind_mwpm,db2fcd4992e4abe4b0d866d2fb858e30b3f345dfb77ec5c5abd2bd6b6ac50a5b,"{""config"":""erasure_r50"",""d"":7,""p"":0.021544346900318832,""r_e"":0.5,""rounds"":7}",
      1024,       348,         0,   0.062,blind_mwpm,db2fcd4992e4abe4b0d866d2fb858e30b3f345dfb77ec5c5abd2bd6b6ac50a5b,"{""config"":""erasure_r50"",""d"":7,""p"":0.021544346900318832,""r_e"":0.5,""rounds"":7}",
      1024,       372,         0,   0.058,blind_mwpm,db2fcd4992e4abe4b0d866d2fb858e30b3f345dfb77ec5c5abd2bd6b6ac50a5b,"{""config"":""erasure_r50"",""d"":7,""p"":0.021544346900318832,""r_e"":0.5,""rounds"":7}",
      1024,       349,         0,   0.062,blind_mwpm,db2fcd4992e4abe4b0d866d2fb858e30b3f345dfb77ec5c5abd2bd6b6ac50a5b,"{""config"":""erasure_r50"",""d"":7,""p"":0.021544346900318832,""r_e"":0.5,""rounds"":7}",
        17,         3,         0,   0.052,herald_mwpm,5ff8f760cb637ccd9dfbef01652b089036b0f346aade0a131b11b3c4709ff5a5,"{""config"":""erasure_r50"",""d"":7,""p"":0.022,""r_e"":0.5,""rounds"":7}",
       512,        92,         0,    1.33,herald_mwpm,625c2680ba7bbbd0cec61b5d2d29ace58a7dd023166641b7509b5ff7eea508ff,"{""config"":""erasure_r50"",""d"":7,""p"":0.02,""r_e"":0.5,""rounds"":7}",
       128,        31,         0,   0.330,herald_mwpm,5ff8f760cb637ccd9dfbef01652b089036b0f346aade0a131b11b3c4709ff5a5,"{""config"":""erasure_r50"",""d"":7,""p"":0.022,""r_e"":0.5,""rounds"":7}",
       128,        20,         0,   0.342,herald_mwpm,5ff8f760cb637ccd9dfbef01652b089036b0f346aade0a131b11b3c4709ff5a5,"{""config"":""erasure_r50"",""d"":7,""p"":0.022,""r_e"":0.5,""rounds"":7}",
       512,       125,         0,    1.36,herald_mwpm,fe2912c7a56882a5871e786bdc71763bb0545156fce026e7149587b907596082,"{""config"":""erasure_r50"",""d"":7,""p"":0.021544346900318832,""r_e"":0.5,""rounds"":7}",
       128,        33,         0,   0.329,herald_mwpm,5ff8f760cb637ccd9dfbef01652b089036b0f346aade0a131b11b3c4709ff5a5,"{""config"":""erasure_r50"",""d"":7,""p"":0.022,""r_e"":0.5,""rounds"":7}",
       128,        31,         0,   0.354,herald_mwpm,5ff8f760cb637ccd9dfbef01652b089036b0f346aade0a131b11b3c4709ff5a5,"{""config"":""erasure_r50"",""d"":7,""p"":0.022,""r_e"":0.5,""rounds"":7}",
       128,        38,         0,   0.340,herald_mwpm,5ff8f760cb637ccd9dfbef01652b089036b0f346aade0a131b11b3c4709ff5a5,"{""config"":""erasure_r50"",""d"":7,""p"":0.022,""r_e"":0.5,""rounds"":7}",
       640,       108,         0,    1.69,herald_mwpm,625c2680ba7bbbd0cec61b5d2d29ace58a7dd023166641b7509b5ff7eea508ff,"{""config"":""erasure_r50"",""d"":7,""p"":0.02,""r_e"":0.5,""rounds"":7}",
       128,        32,         0,   0.335,herald_mwpm,5ff8f760cb637ccd9dfbef01652b089036b0f346aade0a131b11b3c4709ff5a5,"{""config"":""erasure_r50"",""d"":7,""p"":0.022,""r_e"":0.5,""rounds"":7}",
       128,        38,         0,   0.330,herald_mwpm,5ff8f760cb637ccd9dfbef01652b089036b0f346aade0a131b11b3c4709ff5a5,"{""config"":""erasure_r50"",""d"":7,""p"":0.022,""r_e"":0.5,""rounds"":7}",
       640,       130,         0,    1.69,herald_mwpm,fe2912c7a56882a5871e786bdc71763bb0545156fce026e7149587b907596082,"{""config"":""erasure_r50"",""d"":7,""p"":0.021544346900318832,""r_e"":0.5,""rounds"":7}",
       128,        34,         0,   0.343,herald_mwpm,5ff8f760cb637ccd9dfbef01652b089036b0f346aade0a131b11b3c4709ff5a5,"{""config"":""erasure_r50"",""d"":7,""p"":0.022,""r_e"":0.5,""rounds"":7}",
       128,        19,         0,   0.373,herald_mwpm,5ff8f760cb637ccd9dfbef01652b089036b0f346aade0a131b11b3c4709ff5a5,"{""config"":""erasure_r50"",""d"":7,""p"":0.022,""r_e"":0.5,""rounds"":7}",
       128,        30,         0,   0.350,herald_mwpm,5ff8f760cb637ccd9dfbef01652b089036b0f346aade0a131b11b3c4709ff5a5,"{""config"":""erasure_r50"",""d"":7,""p"":0.022,""r_e"":0.5,""rounds"":7}",
       256,        57,         0,   0.697,herald_mwpm,5ff8f760cb637ccd9dfbef01652b089036b0f346aade0a131b11b3c4709ff5a5,"{""config"":""erasure_r50"",""d"":7,""p"":0.022,""r_e"":0.5,""rounds"":7}",
       896,       179,         0,    2.41,herald_mwpm,625c2680ba7bbbd0cec61b5d2d29ace58a7dd023166641b7509b5ff7eea508ff,"{""config"":""erasure_r50"",""d"":7,""p"":0.02,""r_e"":0.5,""rounds"":7}",
       896,       188,         0,    2.36,herald_mwpm,fe2912c7a56882a5871e786bdc71763bb0545156fce026e7149587b907596082,"{""config"":""erasure_r50"",""d"":7,""p"":0.021544346900318832,""r_e"":0.5,""rounds"":7}",
       256,        58,         0,   0.736,herald_mwpm,5ff8f760cb637ccd9dfbef01652b089036b0f346aade0a131b11b3c4709ff5a5,"{""config"":""erasure_r50"",""d"":7,""p"":0.022,""r_e"":0.5,""rounds"":7}",
       256,        63,         0,   0.743,herald_mwpm,fe2912c7a56882a5871e786bdc71763bb0545156fce026e7149587b907596082,"{""config"":""erasure_r50"",""d"":7,""p"":0.021544346900318832,""r_e"":0.5,""rounds"":7}",
       273,       105,         0,   0.031,blind_mwpm,6727f80b0b30769057f67670ee2f500588181dc15e12e897d6ad6f05b520d89b,"{""config"":""erasure_r50"",""d"":7,""p"":0.022,""r_e"":0.5,""rounds"":7}",
       384,        93,         0,    1.03,herald_mwpm,5ff8f760cb637ccd9dfbef01652b089036b0f346aade0a131b11b3c4709ff5a5,"{""config"":""erasure_r50"",""d"":7,""p"":0.022,""r_e"":0.5,""rounds"":7}",
      1024,       387,         0,   0.068,blind_mwpm,6727f80b0b30769057f67670ee2f500588181dc15e12e897d6ad6f05b520d89b,"{""config"":""erasure_r50"",""d"":7,""p"":0.022,""r_e"":0.5,""rounds"":7}",
      1024,       355,         0,   0.058,blind_mwpm,6727f80b0b30769057f67670ee2f500588181dc15e12e897d6ad6f05b520d89b,"{""config"":""erasure_r50"",""d"":7,""p"":0.022,""r_e"":0.5,""rounds"":7}",
      1024,       368,         0,   0.072,blind_mwpm,6727f80b0b30769057f67670ee2f500588181dc15e12e897d6ad6f05b520d89b,"{""config"":""erasure_r50"",""d"":7,""p"":0.022,""r_e"":0.5,""rounds"":7}",
        17,         7,         0,   0.049,herald_mwpm,0c76ff809ecc3778f62889b8b94209477be9a65464920821075e947a79c6bd00,"{""config"":""erasure_r50"",""d"":7,""p"":0.024,""r_e"":0.5,""rounds"":7}",
       128,        38,         0,   0.358,herald_mwpm,0c76ff809ecc3778f62889b8b94209477be9a65464920821075e947a79c6bd00,"{""config"":""erasure_r50"",""d"":7,""p"":0.024,""r_e"":0.5,""rounds"":7}",
      1024,       206,         0,    2.76,herald_mwpm,625c2680ba7bbbd0cec61b5d2d29ace58a7dd023166641b7509b5ff7eea508ff,"{""config"":""erasure_r50"",""d"":7,""p"":0.02,""r_e"":0.5,""rounds"":7}",
       128,        36,         0,   0.370,herald_mwpm,0c76ff809ecc3778f62889b8b94209477be9a65464920821075e947a79c6bd00,"{""config"":""erasure_r50"",""d"":7,""p"":0.024,""r_e"":0.5,""rounds"":7}",
       512,       127,         0,    1.37,herald_mwpm,5ff8f760cb637ccd9dfbef01652b089036b0f346aade0a131b11b3c4709ff5a5,"{""config"":""erasure_r50"",""d"":7,""p"":0.022,""r_e"":0.5,""rounds"":7}",
       273,       112,         0,   0.023,blind_mwpm,e817a22b09636b982e32d0ce319469cce6ca620ce53bcb171f572bd35c41ff28,"{""config"":""erasure_r50"",""d"":7,""p"":0.024,""r_e"":0.5,""rounds"":7}",
      1024,       406,         0,   0.073,blind_mwpm,e817a22b09636b982e32d0ce319469cce6ca620ce53bcb171f572bd35c41ff28,"{""config"":""erasure_r50"",""d"":7,""p"":0.024,""r_e"":0.5,""rounds"":7}",
      1024,       399,         0,   0.066,blind_mwpm,e817a22b09636b982e32d0ce319469cce6ca620ce53bcb171f572bd35c41ff28,"{""config"":""erasure_r50"",""d"":7,""p"":0.024,""r_e"":0.5,""rounds"":7}",
       128,        48,         0,   0.375,herald_mwpm,0c76ff809ecc3778f62889b8b94209477be9a65464920821075e947a79c6bd00,"{""config"":""erasure_r50"",""d"":7,""p"":0.024,""r_e"":0.5,""rounds"":7}",
      1024,       405,         0,   0.078,blind_mwpm,e817a22b09636b982e32d0ce319469cce6ca620ce53bcb171f572bd35c41ff28,"{""config"":""erasure_r50"",""d"":7,""p"":0.024,""r_e"":0.5,""rounds"":7}",
       128,        40,         0,   0.376,herald_mwpm,0c76ff809ecc3778f62889b8b94209477be9a65464920821075e947a79c6bd00,"{""config"":""erasure_r50"",""d"":7,""p"":0.024,""r_e"":0.5,""rounds"":7}",
        17,         5,         0,   0.048,herald_mwpm,28adf24b6e67e2f7a1a8fa831b77e91701c766f8001e25c730b7a20d5d61be49,"{""config"":""erasure_r50"",""d"":7,""p"":0.026,""r_e"":0.5,""rounds"":7}",
       128,        36,         0,   0.362,herald_mwpm,0c76ff809ecc3778f62889b8b94209477be9a65464920821075e947a79c6bd00,"{""config"":""erasure_r50"",""d"":7,""p"":0.024,""r_e"":0.5,""rounds"":7}",
       128,        45,         0,   0.380,herald_mwpm,28adf24b6e67e2f7a1a8fa831b77e91701c766f8001e25c730b7a20d5d61be49,"{""config"":""erasure_r50"",""d"":7,""p"":0.026,""r_e"":0.5,""rounds"":7}",
       128,        40,         0,   0.357,herald_mwpm,28adf24b6e67e2f7a1a8fa831b77e91701c766f8001e25c730b7a20d5d61be49,"{""config"":""erasure_r50"",""d"":7,""p"":0.026,""r_e"":0.5,""rounds"":7}",
       128,        39,         0,   0.397,herald_mwpm,0c76ff809ecc3778f62889b8b94209477be9a65464920821075e947a79c6bd00,"{""config"":""erasure_r50"",""d"":7,""p"":0.024,""r_e"":0.5,""rounds"":7}",
       128,        40,         0,   0.334,herald_mwpm,0c76ff809ecc3778f62889b8b94209477be9a65464920821075e947a79c6bd00,"{""config"":""erasure_r50"",""d"":7,""p"":0.024,""r_e"":0.5,""rounds"":7}",
       128,        34,         0,   0.366,herald_mwpm,28adf24b6e67e2f7a1a8fa831b77e91701c766f8001e25c730b7a20d5d61be49,"{""config"":""erasure_r50"",""d"":7,""p"":0.026,""r_e"":0.5,""rounds"":7}",
       640,       158,         0,    1.75,herald_mwpm,5ff8f760cb637ccd9dfbef01652b089036b0f346aade0a131b11b3c4709ff5a5,"{""config"":""erasure_r50"",""d"":7,""p"":0.022,""r_e"":0.5,""rounds"":7}",
       128,        36,         0,   0.361,herald_mwpm,0c76ff809ecc3778f62889b8b94209477be9a65464920821075e947a79c6bd00,"{""config"":""erasure_r50"",""d"":7,""p"":0.024,""r_e"":0.5,""rounds"":7}",
       128,        31,         0,   0.354,herald_mwpm,28adf24b6e67e2f7a1a8fa831b77e91701c766f8001e25c730b7a20d5d61be49,"{""config"":""erasure_r50"",""d"":7,""p"":0.026,""r_e"":0.5,""rounds"":7}",
       128,        38,         0,   0.353,herald_mwpm,28adf24b6e67e2f7a1a8fa831b77e91701c766f8001e25c730b7a20d5d61be49,"{""config"":""erasure_r50"",""d"":7,""p"":0.026,""r_e"":0.5,""rounds"":7}",
       128,        44,         0,   0.377,herald_mwpm,0c76ff809ecc3778f62889b8b94209477be9a65464920821075e947a79c6bd00,"{""config"":""erasure_r50"",""d"":7,""p"":0.024,""r_e"":0.5,""rounds"":7}",
       128,        45,         0,   0.354,herald_mwpm,28adf24b6e67e2f7a1a8fa831b77e91701c766f8001e25c730b7a20d5d61be49,"{""config"":""erasure_r50"",""d"":7,""p"":0.026,""r_e"":0.5,""rounds"":7}",
       128,        29,         0,   0.362,herald_mwpm,0c76ff809ecc3778f62889b8b94209477be9a65464920821075e947a79c6bd00,"{""config"":""erasure_r50"",""d"":7,""p"":0.024,""r_e"":0.5,""rounds"":7}",
       128,        44,         0,   0.345,herald_mwpm,28adf24b6e67e2f7a1a8fa831b77e91701c766f8001e25c730b7a20d5d61be49,"{""config"":""erasure_r50"",""d"":7,""p"":0.026,""r_e"":0.5,""rounds"":7}",
       128,        40,         0,   0.336,herald_mwpm,28adf24b6e67e2f7a1a8fa831b77e91701c766f8001e25c730b7a20d5d61be49,"{""config"":""erasure_r50"",""d"":7,""p"":0.026,""r_e"":0.5,""rounds"":7}",
       256,        60,         0,   0.697,herald_mwpm,0c76ff809ecc3778f62889b8b94209477be9a65464920821075e947a79c6bd00,"{""config"":""erasure_r50"",""d"":7,""p"":0.024,""r_e"":0.5,""rounds"":7}",
       128,        43,         0,   0.368,herald_mwpm,28adf24b6e67e2f7a1a8fa831b77e91701c766f8001e25c730b7a20d5d61be49,"{""config"":""erasure_r50"",""d"":7,""p"":0.026,""r_e"":0.5,""rounds"":7}",
       896,       212,         0,    2.33,herald_mwpm,5ff8f760cb637ccd9dfbef01652b089036b0f346aade0a131b11b3c4709ff5a5,"{""config"":""erasure_r50"",""d"":7,""p"":0.022,""r_e"":0.5,""rounds"":7}",
       256,        68,         0,   0.644,herald_mwpm,0c76ff809ecc3778f62889b8b94209477be9a65464920821075e947a79c6bd00,"{""config"":""erasure_r50"",""d"":7,""p"":0.024,""r_e"":0.5,""rounds"":7}",
       128,        40,         0,   0.347,herald_mwpm,28adf24b6e67e2f7a1a8fa831b77e91701c766f8001e25c730b7a20d5d61be49,"{""config"":""erasure_r50"",""d"":7,""p"":0.026,""r_e"":0.5,""rounds"":7}",
       273,       120,         0,   0.033,blind_mwpm,ab79484798fdbce1be2cf45dca1cf0ac7dd113f5c899201eb702c1708469ae7f,"{""config"":""erasure_r50"",""d"":7,""p"":0.026,""r_e"":0.5,""rounds"":7}",
      1024,       429,         0,   0.096,blind_mwpm,ab79484798fdbce1be2cf45dca1cf0ac7dd113f5c899201eb702c1708469ae7f,"{""config"":""erasure_r50"",""d"":7,""p"":0.026,""r_e"":0.5,""rounds"":7}",
      1024,       437,         0,   0.102,blind_mwpm,ab79484798fdbce1be2cf45dca1cf0ac7dd113f5c899201eb702c1708469ae7f,"{""config"":""erasure_r50"",""d"":7,""p"":0.026,""r_e"":0.5,""rounds"":7}",
      1024,       433,         0,   0.082,blind_mwpm,ab79484798fdbce1be2cf45dca1cf0ac7dd113f5c899201eb702c1708469ae7f,"{""config"":""erasure_r50"",""d"":7,""p"":0.026,""r_e"":0.5,""rounds"":7}",
       256,        87,         0,   0.695,herald_mwpm,28adf24b6e67e2f7a1a8fa831b77e91701c766f8001e25c730b7a20d5d61be49,"{""config"":""erasure_r50"",""d"":7,""p"":0.026,""r_e"":0.5,""rounds"":7}",
        17,         5,         0,   0.066,herald_mwpm,3333c10c0f42b69a7fc8983ef9668afa4d0db83ea47c73ad113f15951af5cab3,"{""config"":""erasure_r50"",""d"":7,""p"":0.03162277660168379,""r_e"":0.5,""rounds"":7}",
       384,       118,         0,    1.04,herald_mwpm,0c76ff809ecc3778f62889b8b94209477be9a65464920821075e947a79c6bd00,"{""config"":""erasure_r50"",""d"":7,""p"":0.024,""r_e"":0.5,""rounds"":7}",
       128,        53,         0,   0.385,herald_mwpm,3333c10c0f42b69a7fc8983ef9668afa4d0db83ea47c73ad113f15951af5cab3,"{""config"":""erasure_r50"",""d"":7,""p"":0.03162277660168379,""r_e"":0.5,""rounds"":7}",
       256,        79,         0,   0.670,herald_mwpm,28adf24b6e67e2f7a1a8fa831b77e91701c766f8001e25c730b7a20d5d61be49,"{""config"":""erasure_r50"",""d"":7,""p"":0.026,""r_e"":0.5,""rounds"":7}",
       128,        45,         0,   0.360,herald_mwpm,3333c10c0f42b69a7fc8983ef9668afa4d0db83ea47c73ad113f15951af5cab3,"{""config"":""erasure_r50"",""d"":7,""p"":0.03162277660168379,""r_e"":0.5,""rounds"":7}",
       128,        60,         0,   0.333,herald_mwpm,3333c10c0f42b69a7fc8983ef9668afa4d0db83ea47c73ad113f15951af5cab3,"{""config"":""erasure_r50"",""d"":7,""p"":0.03162277660168379,""r_e"":0.5,""rounds"":7}",
       128,        60,         0,   0.387,herald_mwpm,3333c10c0f42b69a7fc8983ef9668afa4d0db83ea47c73ad113f15951af5cab3,"{""config"":""erasure_r50"",""d"":7,""p"":0.03162277660168379,""r_e"":0.5,""rounds"":7}",
       512,       143,         0,    1.32,herald_mwpm,0c76ff809ecc3778f62889b8b94209477be9a65464920821075e947a79c6bd00,"{""config"":""erasure_r50"",""d"":7,""p"":0.024,""r_e"":0.5,""rounds"":7}",
       384,       125,         0,    1.06,herald_mwpm,28adf24b6e67e2f7a1a8fa831b77e91701c766f8001e25c730b7a20d5d61be49,"{""config"":""erasure_r50"",""d"":7,""p"":0.026,""r_e"":0.5,""rounds"":7}",
       128,        51,         0,   0.378,herald_mwpm,3333c10c0f42b69a7fc8983ef9668afa4d0db83ea47c73ad113f15951af5cab3,"{""config"":""erasure_r50"",""d"":7,""p"":0.03162277660168379,""r_e"":0.5,""rounds"":7}",
       128,        55,         0,   0.378,herald_mwpm,3333c10c0f42b69a7fc8983ef9668afa4d0db83ea47c73ad113f15951af5cab3,"{""config"":""erasure_r50"",""d"":7,""p"":0.03162277660168379,""r_e"":0.5,""rounds"":7}",
       128,        53,         0,   0.352,herald_mwpm,3333c10c0f42b69a7fc8983ef9668afa4d0db83ea47c73ad113f15951af5cab3,"{""config"":""erasure_r50"",""d"":7,""p"":0.03162277660168379,""r_e"":0.5,""rounds"":7}",
       512,       170,         0,    1.37,herald_mwpm,28adf24b6e67e2f7a1a8fa831b77e91701c766f8001e25c730b7a20d5d61be49,"{""config"":""erasure_r50"",""d"":7,""p"":0.026,""r_e"":0.5,""rounds"":7}",
       128,        56,         0,   0.388,herald_mwpm,3333c10c0f42b69a7fc8983ef9668afa4d0db83ea47c73ad113f15951af5cab3,"{""config"":""erasure_r50"",""d"":7,""p"":0.03162277660168379,""r_e"":0.5,""rounds"":7}",
       640,       159,         0,    1.74,herald_mwpm,0c76ff809ecc3778f62889b8b94209477be9a65464920821075e947a79c6bd00,"{""config"":""erasure_r50"",""d"":7,""p"":0.024,""r_e"":0.5,""rounds"":7}",
       128,        54,         0,   0.384,herald_mwpm,3333c10c0f42b69a7fc8983ef9668afa4d0db83ea47c73ad113f15951af5cab3,"{""config"":""erasure_r50"",""d"":7,""p"":0.03162277660168379,""r_e"":0.5,""rounds"":7}",
       128,        56,         0,   0.349,herald_mwpm,3333c10c0f42b69a7fc8983ef9668afa4d0db83ea47c73ad113f15951af5cab3,"{""config"":""erasure_r50"",""d"":7,""p"":0.03162277660168379,""r_e"":0.5,""rounds"":7}",
       256,        75,         0,   0.728,herald_mwpm,0c76ff809ecc3778f62889b8b94209477be9a65464920821075e947a79c6bd00,"{""config"":""erasure_r50"",""d"":7,""p"":0.024,""r_e"":0.5,""rounds"":7}",
       273,       136,         0,   0.028,blind_mwpm,c3dd759a59a37814f81c14277c5447175b8e5a5b052bc54685068330dfa73899,"{""config"":""erasure_r50"",""d"":7,""p"":0.03162277660168379,""r_e"":0.5,""rounds"":7}",
       512,       171,         0,    1.42,herald_mwpm,28adf24b6e67e2f7a1a8fa831b77e91701c766f8001e25c730b7a20d5d61be49,"{""config"":""erasure_r50"",""d"":7,""p"":0.026,""r_e"":0.5,""rounds"":7}",
      1024,       482,         0,   0.098,blind_mwpm,c3dd759a59a37814f81c14277c5447175b8e5a5b052bc54685068330dfa73899,"{""config"":""erasure_r50"",""d"":7,""p"":0.03162277660168379,""r_e"":0.5,""rounds"":7}",
       256,       105,         0,   0.731,herald_mwpm,3333c10c0f42b69a7fc8983ef9668afa4d0db83ea47c73ad113f15951af5cab3,"{""config"":""erasure_r50"",""d"":7,""p"":0.03162277660168379,""r_e"":0.5,""rounds"":7}",
      1024,       487,         0,   0.088,blind_mwpm,c3dd759a59a37814f81c14277c5447175b8e5a5b052bc54685068330dfa73899,"{""config"":""erasure_r50"",""d"":7,""p"":0.03162277660168379,""r_e"":0.5,""rounds"":7}",
        17,         7,         0,   0.046,herald_mwpm,b758b14bb2888c6d74fcd76d678b043992276af6c729a1ec8abb10b8f292ae9f,"{""config"":""erasure_r50"",""d"":7,""p"":0.046415888336127774,""r_e"":0.5,""rounds"":7}",
       273,       137,         0,   0.034,blind_mwpm,9a10bb87d986d0af8bac0c8e4fe9bbb8c16c0edcdf5a9ae6649db4642c43e67b,"{""config"":""erasure_r50"",""d"":7,""p"":0.046415888336127774,""r_e"":0.5,""rounds"":7}",
      1024,       521,         0,   0.119,blind_mwpm,9a10bb87d986d0af8bac0c8e4fe9bbb8c16c0edcdf5a9ae6649db4642c43e67b,"{""config"":""erasure_r50"",""d"":7,""p"":0.046415888336127774,""r_e"":0.5,""rounds"":7}",
      1024,       519,         0,   0.124,blind_mwpm,9a10bb87d986d0af8bac0c8e4fe9bbb8c16c0edcdf5a9ae6649db4642c43e67b,"{""config"":""erasure_r50"",""d"":7,""p"":0.046415888336127774,""r_e"":0.5,""rounds"":7}",
       128,        68,         0,   0.331,herald_mwpm,b758b14bb2888c6d74fcd76d678b043992276af6c729a1ec8abb10b8f292ae9f,"{""config"":""erasure_r50"",""d"":7,""p"":0.046415888336127774,""r_e"":0.5,""rounds"":7}",
       256,       105,         0,   0.666,herald_mwpm,3333c10c0f42b69a7fc8983ef9668afa4d0db83ea47c73ad113f15951af5cab3,"{""config"":""erasure_r50"",""d"":7,""p"":0.03162277660168379,""r_e"":0.5,""rounds"":7}",
        17,        11,         0,   0.053,herald_mwpm,e4258afc993d660b77837b9ac024020cbe50456b9c0678b87b9e4d458d48011c,"{""config"":""erasure_r50"",""d"":7,""p"":0.06812920690579612,""r_e"":0.5,""rounds"":7}",
       128,        63,         0,   0.356,herald_mwpm,b758b14bb2888c6d74fcd76d678b043992276af6c729a1ec8abb10b8f292ae9f,"{""config"":""erasure_r50"",""d"":7,""p"":0.046415888336127774,""r_e"":0.5,""rounds"":7}",
       128,        58,         0,   0.324,herald_mwpm,e4258afc993d660b77837b9ac024020cbe50456b9c0678b87b9e4d458d48011c,"{""config"":""erasure_r50"",""d"":7,""p"":0.06812920690579612,""r_e"":0.5,""rounds"":7}",
       128,        60,         0,   0.395,herald_mwpm,b758b14bb2888c6d74fcd76d678b043992276af6c729a1ec8abb10b8f292ae9f,"{""config"":""erasure_r50"",""d"":7,""p"":0.046415888336127774,""r_e"":0.5,""rounds"":7}",
       128,        62,         0,   0.378,herald_mwpm,e4258afc993d660b77837b9ac024020cbe50456b9c0678b87b9e4d458d48011c,"{""config"":""erasure_r50"",""d"":7,""p"":0.06812920690579612,""r_e"":0.5,""rounds"":7}",
       384,       174,         0,    1.03,herald_mwpm,3333c10c0f42b69a7fc8983ef9668afa4d0db83ea47c73ad113f15951af5cab3,"{""config"":""erasure_r50"",""d"":7,""p"":0.03162277660168379,""r_e"":0.5,""rounds"":7}",
       128,        59,         0,   0.343,herald_mwpm,b758b14bb2888c6d74fcd76d678b043992276af6c729a1ec8abb10b8f292ae9f,"{""config"":""erasure_r50"",""d"":7,""p"":0.046415888336127774,""r_e"":0.5,""rounds"":7}",
       128,        61,         0,   0.328,herald_mwpm,e4258afc993d660b77837b9ac024020cbe50456b9c0678b87b9e4d458d48011c,"{""config"":""erasure_r50"",""d"":7,""p"":0.06812920690579612,""r_e"":0.5,""rounds"":7}",
       128,        65,         0,   0.404,herald_mwpm,b758b14bb2888c6d74fcd76d678b043992276af6c729a1ec8abb10b8f292ae9f,"{""config"":""erasure_r50"",""d"":7,""p"":0.046415888336127774,""r_e"":0.5,""rounds"":7}",
       128,        57,         0,   0.366,herald_mwpm,e4258afc993d660b77837b9ac024020cbe50456b9c0678b87b9e4d458d48011c,"{""config"":""erasure_r50"",""d"":7,""p"":0.06812920690579612,""r_e"":0.5,""rounds"":7}",
       256,        99,         0,   0.694,herald_mwpm,3333c10c0f42b69a7fc8983ef9668afa4d0db83ea47c73ad113f15951af5cab3,"{""config"":""erasure_r50"",""d"":7,""p"":0.03162277660168379,""r_e"":0.5,""rounds"":7}",
       128,        61,         0,   0.359,herald_mwpm,b758b14bb2888c6d74fcd76d678b043992276af6c729a1ec8abb10b8f292ae9f,"{""config"":""erasure_r50"",""d"":7,""p"":0.046415888336127774,""r_e"":0.5,""rounds"":7}",
       128,        63,         0,   0.378,herald_mwpm,e4258afc993d660b77837b9ac024020cbe50456b9c0678b87b9e4d458d48011c,"{""config"":""erasure_r50"",""d"":7,""p"":0.06812920690579612,""r_e"":0.5,""rounds"":7}",
       273,       140,         0,   0.051,blind_mwpm,bcffac58585dc7e33f628bf940ce7e928858fd13d631a974058e95dd4d5149e8,"{""config"":""erasure_r50"",""d"":7,""p"":0.06812920690579612,""r_e"":0.5,""rounds"":7}",
       128,        65,         0,   0.348,herald_mwpm,b758b14bb2888c6d74fcd76d678b043992276af6c729a1ec8abb10b8f292ae9f,"{""config"":""erasure_r50"",""d"":7,""p"":0.046415888336127774,""r_e"":0.5,""rounds"":7}",
      1024,       543,         0,   0.148,blind_mwpm,bcffac58585dc7e33f628bf940ce7e928858fd13d631a974058e95dd4d5149e8,"{""config"":""erasure_r50"",""d"":7,""p"":0.06812920690579612,""r_e"":0.5,""rounds"":7}",
      1024,       478,         0,   0.141,blind_mwpm,bcffac58585dc7e33f628bf940ce7e928858fd13d631a974058e95dd4d5149e8,"{""config"":""erasure_r50"",""d"":7,""p"":0.06812920690579612,""r_e"":0.5,""rounds"":7}",
       128,        61,         0,   0.361,herald_mwpm,e4258afc993d660b77837b9ac024020cbe50456b9c0678b87b9e4d458d48011c,"{""config"":""erasure_r50"",""d"":7,""p"":0.06812920690579612,""r_e"":0.5,""rounds"":7}",
       128,        59,         0,   0.357,herald_mwpm,b758b14bb2888c6d74fcd76d678b043992276af6c729a1ec8abb10b8f292ae9f,"{""config"":""erasure_r50"",""d"":7,""p"":0.046415888336127774,""r_e"":0.5,""rounds"":7}",
        17,        10,         0,   0.060,herald_mwpm,32f6617ca159edab03f1aaae2ef5fa36262dec81595f64d9ffd9f1fd85d9b890,"{""config"":""erasure_r50"",""d"":7,""p"":0.1,""r_e"":0.5,""rounds"":7}",
       128,        70,         0,   0.375,herald_mwpm,e4258afc993d660b77837b9ac024020cbe50456b9c0678b87b9e4d458d48011c,"{""config"":""erasure_r50"",""d"":7,""p"":0.06812920690579612,""r_e"":0.5,""rounds"":7}",
       128,        74,         0,   0.377,herald_mwpm,b758b14bb2888c6d74fcd76d678b043992276af6c729a1ec8abb10b8f292ae9f,"{""config"":""erasure_r50"",""d"":7,""p"":0.046415888336127774,""r_e"":0.5,""rounds"":7}",
       128,        67,         0,   0.380,herald_mwpm,32f6617ca159edab03f1aaae2ef5fa36262dec81595f64d9ffd9f1fd85d9b890,"{""config"":""erasure_r50"",""d"":7,""p"":0.1,""r_e"":0.5,""rounds"":7}",
       128,        66,         0,   0.360,herald_mwpm,e4258afc993d660b77837b9ac024020cbe50456b9c0678b87b9e4d458d48011c,"{""config"":""erasure_r50"",""d"":7,""p"":0.06812920690579612,""r_e"":0.5,""rounds"":7}",
       128,        60,         0,   0.392,herald_mwpm,b758b14bb2888c6d74fcd76d678b043992276af6c729a1ec8abb10b8f292ae9f,"{""config"":""erasure_r50"",""d"":7,""p"":0.046415888336127774,""r_e"":0.5,""rounds"":7}",
       128,        59,         0,   0.371,herald_mwpm,32f6617ca159edab03f1aaae2ef5fa36262dec81595f64d9ffd9f1fd85d9b890,"{""config"":""erasure_r50"",""d"":7,""p"":0.1,""r_e"":0.5,""rounds"":7}",
       128,        65,         0,   0.387,herald_mwpm,e4258afc993d660b77837b9ac024020cbe50456b9c0678b87b9e4d458d48011c,"{""config"":""erasure_r50"",""d"":7,""p"":0.06812920690579612,""r_e"":0.5,""rounds"":7}",
       128,        61,         0,   0.356,herald_mwpm,32f6617ca159edab03f1aaae2ef5fa36262dec81595f64d9ffd9f1fd85d9b890,"{""config"":""erasure_r50"",""d"":7,""p"":0.1,""r_e"":0.5,""rounds"":7}",
       128,        61,         0,   0.357,herald_mwpm,e4258afc993d660b77837b9ac024020cbe50456b9c0678b87b9e4d458d48011c,"{""config"":""erasure_r50"",""d"":7,""p"":0.06812920690579612,""r_e"":0.5,""rounds"":7}",
       256,       121,         0,   0.723,herald_mwpm,b758b14bb2888c6d74fcd76d678b043992276af6c729a1ec8abb10b8f292ae9f,"{""config"":""erasure_r50"",""d"":7,""p"":0.046415888336127774,""r_e"":0.5,""rounds"":7}",
       128,        73,         0,   0.383,herald_mwpm,32f6617ca159edab03f1aaae2ef5fa36262dec81595f64d9ffd9f1fd85d9b890,"{""config"":""erasure_r50"",""d"":7,""p"":0.1,""r_e"":0.5,""rounds"":7}",
       128,        70,         0,   0.392,herald_mwpm,32f6617ca159edab03f1aaae2ef5fa36262dec81595f64d9ffd9f1fd85d9b890,"{""config"":""erasure_r50"",""d"":7,""p"":0.1,""r_e"":0.5,""rounds"":7}",
       256,       121,         0,   0.756,herald_mwpm,e4258afc993d660b77837b9ac024020cbe50456b9c0678b87b9e4d458d48011c,"{""config"":""erasure_r50"",""d"":7,""p"":0.06812920690579612,""r_e"":0.5,""rounds"":7}",
       256,       125,         0,   0.725,herald_mwpm,b758b14bb2888c6d74fcd76d678b043992276af6c729a1ec8abb10b8f292ae9f,"{""config"":""erasure_r50"",""d"":7,""p"":0.046415888336127774,""r_e"":0.5,""rounds"":7}",
       128,        51,         0,   0.365,herald_mwpm,32f6617ca159edab03f1aaae2ef5fa36262dec81595f64d9ffd9f1fd85d9b890,"{""config"":""erasure_r50"",""d"":7,""p"":0.1,""r_e"":0.5,""rounds"":7}",
       128,        61,         0,   0.370,herald_mwpm,32f6617ca159edab03f1aaae2ef5fa36262dec81595f64d9ffd9f1fd85d9b890,"{""config"":""erasure_r50"",""d"":7,""p"":0.1,""r_e"":0.5,""rounds"":7}",
       256,       134,         0,   0.723,herald_mwpm,e4258afc993d660b77837b9ac024020cbe50456b9c0678b87b9e4d458d48011c,"{""config"":""erasure_r50"",""d"":7,""p"":0.06812920690579612,""r_e"":0.5,""rounds"":7}",
       256,       121,         0,   0.738,herald_mwpm,b758b14bb2888c6d74fcd76d678b043992276af6c729a1ec8abb10b8f292ae9f,"{""config"":""erasure_r50"",""d"":7,""p"":0.046415888336127774,""r_e"":0.5,""rounds"":7}",
       128,        65,         0,   0.367,herald_mwpm,32f6617ca159edab03f1aaae2ef5fa36262dec81595f64d9ffd9f1fd85d9b890,"{""config"":""erasure_r50"",""d"":7,""p"":0.1,""r_e"":0.5,""rounds"":7}",
       273,       140,         0,   0.050,blind_mwpm,2bdf4038b4414dcc747adba704ccd93c6107d457a2dad8d9be2849c60520db97,"{""config"":""erasure_r50"",""d"":7,""p"":0.1,""r_e"":0.5,""rounds"":7}",
      1024,       505,         0,   0.164,blind_mwpm,2bdf4038b4414dcc747adba704ccd93c6107d457a2dad8d9be2849c60520db97,"{""config"":""erasure_r50"",""d"":7,""p"":0.1,""r_e"":0.5,""rounds"":7}",
       128,        63,         0,   0.367,herald_mwpm,32f6617ca159edab03f1aaae2ef5fa36262dec81595f64d9ffd9f1fd85d9b890,"{""config"":""erasure_r50"",""d"":7,""p"":0.1,""r_e"":0.5,""rounds"":7}",
       256,       136,         0,   0.699,herald_mwpm,e4258afc993d660b77837b9ac024020cbe50456b9c0678b87b9e4d458d48011c,"{""config"":""erasure_r50"",""d"":7,""p"":0.06812920690579612,""r_e"":0.5,""rounds"":7}",
      1024,       510,         0,   0.178,blind_mwpm,2bdf4038b4414dcc747adba704ccd93c6107d457a2dad8d9be2849c60520db97,"{""config"":""erasure_r50"",""d"":7,""p"":0.1,""r_e"":0.5,""rounds"":7}",
       128,        63,         0,   0.392,herald_mwpm,32f6617ca159edab03f1aaae2ef5fa36262dec81595f64d9ffd9f1fd85d9b890,"{""config"":""erasure_r50"",""d"":7,""p"":0.1,""r_e"":0.5,""rounds"":7}",
         1,         0,         0,   0.011,blind_mwpm,d40eae58d283bbb540191ecf66d60c9082db05a7cae5f9261f965aedd0ffe6c6,"{""config"":""erasure_r50"",""d"":9,""p"":0.001,""r_e"":0.5,""rounds"":9}",
      1296,         0,         0,   0.033,blind_mwpm,d40eae58d283bbb540191ecf66d60c9082db05a7cae5f9261f965aedd0ffe6c6,"{""config"":""erasure_r50"",""d"":9,""p"":0.001,""r_e"":0.5,""rounds"":9}",
        17,         0,         0,   0.096,herald_mwpm,def035a7a990ca5d71f1b8f74b6197af53fb379e1eade6c64244e36918e6c442,"{""config"":""erasure_r50"",""d"":9,""p"":0.001,""r_e"":0.5,""rounds"":9}",
      1024,         0,         0,   0.027,blind_mwpm,d40eae58d283bbb540191ecf66d60c9082db05a7cae5f9261f965aedd0ffe6c6,"{""config"":""erasure_r50"",""d"":9,""p"":0.001,""r_e"":0.5,""rounds"":9}",
      2048,         0,         0,   0.042,blind_mwpm,d40eae58d283bbb540191ecf66d60c9082db05a7cae5f9261f965aedd0ffe6c6,"{""config"":""erasure_r50"",""d"":9,""p"":0.001,""r_e"":0.5,""rounds"":9}",
      2048,         0,         0,   0.044,blind_mwpm,d40eae58d283bbb540191ecf66d60c9082db05a7cae5f9261f965aedd0ffe6c6,"{""config"":""erasure_r50"",""d"":9,""p"":0.001,""r_e"":0.5,""rounds"":9}",
      3072,         0,         0,   0.070,blind_mwpm,d40eae58d283bbb540191ecf66d60c9082db05a7cae5f9261f965aedd0ffe6c6,"{""config"":""erasure_r50"",""d"":9,""p"":0.001,""r_e"":0.5,""rounds"":9}",
      4096,         0,         0,   0.086,blind_mwpm,d40eae58d283bbb540191ecf66d60c9082db05a7cae5f9261f965aedd0ffe6c6,"{""config"":""erasure_r50"",""d"":9,""p"":0.001,""r_e"":0.5,""rounds"":9}",
        64,         0,         0,   0.310,herald_mwpm,def035a7a990ca5d71f1b8f74b6197af53fb379e1eade6c64244e36918e6c442,"{""config"":""erasure_r50"",""d"":9,""p"":0.001,""r_e"":0.5,""rounds"":9}",
       256,       117,         0,   0.751,herald_mwpm,32f6617ca159edab03f1aaae2ef5fa36262dec81595f64d9ffd9f1fd85d9b890,"{""config"":""erasure_r50"",""d"":7,""p"":0.1,""r_e"":0.5,""rounds"":7}",
      5120,         0,         0,   0.111,blind_mwpm,d40eae58d283bbb540191ecf66d60c9082db05a7cae5f9261f965aedd0ffe6c6,"{""config"":""erasure_r50"",""d"":9,""p"":0.001,""r_e"":0.5,""rounds"":9}",
      7168,         0,         0,   0.160,blind_mwpm,d40eae58d283bbb540191ecf66d60c9082db05a7cae5f9261f965aedd0ffe6c6,"{""config"":""erasure_r50"",""d"":9,""p"":0.001,""r_e"":0.5,""rounds"":9}",
        64,         0,         0,   0.259,herald_mwpm,def035a7a990ca5d71f1b8f74b6197af53fb379e1eade6c64244e36918e6c442,"{""config"":""erasure_r50"",""d"":9,""p"":0.001,""r_e"":0.5,""rounds"":9}",
     10240,         0,         0,   0.223,blind_mwpm,d40eae58d283bbb540191ecf66d60c9082db05a7cae5f9261f965aedd0ffe6c6,"{""config"":""erasure_r50"",""d"":9,""p"":0.001,""r_e"":0.5,""rounds"":9}",
     13312,         0,         0,   0.291,blind_mwpm,d40eae58d283bbb540191ecf66d60c9082db05a7cae5f9261f965aedd0ffe6c6,"{""config"":""erasure_r50"",""d"":9,""p"":0.001,""r_e"":0.5,""rounds"":9}",
       256,       134,         0,   0.751,herald_mwpm,32f6617ca159edab03f1aaae2ef5fa36262dec81595f64d9ffd9f1fd85d9b890,"{""config"":""erasure_r50"",""d"":7,""p"":0.1,""r_e"":0.5,""rounds"":7}",
       128,         0,         0,   0.639,herald_mwpm,def035a7a990ca5d71f1b8f74b6197af53fb379e1eade6c64244e36918e6c442,"{""config"":""erasure_r50"",""d"":9,""p"":0.001,""r_e"":0.5,""rounds"":9}",
     16384,         0,         0,   0.429,blind_mwpm,d40eae58d283bbb540191ecf66d60c9082db05a7cae5f9261f965aedd0ffe6c6,"{""config"":""erasure_r50"",""d"":9,""p"":0.001,""r_e"":0.5,""rounds"":9}",
       256,       133,         0,   0.724,herald_mwpm,32f6617ca159edab03f1aaae2ef5fa36262dec81595f64d9ffd9f1fd85d9b890,"{""config"":""erasure_r50"",""d"":7,""p"":0.1,""r_e"":0.5,""rounds"":7}",
       128,         0,         0,   0.641,herald_mwpm,def035a7a990ca5d71f1b8f74b6197af53fb379e1eade6c64244e36918e6c442,"{""config"":""erasure_r50"",""d"":9,""p"":0.001,""r_e"":0.5,""rounds"":9}",
     23552,         0,         0,   0.571,blind_mwpm,d40eae58d283bbb540191ecf66d60c9082db05a7cae5f9261f965aedd0ffe6c6,"{""config"":""erasure_r50"",""d"":9,""p"":0.001,""r_e"":0.5,""rounds"":9}",
     10639,         0,         0,   0.240,blind_mwpm,d40eae58d283bbb540191ecf66d60c9082db05a7cae5f9261f965aedd0ffe6c6,"{""config"":""erasure_r50"",""d"":9,""p"":0.001,""r_e"":0.5,""rounds"":9}",
         1,         0,         0,   0.010,herald_mwpm,22a98d4aff8f1dcef6a205effa603f20ef4f9bf3f75f4fdcee70f62942c8b2b2,"{""config"":""erasure_r50"",""d"":9,""p"":0.0014677992676220691,""r_e"":0.5,""rounds"":9}",
       128,         0,         0,   0.668,herald_mwpm,def035a7a990ca5d71f1b8f74b6197af53fb379e1eade6c64244e36918e6c442,"{""config"":""erasure_r50"",""d"":9,""p"":0.001,""r_e"":0.5,""rounds"":9}",
        16,         0,         0,   0.095,herald_mwpm,22a98d4aff8f1dcef6a205effa603f20ef4f9bf3f75f4fdcee70f62942c8b2b2,"{""config"":""erasure_r50"",""d"":9,""p"":0.0014677992676220691,""r_e"":0.5,""rounds"":9}",
        64,         0,         0,   0.325,herald_mwpm,22a98d4aff8f1dcef6a205effa603f20ef4f9bf3f75f4fdcee70f62942c8b2b2,"{""config"":""erasure_r50"",""d"":9,""p"":0.0014677992676220691,""r_e"":0.5,""rounds"":9}",
         1,         0,         0,   0.012,blind_mwpm,b3717d6db75869cb9cbd5f90a0af11d39ac083c6f41af12bc3e1f108e85a1d29,"{""config"":""erasure_r50"",""d"":9,""p"":0.0014677992676220691,""r_e"":0.5,""rounds"":9}",
      1296,         0,         0,   0.032,blind_mwpm,b3717d6db75869cb9cbd5f90a0af11d39ac083c6f41af12bc3e1f108e85a1d29,"{""config"":""erasure_r50"",""d"":9,""p"":0.0014677992676220691,""r_e"":0.5,""rounds"":9}",
      1024,         0,         0,   0.023,blind_mwpm,b3717d6db75869cb9cbd5f90a0af11d39ac083c6f41af12bc3e1f108e85a1d29,"{""config"":""erasure_r50"",""d"":9,""p"":0.0014677992676220691,""r_e"":0.5,""rounds"":9}",
      2048,         0,         0,   0.046,blind_mwpm,b3717d6db75869cb9cbd5f90a0af11d39ac083c6f41af12bc3e1f108e85a1d29,"{""config"":""erasure_r50"",""d"":9,""p"":0.0014677992676220691,""r_e"":0.5,""rounds"":9}",
      2048,         0,         0,   0.049,blind_mwpm,b3717d6db75869cb9cbd5f90a0af11d39ac083c6f41af12bc3e1f108e85a1d29,"{""config"":""erasure_r50"",""d"":9,""p"":0.0014677992676220691,""r_e"":0.5,""rounds"":9}",
       128,         0,         0,   0.634,herald_mwpm,def035a7a990ca5d71f1b8f74b6197af53fb379e1eade6c64244e36918e6c442,"{""config"":""erasure_r50"",""d"":9,""p"":0.001,""r_e"":0.5,""rounds"":9}",
      3072,         0,         0,   0.078,blind_mwpm,b3717d6db75869cb9cbd5f90a0af11d39ac083c6f41af12bc3e1f108e85a1d29,"{""config"":""erasure_r50"",""d"":9,""p"":0.0014677992676220691,""r_e"":0.5,""rounds"":9}",
        64,         0,         0,   0.369,herald_mwpm,22a98d4aff8f1dcef6a205effa603f20ef4f9bf3f75f4fdcee70f62942c8b2b2,"{""config"":""erasure_r50"",""d"":9,""p"":0.0014677992676220691,""r_e"":0.5,""rounds"":9}",
      4096,         0,         0,   0.086,blind_mwpm,b3717d6db75869cb9cbd5f90a0af11d39ac083c6f41af12bc3e1f108e85a1d29,"{""config"":""erasure_r50"",""d"":9,""p"":0.0014677992676220691,""r_e"":0.5,""rounds"":9}",
      5120,         0,         0,   0.117,blind_mwpm,b3717d6db75869cb9cbd5f90a0af11d39ac083c6f41af12bc3e1f108e85a1d29,"{""config"":""erasure_r50"",""d"":9,""p"":0.0014677992676220691,""r_e"":0.5,""rounds"":9}",
      6144,         0,         0,   0.148,blind_mwpm,b3717d6db75869cb9cbd5f90a0af11d39ac083c6f41af12bc3e1f108e85a1d29,"{""config"":""erasure_r50"",""d"":9,""p"":0.0014677992676220691,""r_e"":0.5,""rounds"":9}",
        64,         0,         0,   0.380,herald_mwpm,22a98d4aff8f1dcef6a205effa603f20ef4f9bf3f75f4fdcee70f62942c8b2b2,"{""config"":""erasure_r50"",""d"":9,""p"":0.0014677992676220691,""r_e"":0.5,""rounds"":9}",
       128,         0,         0,   0.567,herald_mwpm,def035a7a990ca5d71f1b8f74b6197af53fb379e1eade6c64244e36918e6c442,"{""config"":""erasure_r50"",""d"":9,""p"":0.001,""r_e"":0.5,""rounds"":9}",
      9216,         0,         0,   0.217,blind_mwpm,b3717d6db75869cb9cbd5f90a0af11d39ac083c6f41af12bc3e1f108e85a1d29,"{""config"":""erasure_r50"",""d"":9,""p"":0.0014677992676220691,""r_e"":0.5,""rounds"":9}",
        64,         0,         0,   0.345,herald_mwpm,22a98d4aff8f1dcef6a205effa603f20ef4f9bf3f75f4fdcee70f62942c8b2b2,"{""config"":""erasure_r50"",""d"":9,""p"":0.0014677992676220691,""r_e"":0.5,""rounds"":9}",
     12288,         0,         0,   0.303,blind_mwpm,b3717d6db75869cb9cbd5f90a0af11d39ac083c6f41af12bc3e1f108e85a1d29,"{""config"":""erasure_r50"",""d"":9,""p"":0.0014677992676220691,""r_e"":0.5,""rounds"":9}",
       128,         0,         0,   0.609,herald_mwpm,def035a7a990ca5d71f1b8f74b6197af53fb379e1eade6c64244e36918e6c442,"{""config"":""erasure_r50"",""d"":9,""p"":0.001,""r_e"":0.5,""rounds"":9}",
        64,         0,         0,   0.377,herald_mwpm,22a98d4aff8f1dcef6a205effa603f20ef4f9bf3f75f4fdcee70f62942c8b2b2,"{""config"":""erasure_r50"",""d"":9,""p"":0.0014677992676220691,""r_e"":0.5,""rounds"":9}",
     16384,         0,         0,   0.404,blind_mwpm,b3717d6db75869cb9cbd5f90a0af11d39ac083c6f41af12bc3e1f108e85a1d29,"{""config"":""erasure_r50"",""d"":9,""p"":0.0014677992676220691,""r_e"":0.5,""rounds"":9}",
        64,         0,         0,   0.316,herald_mwpm,22a98d4aff8f1dcef6a205effa603f20ef4f9bf3f75f4fdcee70f62942c8b2b2,"{""config"":""erasure_r50"",""d"":9,""p"":0.0014677992676220691,""r_e"":0.5,""rounds"":9}",
     25615,         1,         0,    53.9,herald_mwpm,e4830d7d80b478630ffb82c7c5178b658efd904c0cd109df5acd91525b484d0f,"{""config"":""erasure_r50"",""d"":7,""p"":0.0021544346900318843,""r_e"":0.5,""rounds"":7}",
       128,         0,         0,   0.561,herald_mwpm,def035a7a990ca5d71f1b8f74b6197af53fb379e1eade6c64244e36918e6c442,"{""config"":""erasure_r50"",""d"":9,""p"":0.001,""r_e"":0.5,""rounds"":9}",
        64,         0,         0,   0.340,herald_mwpm,22a98d4aff8f1dcef6a205effa603f20ef4f9bf3f75f4fdcee70f62942c8b2b2,"{""config"":""erasure_r50"",""d"":9,""p"":0.0014677992676220691,""r_e"":0.5,""rounds"":9}",
     21504,         0,         0,   0.586,blind_mwpm,b3717d6db75869cb9cbd5f90a0af11d39ac083c6f41af12bc3e1f108e85a1d29,"{""config"":""erasure_r50"",""d"":9,""p"":0.0014677992676220691,""r_e"":0.5,""rounds"":9}",
        64,         0,         0,   0.352,herald_mwpm,22a98d4aff8f1dcef6a205effa603f20ef4f9bf3f75f4fdcee70f62942c8b2b2,"{""config"":""erasure_r50"",""d"":9,""p"":0.0014677992676220691,""r_e"":0.5,""rounds"":9}",
         1,         0,         0,   0.013,herald_mwpm,7b6524c7866d478782a972c380d944a9e1953cb24afdbe82dd77635dcb80af90,"{""config"":""erasure_r50"",""d"":9,""p"":0.0021544346900318843,""r_e"":0.5,""rounds"":9}",
     15759,         0,         0,   0.402,blind_mwpm,b3717d6db75869cb9cbd5f90a0af11d39ac083c6f41af12bc3e1f108e85a1d29,"{""config"":""erasure_r50"",""d"":9,""p"":0.0014677992676220691,""r_e"":0.5,""rounds"":9}",
        16,         0,         0,   0.101,herald_mwpm,7b6524c7866d478782a972c380d944a9e1953cb24afdbe82dd77635dcb80af90,"{""config"":""erasure_r50"",""d"":9,""p"":0.0021544346900318843,""r_e"":0.5,""rounds"":9}",
       128,         0,         0,   0.654,herald_mwpm,def035a7a990ca5d71f1b8f74b6197af53fb379e1eade6c64244e36918e6c442,"{""config"":""erasure_r50"",""d"":9,""p"":0.001,""r_e"":0.5,""rounds"":9}",
        64,         0,         0,   0.329,herald_mwpm,22a98d4aff8f1dcef6a205effa603f20ef4f9bf3f75f4fdcee70f62942c8b2b2,"{""config"":""erasure_r50"",""d"":9,""p"":0.0014677992676220691,""r_e"":0.5,""rounds"":9}",
        64,         0,         0,   0.378,herald_mwpm,7b6524c7866d478782a972c380d944a9e1953cb24afdbe82dd77635dcb80af90,"{""config"":""erasure_r50"",""d"":9,""p"":0.0021544346900318843,""r_e"":0.5,""rounds"":9}",
         1,         0,         0,   0.011,blind_mwpm,6a8ec62aca73aa03039296359b73902de5bcdbf48e08e1472ed9d6019cc6b468,"{""config"":""erasure_r50"",""d"":9,""p"":0.0021544346900318843,""r_e"":0.5,""rounds"":9}",
       128,         0,         0,   0.635,herald_mwpm,def035a7a990ca5d71f1b8f74b6197af53fb379e1eade6c64244e36918e6c442,"{""config"":""erasure_r50"",""d"":9,""p"":0.001,""r_e"":0.5,""rounds"":9}",
      1296,         0,         0,   0.044,blind_mwpm,6a8ec62aca73aa03039296359b73902de5bcdbf48e08e1472ed9d6019cc6b468,"{""config"":""erasure_r50"",""d"":9,""p"":0.0021544346900318843,""r_e"":0.5,""rounds"":9}",
      1024,         0,         0,   0.022,blind_mwpm,6a8ec62aca73aa03039296359b73902de5bcdbf48e08e1472ed9d6019cc6b468,"{""config"":""erasure_r50"",""d"":9,""p"":0.0021544346900318843,""r_e"":0.5,""rounds"":9}",
      2048,         0,         0,   0.047,blind_mwpm,6a8ec62aca73aa03039296359b73902de5bcdbf48e08e1472ed9d6019cc6b468,"{""config"":""erasure_r50"",""d"":9,""p"":0.0021544346900318843,""r_e"":0.5,""rounds"":9}",
        64,         0,         0,   0.433,herald_mwpm,7b6524c7866d478782a972c380d944a9e1953cb24afdbe82dd77635dcb80af90,"{""config"":""erasure_r50"",""d"":9,""p"":0.0021544346900318843,""r_e"":0.5,""rounds"":9}",
      2048,         0,         0,   0.055,blind_mwpm,6a8ec62aca73aa03039296359b73902de5bcdbf48e08e1472ed9d6019cc6b468,"{""config"":""erasure_r50"",""d"":9,""p"":0.0021544346900318843,""r_e"":0.5,""rounds"":9}",
      2048,         0,         0,   0.059,blind_mwpm,6a8ec62aca73aa03039296359b73902de5bcdbf48e08e1472ed9d6019cc6b468,"{""config"":""erasure_r50"",""d"":9,""p"":0.0021544346900318843,""r_e"":0.5,""rounds"":9}",
       128,         0,         0,   0.712,herald_mwpm,22a98d4aff8f1dcef6a205effa603f20ef4f9bf3f75f4fdcee70f62942c8b2b2,"{""config"":""erasure_r50"",""d"":9,""p"":0.0014677992676220691,""r_e"":0.5,""rounds"":9}",
      3072,         0,         0,   0.098,blind_mwpm,6a8ec62aca73aa03039296359b73902de5bcdbf48e08e1472ed9d6019cc6b468,"{""config"":""erasure_r50"",""d"":9,""p"":0.0021544346900318843,""r_e"":0.5,""rounds"":9}",
      4096,         1,         0,   0.113,blind_mwpm,6a8ec62aca73aa03039296359b73902de5bcdbf48e08e1472ed9d6019cc6b468,"{""config"":""erasure_r50"",""d"":9,""p"":0.0021544346900318843,""r_e"":0.5,""rounds"":9}",
        64,         0,         0,   0.376,herald_mwpm,7b6524c7866d478782a972c380d944a9e1953cb24afdbe82dd77635dcb80af90,"{""config"":""erasure_r50"",""d"":9,""p"":0.0021544346900318843,""r_e"":0.5,""rounds"":9}",
      6144,         0,         0,   0.163,blind_mwpm,6a8ec62aca73aa03039296359b73902de5bcdbf48e08e1472ed9d6019cc6b468,"{""config"":""erasure_r50"",""d"":9,""p"":0.0021544346900318843,""r_e"":0.5,""rounds"":9}",
       128,         0,         0,   0.596,herald_mwpm,def035a7a990ca5d71f1b8f74b6197af53fb379e1eade6c64244e36918e6c442,"{""config"":""erasure_r50"",""d"":9,""p"":0.001,""r_e"":0.5,""rounds"":9}",
      8192,         0,         0,   0.220,blind_mwpm,6a8ec62aca73aa03039296359b73902de5bcdbf48e08e1472ed9d6019cc6b468,"{""config"":""erasure_r50"",""d"":9,""p"":0.0021544346900318843,""r_e"":0.5,""rounds"":9}",
        64,         0,         0,   0.351,herald_mwpm,7b6524c7866d478782a972c380d944a9e1953cb24afdbe82dd77635dcb80af90,"{""config"":""erasure_r50"",""d"":9,""p"":0.0021544346900318843,""r_e"":0.5,""rounds"":9}",
       128,         0,         0,   0.662,herald_mwpm,22a98d4aff8f1dcef6a205effa603f20ef4f9bf3f75f4fdcee70f62942c8b2b2,"{""config"":""erasure_r50"",""d"":9,""p"":0.0014677992676220691,""r_e"":0.5,""rounds"":9}",
     11264,         0,         0,   0.312,blind_mwpm,6a8ec62aca73aa03039296359b73902de5bcdbf48e08e1472ed9d6019cc6b468,"{""config"":""erasure_r50"",""d"":9,""p"":0.0021544346900318843,""r_e"":0.5,""rounds"":9}",
        64,         0,         0,   0.360,herald_mwpm,7b6524c7866d478782a972c380d944a9e1953cb24afdbe82dd77635dcb80af90,"{""config"":""erasure_r50"",""d"":9,""p"":0.0021544346900318843,""r_e"":0.5,""rounds"":9}",
        64,         0,         0,   0.331,herald_mwpm,7b6524c7866d478782a972c380d944a9e1953cb24afdbe82dd77635dcb80af90,"{""config"":""erasure_r50"",""d"":9,""p"":0.0021544346900318843,""r_e"":0.5,""rounds"":9}",
     15360,         1,         0,   0.407,blind_mwpm,6a8ec62aca73aa03039296359b73902de5bcdbf48e08e1472ed9d6019cc6b468,"{""config"":""erasure_r50"",""d"":9,""p"":0.0021544346900318843,""r_e"":0.5,""rounds"":9}",
       256,         0,         0,    1.19,herald_mwpm,def035a7a990ca5d71f1b8f74b6197af53fb379e1eade6c64244e36918e6c442,"{""config"":""erasure_r50"",""d"":9,""p"":0.001,""r_e"":0.5,""rounds"":9}",
        64,         0,         0,   0.327,herald_mwpm,7b6524c7866d478782a972c380d944a9e1953cb24afdbe82dd77635dcb80af90,"{""config"":""erasure_r50"",""d"":9,""p"":0.0021544346900318843,""r_e"":0.5,""rounds"":9}",
       192,         0,         0,    1.04,herald_mwpm,22a98d4aff8f1dcef6a205effa603f20ef4f9bf3f75f4fdcee70f62942c8b2b2,"{""config"":""erasure_r50"",""d"":9,""p"":0.0014677992676220691,""r_e"":0.5,""rounds"":9}",
     19456,         1,         0,   0.585,blind_mwpm,6a8ec62aca73aa03039296359b73902de5bcdbf48e08e1472ed9d6019cc6b468,"{""config"":""erasure_r50"",""d"":9,""p"":0.0021544346900318843,""r_e"":0.5,""rounds"":9}",
        64,         0,         0,   0.345,herald_mwpm,7b6524c7866d478782a972c380d944a9e1953cb24afdbe82dd77635dcb80af90,"{""config"":""erasure_r50"",""d"":9,""p"":0.0021544346900318843,""r_e"":0.5,""rounds"":9}",
        64,         0,         0,   0.348,herald_mwpm,7b6524c7866d478782a972c380d944a9e1953cb24afdbe82dd77635dcb80af90,"{""config"":""erasure_r50"",""d"":9,""p"":0.0021544346900318843,""r_e"":0.5,""rounds"":9}",
     23951,         1,         0,   0.625,blind_mwpm,6a8ec62aca73aa03039296359b73902de5bcdbf48e08e1472ed9d6019cc6b468,"{""config"":""erasure_r50"",""d"":9,""p"":0.0021544346900318843,""r_e"":0.5,""rounds"":9}",
       256,         0,         0,    1.38,herald_mwpm,def035a7a990ca5d71f1b8f74b6197af53fb379e1eade6c64244e36918e6c442,"{""config"":""erasure_r50"",""d"":9,""p"":0.001,""r_e"":0.5,""rounds"":9}",
       128,         0,         0,   0.703,herald_mwpm,7b6524c7866d478782a972c380d944a9e1953cb24afdbe82dd77635dcb80af90,"{""config"":""erasure_r50"",""d"":9,""p"":0.0021544346900318843,""r_e"":0.5,""rounds"":9}",
         1,         0,         0,   0.010,herald_mwpm,b1a3fb6678ebe027f210a83550a8797b8928d33385cfcd5549008ed598eaa384,"{""config"":""erasure_r50"",""d"":9,""p"":0.0031622776601683794,""r_e"":0.5,""rounds"":9}",
       256,         0,         0,    1.45,herald_mwpm,22a98d4aff8f1dcef6a205effa603f20ef4f9bf3f75f4fdcee70f62942c8b2b2,"{""config"":""erasure_r50"",""d"":9,""p"":0.0014677992676220691,""r_e"":0.5,""rounds"":9}",
        16,         0,         0,   0.112,herald_mwpm,b1a3fb6678ebe027f210a83550a8797b8928d33385cfcd5549008ed598eaa384,"{""config"":""erasure_r50"",""d"":9,""p"":0.0031622776601683794,""r_e"":0.5,""rounds"":9}",
        64,         0,         0,   0.387,herald_mwpm,b1a3fb6678ebe027f210a83550a8797b8928d33385cfcd5549008ed598eaa384,"{""config"":""erasure_r50"",""d"":9,""p"":0.0031622776601683794,""r_e"":0.5,""rounds"":9}",
       128,         0,         0,   0.799,herald_mwpm,7b6524c7866d478782a972c380d944a9e1953cb24afdbe82dd77635dcb80af90,"{""config"":""erasure_r50"",""d"":9,""p"":0.0021544346900318843,""r_e"":0.5,""rounds"":9}",
        64,         0,         0,   0.388,herald_mwpm,b1a3fb6678ebe027f210a83550a8797b8928d33385cfcd5549008ed598eaa384,"{""config"":""erasure_r50"",""d"":9,""p"":0.0031622776601683794,""r_e"":0.5,""rounds"":9}",
        64,         0,         0,   0.366,herald_mwpm,b1a3fb6678ebe027f210a83550a8797b8928d33385cfcd5549008ed598eaa384,"{""config"":""erasure_r50"",""d"":9,""p"":0.0031622776601683794,""r_e"":0.5,""rounds"":9}",
        64,         0,         0,   0.402,herald_mwpm,b1a3fb6678ebe027f210a83550a8797b8928d33385cfcd5549008ed598eaa384,"{""config"":""erasure_r50"",""d"":9,""p"":0.0031622776601683794,""r_e"":0.5,""rounds"":9}",
       384,         0,         0,    1.98,herald_mwpm,def035a7a990ca5d71f1b8f74b6197af53fb379e1eade6c64244e36918e6c442,"{""config"":""erasure_r50"",""d"":9,""p"":0.001,""r_e"":0.5,""rounds"":9}",
       192,         0,         0,    1.13,herald_mwpm,7b6524c7866d478782a972c380d944a9e1953cb24afdbe82dd77635dcb80af90,"{""config"":""erasure_r50"",""d"":9,""p"":0.0021544346900318843,""r_e"":0.5,""rounds"":9}",
       320,         0,         0,    1.85,herald_mwpm,22a98d4aff8f1dcef6a205effa603f20ef4f9bf3f75f4fdcee70f62942c8b2b2,"{""config"":""erasure_r50"",""d"":9,""p"":0.0014677992676220691,""r_e"":0.5,""rounds"":9}",
        64,         0,         0,   0.393,herald_mwpm,b1a3fb6678ebe027f210a83550a8797b8928d33385cfcd5549008ed598eaa384,"{""config"":""erasure_r50"",""d"":9,""p"":0.0031622776601683794,""r_e"":0.5,""rounds"":9}",
        64,         0,         0,   0.395,herald_mwpm,b1a3fb6678ebe027f210a83550a8797b8928d33385cfcd5549008ed598eaa384,"{""config"":""erasure_r50"",""d"":9,""p"":0.0031622776601683794,""r_e"":0.5,""rounds"":9}",
        64,         0,         0,   0.380,herald_mwpm,b1a3fb6678ebe027f210a83550a8797b8928d33385cfcd5549008ed598eaa384,"{""config"":""erasure_r50"",""d"":9,""p"":0.0031622776601683794,""r_e"":0.5,""rounds"":9}",
       192,         0,         0,    1.16,herald_mwpm,7b6524c7866d478782a972c380d944a9e1953cb24afdbe82dd77635dcb80af90,"{""config"":""erasure_r50"",""d"":9,""p"":0.0021544346900318843,""r_e"":0.5,""rounds"":9}",
        64,         0,         0,   0.407,herald_mwpm,b1a3fb6678ebe027f210a83550a8797b8928d33385cfcd5549008ed598eaa384,"{""config"":""erasure_r50"",""d"":9,""p"":0.0031622776601683794,""r_e"":0.5,""rounds"":9}",
        64,         0,         0,   0.426,herald_mwpm,b1a3fb6678ebe027f210a83550a8797b8928d33385cfcd5549008ed598eaa384,"{""config"":""erasure_r50"",""d"":9,""p"":0.0031622776601683794,""r_e"":0.5,""rounds"":9}",
        64,         0,         0,   0.415,herald_mwpm,b1a3fb6678ebe027f210a83550a8797b8928d33385cfcd5549008ed598eaa384,"{""config"":""erasure_r50"",""d"":9,""p"":0.0031622776601683794,""r_e"":0.5,""rounds"":9}",
       512,         0,         0,    2.48,herald_mwpm,def035a7a990ca5d71f1b8f74b6197af53fb379e1eade6c64244e36918e6c442,"{""config"":""erasure_r50"",""d"":9,""p"":0.001,""r_e"":0.5,""rounds"":9}",
       448,         0,         0,    2.53,herald_mwpm,22a98d4aff8f1dcef6a205effa603f20ef4f9bf3f75f4fdcee70f62942c8b2b2,"{""config"":""erasure_r50"",""d"":9,""p"":0.0014677992676220691,""r_e"":0.5,""rounds"":9}",
       128,         0,         0,   0.782,herald_mwpm,b1a3fb6678ebe027f210a83550a8797b8928d33385cfcd5549008ed598eaa384,"{""config"":""erasure_r50"",""d"":9,""p"":0.0031622776601683794,""r_e"":0.5,""rounds"":9}",
       320,         0,         0,    1.90,herald_mwpm,7b6524c7866d478782a972c380d944a9e1953cb24afdbe82dd77635dcb80af90,"{""config"":""erasure_r50"",""d"":9,""p"":0.0021544346900318843,""r_e"":0.5,""rounds"":9}",
     25088,        20,         0,    63.5,herald_mwpm,5f8568f78b6d09b9bcd7b720671ac3b9fa7f5b3211acb9b23da64558f25aa4fe,"{""config"":""erasure_r50"",""d"":7,""p"":0.004641588833612777,""r_e"":0.5,""rounds"":7}",
       192,         0,         0,    1.20,herald_mwpm,b1a3fb6678ebe027f210a83550a8797b8928d33385cfcd5549008ed598eaa384,"{""config"":""erasure_r50"",""d"":9,""p"":0.0031622776601683794,""r_e"":0.5,""rounds"":9}",
       384,         0,         0,    2.27,herald_mwpm,7b6524c7866d478782a972c380d944a9e1953cb24afdbe82dd77635dcb80af90,"{""config"":""erasure_r50"",""d"":9,""p"":0.0021544346900318843,""r_e"":0.5,""rounds"":9}",
       192,         0,         0,    1.12,herald_mwpm,b1a3fb6678ebe027f210a83550a8797b8928d33385cfcd5549008ed598eaa384,"{""config"":""erasure_r50"",""d"":9,""p"":0.0031622776601683794,""r_e"":0.5,""rounds"":9}",
       640,         0,         0,    3.09,herald_mwpm,def035a7a990ca5d71f1b8f74b6197af53fb379e1eade6c64244e36918e6c442,"{""config"":""erasure_r50"",""d"":9,""p"":0.001,""r_e"":0.5,""rounds"":9}",
       576,         0,         0,    3.31,herald_mwpm,22a98d4aff8f1dcef6a205effa603f20ef4f9bf3f75f4fdcee70f62942c8b2b2,"{""config"":""erasure_r50"",""d"":9,""p"":0.0014677992676220691,""r_e"":0.5,""rounds"":9}",
     26368,         6,         0,    63.1,herald_mwpm,5f5f9d2cdf515e035c16547dc735d3a8c47a2004a5ec89b59688cc2c57ff142b,"{""config"":""erasure_r50"",""d"":7,""p"":0.0031622776601683794,""r_e"":0.5,""rounds"":7}",
       256,         0,         0,    1.64,herald_mwpm,b1a3fb6678ebe027f210a83550a8797b8928d33385cfcd5549008ed598eaa384,"{""config"":""erasure_r50"",""d"":9,""p"":0.0031622776601683794,""r_e"":0.5,""rounds"":9}",
       576,         0,         0,    3.40,herald_mwpm,7b6524c7866d478782a972c380d944a9e1953cb24afdbe82dd77635dcb80af90,"{""config"":""erasure_r50"",""d"":9,""p"":0.0021544346900318843,""r_e"":0.5,""rounds"":9}",
       384,         0,         0,    2.35,herald_mwpm,b1a3fb6678ebe027f210a83550a8797b8928d33385cfcd5549008ed598eaa384,"{""config"":""erasure_r50"",""d"":9,""p"":0.0031622776601683794,""r_e"":0.5,""rounds"":9}",
       896,         0,         0,    4.38,herald_mwpm,def035a7a990ca5d71f1b8f74b6197af53fb379e1eade6c64244e36918e6c442,"{""config"":""erasure_r50"",""d"":9,""p"":0.001,""r_e"":0.5,""rounds"":9}",
       768,         0,         0,    4.44,herald_mwpm,22a98d4aff8f1dcef6a205effa603f20ef4f9bf3f75f4fdcee70f62942c8b2b2,"{""config"":""erasure_r50"",""d"":9,""p"":0.0014677992676220691,""r_e"":0.5,""rounds"":9}",
       512,         0,         0,    3.12,herald_mwpm,b1a3fb6678ebe027f210a83550a8797b8928d33385cfcd5549008ed598eaa384,"{""config"":""erasure_r50"",""d"":9,""p"":0.0031622776601683794,""r_e"":0.5,""rounds"":9}",
       768,         0,         0,    4.63,herald_mwpm,7b6524c7866d478782a972c380d944a9e1953cb24afdbe82dd77635dcb80af90,"{""config"":""erasure_r50"",""d"":9,""p"":0.0021544346900318843,""r_e"":0.5,""rounds"":9}",
      1280,         0,         0,    6.35,herald_mwpm,def035a7a990ca5d71f1b8f74b6197af53fb379e1eade6c64244e36918e6c442,"{""config"":""erasure_r50"",""d"":9,""p"":0.001,""r_e"":0.5,""rounds"":9}",
      1088,         0,         0,    6.07,herald_mwpm,22a98d4aff8f1dcef6a205effa603f20ef4f9bf3f75f4fdcee70f62942c8b2b2,"{""config"":""erasure_r50"",""d"":9,""p"":0.0014677992676220691,""r_e"":0.5,""rounds"":9}",
       704,         0,         0,    4.33,herald_mwpm,b1a3fb6678ebe027f210a83550a8797b8928d33385cfcd5549008ed598eaa384,"{""config"":""erasure_r50"",""d"":9,""p"":0.0031622776601683794,""r_e"":0.5,""rounds"":9}",
     24064,       130,         0,    63.4,herald_mwpm,cf2a328b656f0161283f34fea423c0619c1a050e5ace6b305b22b8ae0bcfb888,"{""config"":""erasure_r50"",""d"":7,""p"":0.006812920690579608,""r_e"":0.5,""rounds"":7}",
      1024,         0,         0,    6.12,herald_mwpm,7b6524c7866d478782a972c380d944a9e1953cb24afdbe82dd77635dcb80af90,"{""config"":""erasure_r50"",""d"":9,""p"":0.0021544346900318843,""r_e"":0.5,""rounds"":9}",
      1024,         0,         0,    6.34,herald_mwpm,b1a3fb6678ebe027f210a83550a8797b8928d33385cfcd5549008ed598eaa384,"{""config"":""erasure_r50"",""d"":9,""p"":0.0031622776601683794,""r_e"":0.5,""rounds"":9}",
      6799,         2,         0,    17.0,herald_mwpm,5f5f9d2cdf515e035c16547dc735d3a8c47a2004a5ec89b59688cc2c57ff142b,"{""config"":""erasure_r50"",""d"":7,""p"":0.0031622776601683794,""r_e"":0.5,""rounds"":7}",
       273,         0,         0,   0.020,blind_mwpm,87f2fc535276a2092f15fbb1bdc1e90cde89cc67eb924c754fb71ffbb65a0e0b,"{""config"":""erasure_r50"",""d"":9,""p"":0.0031622776601683794,""r_e"":0.5,""rounds"":9}",
      1024,         1,         0,   0.032,blind_mwpm,87f2fc535276a2092f15fbb1bdc1e90cde89cc67eb924c754fb71ffbb65a0e0b,"{""config"":""erasure_r50"",""d"":9,""p"":0.0031622776601683794,""r_e"":0.5,""rounds"":9}",
      1024,         0,         0,   0.028,blind_mwpm,87f2fc535276a2092f15fbb1bdc1e90cde89cc67eb924c754fb71ffbb65a0e0b,"{""config"":""erasure_r50"",""d"":9,""p"":0.0031622776601683794,""r_e"":0.5,""rounds"":9}",
      2048,         0,         0,   0.056,blind_mwpm,87f2fc535276a2092f15fbb1bdc1e90cde89cc67eb924c754fb71ffbb65a0e0b,"{""config"":""erasure_r50"",""d"":9,""p"":0.0031622776601683794,""r_e"":0.5,""rounds"":9}",
      2048,         0,         0,   0.068,blind_mwpm,87f2fc535276a2092f15fbb1bdc1e90cde89cc67eb924c754fb71ffbb65a0e0b,"{""config"":""erasure_r50"",""d"":9,""p"":0.0031622776601683794,""r_e"":0.5,""rounds"":9}",
      2048,         0,         0,   0.061,blind_mwpm,87f2fc535276a2092f15fbb1bdc1e90cde89cc67eb924c754fb71ffbb65a0e0b,"{""config"":""erasure_r50"",""d"":9,""p"":0.0031622776601683794,""r_e"":0.5,""rounds"":9}",
      3072,         0,         0,   0.088,blind_mwpm,87f2fc535276a2092f15fbb1bdc1e90cde89cc67eb924c754fb71ffbb65a0e0b,"{""config"":""erasure_r50"",""d"":9,""p"":0.0031622776601683794,""r_e"":0.5,""rounds"":9}",
      4096,         1,         0,   0.128,blind_mwpm,87f2fc535276a2092f15fbb1bdc1e90cde89cc67eb924c754fb71ffbb65a0e0b,"{""config"":""erasure_r50"",""d"":9,""p"":0.0031622776601683794,""r_e"":0.5,""rounds"":9}",
      1472,         0,         0,    8.45,herald_mwpm,22a98d4aff8f1dcef6a205effa603f20ef4f9bf3f75f4fdcee70f62942c8b2b2,"{""config"":""erasure_r50"",""d"":9,""p"":0.0014677992676220691,""r_e"":0.5,""rounds"":9}",
      5120,         5,         0,   0.160,blind_mwpm,87f2fc535276a2092f15fbb1bdc1e90cde89cc67eb924c754fb71ffbb65a0e0b,"{""config"":""erasure_r50"",""d"":9,""p"":0.0031622776601683794,""r_e"":0.5,""rounds"":9}",
      1664,         0,         0,    8.77,herald_mwpm,def035a7a990ca5d71f1b8f74b6197af53fb379e1eade6c64244e36918e6c442,"{""config"":""erasure_r50"",""d"":9,""p"":0.001,""r_e"":0.5,""rounds"":9}",
      7168,         1,         0,   0.228,blind_mwpm,87f2fc535276a2092f15fbb1bdc1e90cde89cc67eb924c754fb71ffbb65a0e0b,"{""config"":""erasure_r50"",""d"":9,""p"":0.0031622776601683794,""r_e"":0.5,""rounds"":9}",
      9216,         1,         0,   0.292,blind_mwpm,87f2fc535276a2092f15fbb1bdc1e90cde89cc67eb924c754fb71ffbb65a0e0b,"{""config"":""erasure_r50"",""d"":9,""p"":0.0031622776601683794,""r_e"":0.5,""rounds"":9}",
     13312,         1,         0,   0.407,blind_mwpm,87f2fc535276a2092f15fbb1bdc1e90cde89cc67eb924c754fb71ffbb65a0e0b,"{""config"":""erasure_r50"",""d"":9,""p"":0.0031622776601683794,""r_e"":0.5,""rounds"":9}",
     18432,         6,         0,   0.584,blind_mwpm,87f2fc535276a2092f15fbb1bdc1e90cde89cc67eb924c754fb71ffbb65a0e0b,"{""config"":""erasure_r50"",""d"":9,""p"":0.0031622776601683794,""r_e"":0.5,""rounds"":9}",
     25600,         6,         0,   0.796,blind_mwpm,87f2fc535276a2092f15fbb1bdc1e90cde89cc67eb924c754fb71ffbb65a0e0b,"{""config"":""erasure_r50"",""d"":9,""p"":0.0031622776601683794,""r_e"":0.5,""rounds"":9}",
      5519,         3,         0,   0.182,blind_mwpm,87f2fc535276a2092f15fbb1bdc1e90cde89cc67eb924c754fb71ffbb65a0e0b,"{""config"":""erasure_r50"",""d"":9,""p"":0.0031622776601683794,""r_e"":0.5,""rounds"":9}",
      1408,         0,         0,    8.41,herald_mwpm,7b6524c7866d478782a972c380d944a9e1953cb24afdbe82dd77635dcb80af90,"{""config"":""erasure_r50"",""d"":9,""p"":0.0021544346900318843,""r_e"":0.5,""rounds"":9}",
         1,         0,         0,   0.010,herald_mwpm,8f8dfb8e025a3305f62c31ab52de84aa30cc1eb285d33fe9768f7468e0e261f2,"{""config"":""erasure_r50"",""d"":9,""p"":0.004641588833612777,""r_e"":0.5,""rounds"":9}",
        16,         0,         0,   0.098,herald_mwpm,8f8dfb8e025a3305f62c31ab52de84aa30cc1eb285d33fe9768f7468e0e261f2,"{""config"":""erasure_r50"",""d"":9,""p"":0.004641588833612777,""r_e"":0.5,""rounds"":9}",
        64,         0,         0,   0.408,herald_mwpm,8f8dfb8e025a3305f62c31ab52de84aa30cc1eb285d33fe9768f7468e0e261f2,"{""config"":""erasure_r50"",""d"":9,""p"":0.004641588833612777,""r_e"":0.5,""rounds"":9}",
        64,         0,         0,   0.412,herald_mwpm,8f8dfb8e025a3305f62c31ab52de84aa30cc1eb285d33fe9768f7468e0e261f2,"{""config"":""erasure_r50"",""d"":9,""p"":0.004641588833612777,""r_e"":0.5,""rounds"":9}",
        64,         0,         0,   0.434,herald_mwpm,8f8dfb8e025a3305f62c31ab52de84aa30cc1eb285d33fe9768f7468e0e261f2,"{""config"":""erasure_r50"",""d"":9,""p"":0.004641588833612777,""r_e"":0.5,""rounds"":9}",
        64,         0,         0,   0.442,herald_mwpm,8f8dfb8e025a3305f62c31ab52de84aa30cc1eb285d33fe9768f7468e0e261f2,"{""config"":""erasure_r50"",""d"":9,""p"":0.004641588833612777,""r_e"":0.5,""rounds"":9}",
        64,         0,         0,   0.421,herald_mwpm,8f8dfb8e025a3305f62c31ab52de84aa30cc1eb285d33fe9768f7468e0e261f2,"{""config"":""erasure_r50"",""d"":9,""p"":0.004641588833612777,""r_e"":0.5,""rounds"":9}",
        64,         0,         0,   0.408,herald_mwpm,8f8dfb8e025a3305f62c31ab52de84aa30cc1eb285d33fe9768f7468e0e261f2,"{""config"":""erasure_r50"",""d"":9,""p"":0.004641588833612777,""r_e"":0.5,""rounds"":9}",
        64,         0,         0,   0.390,herald_mwpm,8f8dfb8e025a3305f62c31ab52de84aa30cc1eb285d33fe9768f7468e0e261f2,"{""config"":""erasure_r50"",""d"":9,""p"":0.004641588833612777,""r_e"":0.5,""rounds"":9}",
      1344,         0,         0,    8.36,herald_mwpm,b1a3fb6678ebe027f210a83550a8797b8928d33385cfcd5549008ed598eaa384,"{""config"":""erasure_r50"",""d"":9,""p"":0.0031622776601683794,""r_e"":0.5,""rounds"":9}",
        64,         0,         0,   0.390,herald_mwpm,8f8dfb8e025a3305f62c31ab52de84aa30cc1eb285d33fe9768f7468e0e261f2,"{""config"":""erasure_r50"",""d"":9,""p"":0.004641588833612777,""r_e"":0.5,""rounds"":9}",
        64,         0,         0,   0.383,herald_mwpm,8f8dfb8e025a3305f62c31ab52de84aa30cc1eb285d33fe9768f7468e0e261f2,"{""config"":""erasure_r50"",""d"":9,""p"":0.004641588833612777,""r_e"":0.5,""rounds"":9}",
        64,         0,         0,   0.406,herald_mwpm,8f8dfb8e025a3305f62c31ab52de84aa30cc1eb285d33fe9768f7468e0e261f2,"{""config"":""erasure_r50"",""d"":9,""p"":0.004641588833612777,""r_e"":0.5,""rounds"":9}",
       128,         0,         0,   0.779,herald_mwpm,8f8dfb8e025a3305f62c31ab52de84aa30cc1eb285d33fe9768f7468e0e261f2,"{""config"":""erasure_r50"",""d"":9,""p"":0.004641588833612777,""r_e"":0.5,""rounds"":9}",
       128,         0,         0,   0.809,herald_mwpm,8f8dfb8e025a3305f62c31ab52de84aa30cc1eb285d33fe9768f7468e0e261f2,"{""config"":""erasure_r50"",""d"":9,""p"":0.004641588833612777,""r_e"":0.5,""rounds"":9}",
       192,         0,         0,    1.22,herald_mwpm,8f8dfb8e025a3305f62c31ab52de84aa30cc1eb285d33fe9768f7468e0e261f2,"{""config"":""erasure_r50"",""d"":9,""p"":0.004641588833612777,""r_e"":0.5,""rounds"":9}",
      2048,         0,         0,    11.8,herald_mwpm,22a98d4aff8f1dcef6a205effa603f20ef4f9bf3f75f4fdcee70f62942c8b2b2,"{""config"":""erasure_r50"",""d"":9,""p"":0.0014677992676220691,""r_e"":0.5,""rounds"":9}",
       256,         0,         0,    1.64,herald_mwpm,8f8dfb8e025a3305f62c31ab52de84aa30cc1eb285d33fe9768f7468e0e261f2,"{""config"":""erasure_r50"",""d"":9,""p"":0.004641588833612777,""r_e"":0.5,""rounds"":9}",
      2432,         0,         0,    12.3,herald_mwpm,def035a7a990ca5d71f1b8f74b6197af53fb379e1eade6c64244e36918e6c442,"{""config"":""erasure_r50"",""d"":9,""p"":0.001,""r_e"":0.5,""rounds"":9}",
       384,         0,         0,    2.55,herald_mwpm,8f8dfb8e025a3305f62c31ab52de84aa30cc1eb285d33fe9768f7468e0e261f2,"{""config"":""erasure_r50"",""d"":9,""p"":0.004641588833612777,""r_e"":0.5,""rounds"":9}",
      1920,         0,         0,    11.8,herald_mwpm,7b6524c7866d478782a972c380d944a9e1953cb24afdbe82dd77635dcb80af90,"{""config"":""erasure_r50"",""d"":9,""p"":0.0021544346900318843,""r_e"":0.5,""rounds"":9}",
     14223,        13,         0,    37.7,herald_mwpm,5f8568f78b6d09b9bcd7b720671ac3b9fa7f5b3211acb9b23da64558f25aa4fe,"{""config"":""erasure_r50"",""d"":7,""p"":0.004641588833612777,""r_e"":0.5,""rounds"":7}",
         1,         0,         0,   0.011,blind_mwpm,8de3de7a98461a63d30e8fd8c998ba38ce4084f555cf298deeddf68c3812e9e3,"{""config"":""erasure_r50"",""d"":9,""p"":0.004641588833612777,""r_e"":0.5,""rounds"":9}",
       272,         0,         0,   0.014,blind_mwpm,8de3de7a98461a63d30e8fd8c998ba38ce4084f555cf298deeddf68c3812e9e3,"{""config"":""erasure_r50"",""d"":9,""p"":0.004641588833612777,""r_e"":0.5,""rounds"":9}",
       512,         0,         0,    3.20,herald_mwpm,8f8dfb8e025a3305f62c31ab52de84aa30cc1eb285d33fe9768f7468e0e261f2,"{""config"":""erasure_r50"",""d"":9,""p"":0.004641588833612777,""r_e"":0.5,""rounds"":9}",
      1024,         1,         0,   0.035,blind_mwpm,8de3de7a98461a63d30e8fd8c998ba38ce4084f555cf298deeddf68c3812e9e3,"{""config"":""erasure_r50"",""d"":9,""p"":0.004641588833612777,""r_e"":0.5,""rounds"":9}",
      1024,         1,         0,   0.045,blind_mwpm,8de3de7a98461a63d30e8fd8c998ba38ce4084f555cf298deeddf68c3812e9e3,"{""config"":""erasure_r50"",""d"":9,""p"":0.004641588833612777,""r_e"":0.5,""rounds"":9}",
      2048,         5,         0,   0.074,blind_mwpm,8de3de7a98461a63d30e8fd8c998ba38ce4084f555cf298deeddf68c3812e9e3,"{""config"":""erasure_r50"",""d"":9,""p"":0.004641588833612777,""r_e"":0.5,""rounds"":9}",
      2048,         2,         0,   0.066,blind_mwpm,8de3de7a98461a63d30e8fd8c998ba38ce4084f555cf298deeddf68c3812e9e3,"{""config"":""erasure_r50"",""d"":9,""p"":0.004641588833612777,""r_e"":0.5,""rounds"":9}",
      2048,         3,         0,   0.075,blind_mwpm,8de3de7a98461a63d30e8fd8c998ba38ce4084f555cf298deeddf68c3812e9e3,"{""config"":""erasure_r50"",""d"":9,""p"":0.004641588833612777,""r_e"":0.5,""rounds"":9}",
      3072,         3,         0,   0.121,blind_mwpm,8de3de7a98461a63d30e8fd8c998ba38ce4084f555cf298deeddf68c3812e9e3,"{""config"":""erasure_r50"",""d"":9,""p"":0.004641588833612777,""r_e"":0.5,""rounds"":9}",
      4096,         6,         0,   0.148,blind_mwpm,8de3de7a98461a63d30e8fd8c998ba38ce4084f555cf298deeddf68c3812e9e3,"{""config"":""erasure_r50"",""d"":9,""p"":0.004641588833612777,""r_e"":0.5,""rounds"":9}",
      6144,        12,         0,   0.228,blind_mwpm,8de3de7a98461a63d30e8fd8c998ba38ce4084f555cf298deeddf68c3812e9e3,"{""config"":""erasure_r50"",""d"":9,""p"":0.004641588833612777,""r_e"":0.5,""rounds"":9}",
      1920,         0,         0,    11.9,herald_mwpm,b1a3fb6678ebe027f210a83550a8797b8928d33385cfcd5549008ed598eaa384,"{""config"":""erasure_r50"",""d"":9,""p"":0.0031622776601683794,""r_e"":0.5,""rounds"":9}",
      8192,        14,         0,   0.305,blind_mwpm,8de3de7a98461a63d30e8fd8c998ba38ce4084f555cf298deeddf68c3812e9e3,"{""config"":""erasure_r50"",""d"":9,""p"":0.004641588833612777,""r_e"":0.5,""rounds"":9}",
     11264,        16,         0,   0.437,blind_mwpm,8de3de7a98461a63d30e8fd8c998ba38ce4084f555cf298deeddf68c3812e9e3,"{""config"":""erasure_r50"",""d"":9,""p"":0.004641588833612777,""r_e"":0.5,""rounds"":9}",
     15360,        26,         0,   0.568,blind_mwpm,8de3de7a98461a63d30e8fd8c998ba38ce4084f555cf298deeddf68c3812e9e3,"{""config"":""erasure_r50"",""d"":9,""p"":0.004641588833612777,""r_e"":0.5,""rounds"":9}",
     20480,        25,         0,   0.793,blind_mwpm,8de3de7a98461a63d30e8fd8c998ba38ce4084f555cf298deeddf68c3812e9e3,"{""config"":""erasure_r50"",""d"":9,""p"":0.004641588833612777,""r_e"":0.5,""rounds"":9}",
     22927,        32,         0,   0.840,blind_mwpm,8de3de7a98461a63d30e8fd8c998ba38ce4084f555cf298deeddf68c3812e9e3,"{""config"":""erasure_r50"",""d"":9,""p"":0.004641588833612777,""r_e"":0.5,""rounds"":9}",
       704,         0,         0,    4.31,herald_mwpm,8f8dfb8e025a3305f62c31ab52de84aa30cc1eb285d33fe9768f7468e0e261f2,"{""config"":""erasure_r50"",""d"":9,""p"":0.004641588833612777,""r_e"":0.5,""rounds"":9}",
         1,         0,         0,   0.011,herald_mwpm,b0c7388c3d2aae855158613ca5f094677d235e5ab0e5c290c8fe46d926ac9d91,"{""config"":""erasure_r50"",""d"":9,""p"":0.006812920690579608,""r_e"":0.5,""rounds"":9}",
        16,         0,         0,   0.104,herald_mwpm,b0c7388c3d2aae855158613ca5f094677d235e5ab0e5c290c8fe46d926ac9d91,"{""config"":""erasure_r50"",""d"":9,""p"":0.006812920690579608,""r_e"":0.5,""rounds"":9}",
        64,         1,         0,   0.385,herald_mwpm,b0c7388c3d2aae855158613ca5f094677d235e5ab0e5c290c8fe46d926ac9d91,"{""config"":""erasure_r50"",""d"":9,""p"":0.006812920690579608,""r_e"":0.5,""rounds"":9}",
        64,         0,         0,   0.369,herald_mwpm,b0c7388c3d2aae855158613ca5f094677d235e5ab0e5c290c8fe46d926ac9d91,"{""config"":""erasure_r50"",""d"":9,""p"":0.006812920690579608,""r_e"":0.5,""rounds"":9}",
        64,         0,         0,   0.390,herald_mwpm,b0c7388c3d2aae855158613ca5f094677d235e5ab0e5c290c8fe46d926ac9d91,"{""config"":""erasure_r50"",""d"":9,""p"":0.006812920690579608,""r_e"":0.5,""rounds"":9}",
        64,         0,         0,   0.384,herald_mwpm,b0c7388c3d2aae855158613ca5f094677d235e5ab0e5c290c8fe46d926ac9d91,"{""config"":""erasure_r50"",""d"":9,""p"":0.006812920690579608,""r_e"":0.5,""rounds"":9}",
        64,         0,         0,   0.390,herald_mwpm,b0c7388c3d2aae855158613ca5f094677d235e5ab0e5c290c8fe46d926ac9d91,"{""config"":""erasure_r50"",""d"":9,""p"":0.006812920690579608,""r_e"":0.5,""rounds"":9}",
        64,         1,         0,   0.389,herald_mwpm,b0c7388c3d2aae855158613ca5f094677d235e5ab0e5c290c8fe46d926ac9d91,"{""config"":""erasure_r50"",""d"":9,""p"":0.006812920690579608,""r_e"":0.5,""rounds"":9}",
        64,         0,         0,   0.398,herald_mwpm,b0c7388c3d2aae855158613ca5f094677d235e5ab0e5c290c8fe46d926ac9d91,"{""config"":""erasure_r50"",""d"":9,""p"":0.006812920690579608,""r_e"":0.5,""rounds"":9}",
        64,         0,         0,   0.398,herald_mwpm,b0c7388c3d2aae855158613ca5f094677d235e5ab0e5c290c8fe46d926ac9d91,"{""config"":""erasure_r50"",""d"":9,""p"":0.006812920690579608,""r_e"":0.5,""rounds"":9}",
        64,         0,         0,   0.403,herald_mwpm,b0c7388c3d2aae855158613ca5f094677d235e5ab0e5c290c8fe46d926ac9d91,"{""config"":""erasure_r50"",""d"":9,""p"":0.006812920690579608,""r_e"":0.5,""rounds"":9}",
        64,         0,         0,   0.451,herald_mwpm,b0c7388c3d2aae855158613ca5f094677d235e5ab0e5c290c8fe46d926ac9d91,"{""config"":""erasure_r50"",""d"":9,""p"":0.006812920690579608,""r_e"":0.5,""rounds"":9}",
       128,         0,         0,   0.781,herald_mwpm,b0c7388c3d2aae855158613ca5f094677d235e5ab0e5c290c8fe46d926ac9d91,"{""config"":""erasure_r50"",""d"":9,""p"":0.006812920690579608,""r_e"":0.5,""rounds"":9}",
       192,         0,         0,    1.19,herald_mwpm,b0c7388c3d2aae855158613ca5f094677d235e5ab0e5c290c8fe46d926ac9d91,"{""config"":""erasure_r50"",""d"":9,""p"":0.006812920690579608,""r_e"":0.5,""rounds"":9}",
      1024,         0,         0,    6.34,herald_mwpm,8f8dfb8e025a3305f62c31ab52de84aa30cc1eb285d33fe9768f7468e0e261f2,"{""config"":""erasure_r50"",""d"":9,""p"":0.004641588833612777,""r_e"":0.5,""rounds"":9}",
      2944,         0,         0,    16.6,herald_mwpm,22a98d4aff8f1dcef6a205effa603f20ef4f9bf3f75f4fdcee70f62942c8b2b2,"{""config"":""erasure_r50"",""d"":9,""p"":0.0014677992676220691,""r_e"":0.5,""rounds"":9}",
      3328,         0,         0,    16.8,herald_mwpm,def035a7a990ca5d71f1b8f74b6197af53fb379e1eade6c64244e36918e6c442,"{""config"":""erasure_r50"",""d"":9,""p"":0.001,""r_e"":0.5,""rounds"":9}",
       192,         0,         0,    1.18,herald_mwpm,b0c7388c3d2aae855158613ca5f094677d235e5ab0e5c290c8fe46d926ac9d91,"{""config"":""erasure_r50"",""d"":9,""p"":0.006812920690579608,""r_e"":0.5,""rounds"":9}",
       256,         0,         0,    1.63,herald_mwpm,b0c7388c3d2aae855158613ca5f094677d235e5ab0e5c290c8fe46d926ac9d91,"{""config"":""erasure_r50"",""d"":9,""p"":0.006812920690579608,""r_e"":0.5,""rounds"":9}",
      2752,         0,         0,    16.5,herald_mwpm,7b6524c7866d478782a972c380d944a9e1953cb24afdbe82dd77635dcb80af90,"{""config"":""erasure_r50"",""d"":9,""p"":0.0021544346900318843,""r_e"":0.5,""rounds"":9}",
       384,         0,         0,    2.48,herald_mwpm,b0c7388c3d2aae855158613ca5f094677d235e5ab0e5c290c8fe46d926ac9d91,"{""config"":""erasure_r50"",""d"":9,""p"":0.006812920690579608,""r_e"":0.5,""rounds"":9}",
      2688,         0,         0,    16.7,herald_mwpm,b1a3fb6678ebe027f210a83550a8797b8928d33385cfcd5549008ed598eaa384,"{""config"":""erasure_r50"",""d"":9,""p"":0.0031622776601683794,""r_e"":0.5,""rounds"":9}",
       512,         0,         0,    3.29,herald_mwpm,b0c7388c3d2aae855158613ca5f094677d235e5ab0e5c290c8fe46d926ac9d91,"{""config"":""erasure_r50"",""d"":9,""p"":0.006812920690579608,""r_e"":0.5,""rounds"":9}",
      1344,         0,         0,    8.48,herald_mwpm,8f8dfb8e025a3305f62c31ab52de84aa30cc1eb285d33fe9768f7468e0e261f2,"{""config"":""erasure_r50"",""d"":9,""p"":0.004641588833612777,""r_e"":0.5,""rounds"":9}",
     16271,        80,         0,    44.7,herald_mwpm,cf2a328b656f0161283f34fea423c0619c1a050e5ace6b305b22b8ae0bcfb888,"{""config"":""erasure_r50"",""d"":7,""p"":0.006812920690579608,""r_e"":0.5,""rounds"":7}",
         1,         0,         0,   0.013,blind_mwpm,ef96abf3d4d2e6108fc678bc5b4eef96c51b5c28014beeda5aacdda08d2acaa7,"{""config"":""erasure_r50"",""d"":9,""p"":0.006812920690579608,""r_e"":0.5,""rounds"":9}",
       272,         0,         0,   0.020,blind_mwpm,ef96abf3d4d2e6108fc678bc5b4eef96c51b5c28014beeda5aacdda08d2acaa7,"{""config"":""erasure_r50"",""d"":9,""p"":0.006812920690579608,""r_e"":0.5,""rounds"":9}",
      1024,        11,         0,   0.065,blind_mwpm,ef96abf3d4d2e6108fc678bc5b4eef96c51b5c28014beeda5aacdda08d2acaa7,"{""config"":""erasure_r50"",""d"":9,""p"":0.006812920690579608,""r_e"":0.5,""rounds"":9}",
      1024,        11,         0,   0.058,blind_mwpm,ef96abf3d4d2e6108fc678bc5b4eef96c51b5c28014beeda5aacdda08d2acaa7,"{""config"":""erasure_r50"",""d"":9,""p"":0.006812920690579608,""r_e"":0.5,""rounds"":9}",
      1024,         9,         0,   0.040,blind_mwpm,ef96abf3d4d2e6108fc678bc5b4eef96c51b5c28014beeda5aacdda08d2acaa7,"{""config"":""erasure_r50"",""d"":9,""p"":0.006812920690579608,""r_e"":0.5,""rounds"":9}",
      1024,         8,         0,   0.058,blind_mwpm,ef96abf3d4d2e6108fc678bc5b4eef96c51b5c28014beeda5aacdda08d2acaa7,"{""config"":""erasure_r50"",""d"":9,""p"":0.006812920690579608,""r_e"":0.5,""rounds"":9}",
      2048,        16,         0,   0.096,blind_mwpm,ef96abf3d4d2e6108fc678bc5b4eef96c51b5c28014beeda5aacdda08d2acaa7,"{""config"":""erasure_r50"",""d"":9,""p"":0.006812920690579608,""r_e"":0.5,""rounds"":9}",
      3072,        21,         0,   0.149,blind_mwpm,ef96abf3d4d2e6108fc678bc5b4eef96c51b5c28014beeda5aacdda08d2acaa7,"{""config"":""erasure_r50"",""d"":9,""p"":0.006812920690579608,""r_e"":0.5,""rounds"":9}",
      3072,        22,         0,   0.169,blind_mwpm,ef96abf3d4d2e6108fc678bc5b4eef96c51b5c28014beeda5aacdda08d2acaa7,"{""config"":""erasure_r50"",""d"":9,""p"":0.006812920690579608,""r_e"":0.5,""rounds"":9}",
      4096,        40,         0,   0.213,blind_mwpm,ef96abf3d4d2e6108fc678bc5b4eef96c51b5c28014beeda5aacdda08d2acaa7,"{""config"":""erasure_r50"",""d"":9,""p"":0.006812920690579608,""r_e"":0.5,""rounds"":9}",
      6144,        54,         0,   0.318,blind_mwpm,ef96abf3d4d2e6108fc678bc5b4eef96c51b5c28014beeda5aacdda08d2acaa7,"{""config"":""erasure_r50"",""d"":9,""p"":0.006812920690579608,""r_e"":0.5,""rounds"":9}",
       704,         3,         0,    4.62,herald_mwpm,b0c7388c3d2aae855158613ca5f094677d235e5ab0e5c290c8fe46d926ac9d91,"{""config"":""erasure_r50"",""d"":9,""p"":0.006812920690579608,""r_e"":0.5,""rounds"":9}",
      8192,        71,         0,   0.437,blind_mwpm,ef96abf3d4d2e6108fc678bc5b4eef96c51b5c28014beeda5aacdda08d2acaa7,"{""config"":""erasure_r50"",""d"":9,""p"":0.006812920690579608,""r_e"":0.5,""rounds"":9}",
     11264,       108,         0,   0.603,blind_mwpm,ef96abf3d4d2e6108fc678bc5b4eef96c51b5c28014beeda5aacdda08d2acaa7,"{""config"":""erasure_r50"",""d"":9,""p"":0.006812920690579608,""r_e"":0.5,""rounds"":9}",
     16384,       156,         0,   0.810,blind_mwpm,ef96abf3d4d2e6108fc678bc5b4eef96c51b5c28014beeda5aacdda08d2acaa7,"{""config"":""erasure_r50"",""d"":9,""p"":0.006812920690579608,""r_e"":0.5,""rounds"":9}",
     22528,       225,         0,    1.15,blind_mwpm,ef96abf3d4d2e6108fc678bc5b4eef96c51b5c28014beeda5aacdda08d2acaa7,"{""config"":""erasure_r50"",""d"":9,""p"":0.006812920690579608,""r_e"":0.5,""rounds"":9}",
     18831,       179,         0,   0.974,blind_mwpm,ef96abf3d4d2e6108fc678bc5b4eef96c51b5c28014beeda5aacdda08d2acaa7,"{""config"":""erasure_r50"",""d"":9,""p"":0.006812920690579608,""r_e"":0.5,""rounds"":9}",
        17,         1,         0,   0.098,herald_mwpm,08b671eb0df295d5c46bcd3407afd7254d064f13d62a001b5360a8356cc35df5,"{""config"":""erasure_r50"",""d"":9,""p"":0.01,""r_e"":0.5,""rounds"":9}",
        64,         0,         0,   0.422,herald_mwpm,08b671eb0df295d5c46bcd3407afd7254d064f13d62a001b5360a8356cc35df5,"{""config"":""erasure_r50"",""d"":9,""p"":0.01,""r_e"":0.5,""rounds"":9}",
        64,         0,         0,   0.423,herald_mwpm,08b671eb0df295d5c46bcd3407afd7254d064f13d62a001b5360a8356cc35df5,"{""config"":""erasure_r50"",""d"":9,""p"":0.01,""r_e"":0.5,""rounds"":9}",
        64,         0,         0,   0.426,herald_mwpm,08b671eb0df295d5c46bcd3407afd7254d064f13d62a001b5360a8356cc35df5,"{""config"":""erasure_r50"",""d"":9,""p"":0.01,""r_e"":0.5,""rounds"":9}",
       960,         3,         0,    6.27,herald_mwpm,b0c7388c3d2aae855158613ca5f094677d235e5ab0e5c290c8fe46d926ac9d91,"{""config"":""erasure_r50"",""d"":9,""p"":0.006812920690579608,""r_e"":0.5,""rounds"":9}",
        64,         2,         0,   0.442,herald_mwpm,08b671eb0df295d5c46bcd3407afd7254d064f13d62a001b5360a8356cc35df5,"{""config"":""erasure_r50"",""d"":9,""p"":0.01,""r_e"":0.5,""rounds"":9}",
        64,         0,         0,   0.421,herald_mwpm,08b671eb0df295d5c46bcd3407afd7254d064f13d62a001b5360a8356cc35df5,"{""config"":""erasure_r50"",""d"":9,""p"":0.01,""r_e"":0.5,""rounds"":9}",
        64,         0,         0,   0.357,herald_mwpm,08b671eb0df295d5c46bcd3407afd7254d064f13d62a001b5360a8356cc35df5,"{""config"":""erasure_r50"",""d"":9,""p"":0.01,""r_e"":0.5,""rounds"":9}",
        64,         0,         0,   0.435,herald_mwpm,08b671eb0df295d5c46bcd3407afd7254d064f13d62a001b5360a8356cc35df5,"{""config"":""erasure_r50"",""d"":9,""p"":0.01,""r_e"":0.5,""rounds"":9}",
      1856,         0,         0,    12.1,herald_mwpm,8f8dfb8e025a3305f62c31ab52de84aa30cc1eb285d33fe9768f7468e0e261f2,"{""config"":""erasure_r50"",""d"":9,""p"":0.004641588833612777,""r_e"":0.5,""rounds"":9}",
        64,         0,         0,   0.393,herald_mwpm,08b671eb0df295d5c46bcd3407afd7254d064f13d62a001b5360a8356cc35df5,"{""config"":""erasure_r50"",""d"":9,""p"":0.01,""r_e"":0.5,""rounds"":9}",
        64,         2,         0,   0.424,herald_mwpm,08b671eb0df295d5c46bcd3407afd7254d064f13d62a001b5360a8356cc35df5,"{""config"":""erasure_r50"",""d"":9,""p"":0.01,""r_e"":0.5,""rounds"":9}",
        64,         1,         0,   0.429,herald_mwpm,08b671eb0df295d5c46bcd3407afd7254d064f13d62a001b5360a8356cc35df5,"{""config"":""erasure_r50"",""d"":9,""p"":0.01,""r_e"":0.5,""rounds"":9}",
        64,         1,         0,   0.439,herald_mwpm,08b671eb0df295d5c46bcd3407afd7254d064f13d62a001b5360a8356cc35df5,"{""config"":""erasure_r50"",""d"":9,""p"":0.01,""r_e"":0.5,""rounds"":9}",
       128,         2,         0,   0.772,herald_mwpm,08b671eb0df295d5c46bcd3407afd7254d064f13d62a001b5360a8356cc35df5,"{""config"":""erasure_r50"",""d"":9,""p"":0.01,""r_e"":0.5,""rounds"":9}",
      4032,         0,         0,    23.5,herald_mwpm,22a98d4aff8f1dcef6a205effa603f20ef4f9bf3f75f4fdcee70f62942c8b2b2,"{""config"":""erasure_r50"",""d"":9,""p"":0.0014677992676220691,""r_e"":0.5,""rounds"":9}",
       128,         0,         0,   0.828,herald_mwpm,08b671eb0df295d5c46bcd3407afd7254d064f13d62a001b5360a8356cc35df5,"{""config"":""erasure_r50"",""d"":9,""p"":0.01,""r_e"":0.5,""rounds"":9}",
      4480,         0,         0,    23.4,herald_mwpm,def035a7a990ca5d71f1b8f74b6197af53fb379e1eade6c64244e36918e6c442,"{""config"":""erasure_r50"",""d"":9,""p"":0.001,""r_e"":0.5,""rounds"":9}",
       192,         2,         0,    1.19,herald_mwpm,08b671eb0df295d5c46bcd3407afd7254d064f13d62a001b5360a8356cc35df5,"{""config"":""erasure_r50"",""d"":9,""p"":0.01,""r_e"":0.5,""rounds"":9}",
      3712,         0,         0,    23.0,herald_mwpm,7b6524c7866d478782a972c380d944a9e1953cb24afdbe82dd77635dcb80af90,"{""config"":""erasure_r50"",""d"":9,""p"":0.0021544346900318843,""r_e"":0.5,""rounds"":9}",
       256,         2,         0,    1.63,herald_mwpm,08b671eb0df295d5c46bcd3407afd7254d064f13d62a001b5360a8356cc35df5,"{""config"":""erasure_r50"",""d"":9,""p"":0.01,""r_e"":0.5,""rounds"":9}",
      1344,         1,         0,    8.57,herald_mwpm,b0c7388c3d2aae855158613ca5f094677d235e5ab0e5c290c8fe46d926ac9d91,"{""config"":""erasure_r50"",""d"":9,""p"":0.006812920690579608,""r_e"":0.5,""rounds"":9}",
       384,        10,         0,    2.49,herald_mwpm,08b671eb0df295d5c46bcd3407afd7254d064f13d62a001b5360a8356cc35df5,"{""config"":""erasure_r50"",""d"":9,""p"":0.01,""r_e"":0.5,""rounds"":9}",
      3648,         0,         0,    23.2,herald_mwpm,b1a3fb6678ebe027f210a83550a8797b8928d33385cfcd5549008ed598eaa384,"{""config"":""erasure_r50"",""d"":9,""p"":0.0031622776601683794,""r_e"":0.5,""rounds"":9}",
       512,         5,         0,    3.29,herald_mwpm,08b671eb0df295d5c46bcd3407afd7254d064f13d62a001b5360a8356cc35df5,"{""config"":""erasure_r50"",""d"":9,""p"":0.01,""r_e"":0.5,""rounds"":9}",
       704,         8,         0,    4.36,herald_mwpm,08b671eb0df295d5c46bcd3407afd7254d064f13d62a001b5360a8356cc35df5,"{""config"":""erasure_r50"",""d"":9,""p"":0.01,""r_e"":0.5,""rounds"":9}",
      2624,         1,         0,    16.7,herald_mwpm,8f8dfb8e025a3305f62c31ab52de84aa30cc1eb285d33fe9768f7468e0e261f2,"{""config"":""erasure_r50"",""d"":9,""p"":0.004641588833612777,""r_e"":0.5,""rounds"":9}",
      1856,         2,         0,    11.8,herald_mwpm,b0c7388c3d2aae855158613ca5f094677d235e5ab0e5c290c8fe46d926ac9d91,"{""config"":""erasure_r50"",""d"":9,""p"":0.006812920690579608,""r_e"":0.5,""rounds"":9}",
       960,        14,         0,    5.99,herald_mwpm,08b671eb0df295d5c46bcd3407afd7254d064f13d62a001b5360a8356cc35df5,"{""config"":""erasure_r50"",""d"":9,""p"":0.01,""r_e"":0.5,""rounds"":9}",
      1344,        10,         0,    8.42,herald_mwpm,08b671eb0df295d5c46bcd3407afd7254d064f13d62a001b5360a8356cc35df5,"{""config"":""erasure_r50"",""d"":9,""p"":0.01,""r_e"":0.5,""rounds"":9}",
      5632,         0,         0,    32.5,herald_mwpm,22a98d4aff8f1dcef6a205effa603f20ef4f9bf3f75f4fdcee70f62942c8b2b2,"{""config"":""erasure_r50"",""d"":9,""p"":0.0014677992676220691,""r_e"":0.5,""rounds"":9}",
      2624,         3,         0,    16.5,herald_mwpm,b0c7388c3d2aae855158613ca5f094677d235e5ab0e5c290c8fe46d926ac9d91,"{""config"":""erasure_r50"",""d"":9,""p"":0.006812920690579608,""r_e"":0.5,""rounds"":9}",
      6400,         0,         0,    32.4,herald_mwpm,def035a7a990ca5d71f1b8f74b6197af53fb379e1eade6c64244e36918e6c442,"{""config"":""erasure_r50"",""d"":9,""p"":0.001,""r_e"":0.5,""rounds"":9}",
      5312,         0,         0,    32.2,herald_mwpm,7b6524c7866d478782a972c380d944a9e1953cb24afdbe82dd77635dcb80af90,"{""config"":""erasure_r50"",""d"":9,""p"":0.0021544346900318843,""r_e"":0.5,""rounds"":9}",
      3712,         2,         0,    23.3,herald_mwpm,8f8dfb8e025a3305f62c31ab52de84aa30cc1eb285d33fe9768f7468e0e261f2,"{""config"":""erasure_r50"",""d"":9,""p"":0.004641588833612777,""r_e"":0.5,""rounds"":9}",
      5184,         0,         0,    32.1,herald_mwpm,b1a3fb6678ebe027f210a83550a8797b8928d33385cfcd5549008ed598eaa384,"{""config"":""erasure_r50"",""d"":9,""p"":0.0031622776601683794,""r_e"":0.5,""rounds"":9}",
      1856,        32,         0,    11.8,herald_mwpm,08b671eb0df295d5c46bcd3407afd7254d064f13d62a001b5360a8356cc35df5,"{""config"":""erasure_r50"",""d"":9,""p"":0.01,""r_e"":0.5,""rounds"":9}",
      3648,         6,         0,    23.3,herald_mwpm,b0c7388c3d2aae855158613ca5f094677d235e5ab0e5c290c8fe46d926ac9d91,"{""config"":""erasure_r50"",""d"":9,""p"":0.006812920690579608,""r_e"":0.5,""rounds"":9}",
      2560,        37,         0,    16.7,herald_mwpm,08b671eb0df295d5c46bcd3407afd7254d064f13d62a001b5360a8356cc35df5,"{""config"":""erasure_r50"",""d"":9,""p"":0.01,""r_e"":0.5,""rounds"":9}",
      4928,         1,         0,    32.4,herald_mwpm,8f8dfb8e025a3305f62c31ab52de84aa30cc1eb285d33fe9768f7468e0e261f2,"{""config"":""erasure_r50"",""d"":9,""p"":0.004641588833612777,""r_e"":0.5,""rounds"":9}",
      7680,         0,         0,    45.5,herald_mwpm,22a98d4aff8f1dcef6a205effa603f20ef4f9bf3f75f4fdcee70f62942c8b2b2,"{""config"":""erasure_r50"",""d"":9,""p"":0.0014677992676220691,""r_e"":0.5,""rounds"":9}",
      8576,         0,         0,    45.5,herald_mwpm,def035a7a990ca5d71f1b8f74b6197af53fb379e1eade6c64244e36918e6c442,"{""config"":""erasure_r50"",""d"":9,""p"":0.001,""r_e"":0.5,""rounds"":9}",
      3520,        45,         0,    23.4,herald_mwpm,08b671eb0df295d5c46bcd3407afd7254d064f13d62a001b5360a8356cc35df5,"{""config"":""erasure_r50"",""d"":9,""p"":0.01,""r_e"":0.5,""rounds"":9}",
      7168,         0,         0,    45.1,herald_mwpm,7b6524c7866d478782a972c380d944a9e1953cb24afdbe82dd77635dcb80af90,"{""config"":""erasure_r50"",""d"":9,""p"":0.0021544346900318843,""r_e"":0.5,""rounds"":9}",
      6848,         0,         0,    45.0,herald_mwpm,b1a3fb6678ebe027f210a83550a8797b8928d33385cfcd5549008ed598eaa384,"{""config"":""erasure_r50"",""d"":9,""p"":0.0031622776601683794,""r_e"":0.5,""rounds"":9}",
      4864,        14,         0,    32.2,herald_mwpm,b0c7388c3d2aae855158613ca5f094677d235e5ab0e5c290c8fe46d926ac9d91,"{""config"":""erasure_r50"",""d"":9,""p"":0.006812920690579608,""r_e"":0.5,""rounds"":9}",
      4544,        57,         0,    32.6,herald_mwpm,08b671eb0df295d5c46bcd3407afd7254d064f13d62a001b5360a8356cc35df5,"{""config"":""erasure_r50"",""d"":9,""p"":0.01,""r_e"":0.5,""rounds"":9}",
      6464,         0,         0,    45.3,herald_mwpm,8f8dfb8e025a3305f62c31ab52de84aa30cc1eb285d33fe9768f7468e0e261f2,"{""config"":""erasure_r50"",""d"":9,""p"":0.004641588833612777,""r_e"":0.5,""rounds"":9}",
      6016,        13,         0,    45.1,herald_mwpm,b0c7388c3d2aae855158613ca5f094677d235e5ab0e5c290c8fe46d926ac9d91,"{""config"":""erasure_r50"",""d"":9,""p"":0.006812920690579608,""r_e"":0.5,""rounds"":9}",
      9344,         0,         0,    63.0,herald_mwpm,22a98d4aff8f1dcef6a205effa603f20ef4f9bf3f75f4fdcee70f62942c8b2b2,"{""config"":""erasure_r50"",""d"":9,""p"":0.0014677992676220691,""r_e"":0.5,""rounds"":9}",
     10496,         0,         0,    63.1,herald_mwpm,def035a7a990ca5d71f1b8f74b6197af53fb379e1eade6c64244e36918e6c442,"{""config"":""erasure_r50"",""d"":9,""p"":0.001,""r_e"":0.5,""rounds"":9}",
      8960,         0,         0,    63.4,herald_mwpm,7b6524c7866d478782a972c380d944a9e1953cb24afdbe82dd77635dcb80af90,"{""config"":""erasure_r50"",""d"":9,""p"":0.0021544346900318843,""r_e"":0.5,""rounds"":9}",
      8576,         0,         0,    63.1,herald_mwpm,b1a3fb6678ebe027f210a83550a8797b8928d33385cfcd5549008ed598eaa384,"{""config"":""erasure_r50"",""d"":9,""p"":0.0031622776601683794,""r_e"":0.5,""rounds"":9}",
      5888,        59,         0,    45.3,herald_mwpm,08b671eb0df295d5c46bcd3407afd7254d064f13d62a001b5360a8356cc35df5,"{""config"":""erasure_r50"",""d"":9,""p"":0.01,""r_e"":0.5,""rounds"":9}",
      8128,         2,         0,    63.4,herald_mwpm,8f8dfb8e025a3305f62c31ab52de84aa30cc1eb285d33fe9768f7468e0e261f2,"{""config"":""erasure_r50"",""d"":9,""p"":0.004641588833612777,""r_e"":0.5,""rounds"":9}",
      7872,        17,         0,    63.5,herald_mwpm,b0c7388c3d2aae855158613ca5f094677d235e5ab0e5c290c8fe46d926ac9d91,"{""config"":""erasure_r50"",""d"":9,""p"":0.006812920690579608,""r_e"":0.5,""rounds"":9}",
      7168,       101,         0,    63.1,herald_mwpm,08b671eb0df295d5c46bcd3407afd7254d064f13d62a001b5360a8356cc35df5,"{""config"":""erasure_r50"",""d"":9,""p"":0.01,""r_e"":0.5,""rounds"":9}",
     11200,         0,         0,    88.4,herald_mwpm,22a98d4aff8f1dcef6a205effa603f20ef4f9bf3f75f4fdcee70f62942c8b2b2,"{""config"":""erasure_r50"",""d"":9,""p"":0.0014677992676220691,""r_e"":0.5,""rounds"":9}",
     12544,         0,         0,    88.3,herald_mwpm,def035a7a990ca5d71f1b8f74b6197af53fb379e1eade6c64244e36918e6c442,"{""config"":""erasure_r50"",""d"":9,""p"":0.001,""r_e"":0.5,""rounds"":9}",
     10624,         0,         0,    88.7,herald_mwpm,7b6524c7866d478782a972c380d944a9e1953cb24afdbe82dd77635dcb80af90,"{""config"":""erasure_r50"",""d"":9,""p"":0.0021544346900318843,""r_e"":0.5,""rounds"":9}",
     10176,         0,         0,    88.6,herald_mwpm,b1a3fb6678ebe027f210a83550a8797b8928d33385cfcd5549008ed598eaa384,"{""config"":""erasure_r50"",""d"":9,""p"":0.0031622776601683794,""r_e"":0.5,""rounds"":9}",
      9088,         0,         0,    88.2,herald_mwpm,8f8dfb8e025a3305f62c31ab52de84aa30cc1eb285d33fe9768f7468e0e261f2,"{""config"":""erasure_r50"",""d"":9,""p"":0.004641588833612777,""r_e"":0.5,""rounds"":9}",
      8768,        13,         0,    88.5,herald_mwpm,b0c7388c3d2aae855158613ca5f094677d235e5ab0e5c290c8fe46d926ac9d91,"{""config"":""erasure_r50"",""d"":9,""p"":0.006812920690579608,""r_e"":0.5,""rounds"":9}",
      8512,       116,         0,    88.4,herald_mwpm,08b671eb0df295d5c46bcd3407afd7254d064f13d62a001b5360a8356cc35df5,"{""config"":""erasure_r50"",""d"":9,""p"":0.01,""r_e"":0.5,""rounds"":9}",
     12800,         0,         0,   120.3,herald_mwpm,22a98d4aff8f1dcef6a205effa603f20ef4f9bf3f75f4fdcee70f62942c8b2b2,"{""config"":""erasure_r50"",""d"":9,""p"":0.0014677992676220691,""r_e"":0.5,""rounds"":9}",
     14400,         0,         0,   120.2,herald_mwpm,def035a7a990ca5d71f1b8f74b6197af53fb379e1eade6c64244e36918e6c442,"{""config"":""erasure_r50"",""d"":9,""p"":0.001,""r_e"":0.5,""rounds"":9}",
     12352,         0,         0,   120.3,herald_mwpm,7b6524c7866d478782a972c380d944a9e1953cb24afdbe82dd77635dcb80af90,"{""config"":""erasure_r50"",""d"":9,""p"":0.0021544346900318843,""r_e"":0.5,""rounds"":9}",
     11904,         0,         0,   120.1,herald_mwpm,b1a3fb6678ebe027f210a83550a8797b8928d33385cfcd5549008ed598eaa384,"{""config"":""erasure_r50"",""d"":9,""p"":0.0031622776601683794,""r_e"":0.5,""rounds"":9}",
     11840,         3,         0,   120.2,herald_mwpm,8f8dfb8e025a3305f62c31ab52de84aa30cc1eb285d33fe9768f7468e0e261f2,"{""config"":""erasure_r50"",""d"":9,""p"":0.004641588833612777,""r_e"":0.5,""rounds"":9}",
     11904,        21,         0,   120.0,herald_mwpm,b0c7388c3d2aae855158613ca5f094677d235e5ab0e5c290c8fe46d926ac9d91,"{""config"":""erasure_r50"",""d"":9,""p"":0.006812920690579608,""r_e"":0.5,""rounds"":9}",
     11776,       164,         0,   120.2,herald_mwpm,08b671eb0df295d5c46bcd3407afd7254d064f13d62a001b5360a8356cc35df5,"{""config"":""erasure_r50"",""d"":9,""p"":0.01,""r_e"":0.5,""rounds"":9}",
     12736,         0,         0,   120.2,herald_mwpm,22a98d4aff8f1dcef6a205effa603f20ef4f9bf3f75f4fdcee70f62942c8b2b2,"{""config"":""erasure_r50"",""d"":9,""p"":0.0014677992676220691,""r_e"":0.5,""rounds"":9}",
     14272,         0,         0,   120.3,herald_mwpm,def035a7a990ca5d71f1b8f74b6197af53fb379e1eade6c64244e36918e6c442,"{""config"":""erasure_r50"",""d"":9,""p"":0.001,""r_e"":0.5,""rounds"":9}",
     12160,         0,         0,   120.2,herald_mwpm,7b6524c7866d478782a972c380d944a9e1953cb24afdbe82dd77635dcb80af90,"{""config"":""erasure_r50"",""d"":9,""p"":0.0021544346900318843,""r_e"":0.5,""rounds"":9}",
     11776,         0,         0,   120.4,herald_mwpm,b1a3fb6678ebe027f210a83550a8797b8928d33385cfcd5549008ed598eaa384,"{""config"":""erasure_r50"",""d"":9,""p"":0.0031622776601683794,""r_e"":0.5,""rounds"":9}",
     11648,         2,         0,   120.4,herald_mwpm,8f8dfb8e025a3305f62c31ab52de84aa30cc1eb285d33fe9768f7468e0e261f2,"{""config"":""erasure_r50"",""d"":9,""p"":0.004641588833612777,""r_e"":0.5,""rounds"":9}",
     11584,        21,         0,   120.0,herald_mwpm,b0c7388c3d2aae855158613ca5f094677d235e5ab0e5c290c8fe46d926ac9d91,"{""config"":""erasure_r50"",""d"":9,""p"":0.006812920690579608,""r_e"":0.5,""rounds"":9}",
     11456,       130,         0,   120.6,herald_mwpm,08b671eb0df295d5c46bcd3407afd7254d064f13d62a001b5360a8356cc35df5,"{""config"":""erasure_r50"",""d"":9,""p"":0.01,""r_e"":0.5,""rounds"":9}",
     12544,         0,         0,   120.4,herald_mwpm,22a98d4aff8f1dcef6a205effa603f20ef4f9bf3f75f4fdcee70f62942c8b2b2,"{""config"":""erasure_r50"",""d"":9,""p"":0.0014677992676220691,""r_e"":0.5,""rounds"":9}",
     14144,         0,         0,   120.3,herald_mwpm,def035a7a990ca5d71f1b8f74b6197af53fb379e1eade6c64244e36918e6c442,"{""config"":""erasure_r50"",""d"":9,""p"":0.001,""r_e"":0.5,""rounds"":9}",
     11904,         0,         0,   120.0,herald_mwpm,7b6524c7866d478782a972c380d944a9e1953cb24afdbe82dd77635dcb80af90,"{""config"":""erasure_r50"",""d"":9,""p"":0.0021544346900318843,""r_e"":0.5,""rounds"":9}",
     11584,         0,         0,   120.2,herald_mwpm,b1a3fb6678ebe027f210a83550a8797b8928d33385cfcd5549008ed598eaa384,"{""config"":""erasure_r50"",""d"":9,""p"":0.0031622776601683794,""r_e"":0.5,""rounds"":9}",
      1615,         0,         0,    13.4,herald_mwpm,def035a7a990ca5d71f1b8f74b6197af53fb379e1eade6c64244e36918e6c442,"{""config"":""erasure_r50"",""d"":9,""p"":0.001,""r_e"":0.5,""rounds"":9}",
         1,         0,         0,   0.016,blind_mwpm,3e0ef7a8852952142617b8cd00d03b826ed5f0b198c7b611ea82017d228ffa10,"{""config"":""erasure_r50"",""d"":9,""p"":0.01,""r_e"":0.5,""rounds"":9}",
       272,        13,         0,   0.035,blind_mwpm,3e0ef7a8852952142617b8cd00d03b826ed5f0b198c7b611ea82017d228ffa10,"{""config"":""erasure_r50"",""d"":9,""p"":0.01,""r_e"":0.5,""rounds"":9}",
      1024,        56,         0,   0.125,blind_mwpm,3e0ef7a8852952142617b8cd00d03b826ed5f0b198c7b611ea82017d228ffa10,"{""config"":""erasure_r50"",""d"":9,""p"":0.01,""r_e"":0.5,""rounds"":9}",
      1024,        44,         0,   0.118,blind_mwpm,3e0ef7a8852952142617b8cd00d03b826ed5f0b198c7b611ea82017d228ffa10,"{""config"":""erasure_r50"",""d"":9,""p"":0.01,""r_e"":0.5,""rounds"":9}",
      1024,        54,         0,   0.115,blind_mwpm,3e0ef7a8852952142617b8cd00d03b826ed5f0b198c7b611ea82017d228ffa10,"{""config"":""erasure_r50"",""d"":9,""p"":0.01,""r_e"":0.5,""rounds"":9}",
      1024,        48,         0,   0.112,blind_mwpm,3e0ef7a8852952142617b8cd00d03b826ed5f0b198c7b611ea82017d228ffa10,"{""config"":""erasure_r50"",""d"":9,""p"":0.01,""r_e"":0.5,""rounds"":9}",
      1024,        51,         0,   0.110,blind_mwpm,3e0ef7a8852952142617b8cd00d03b826ed5f0b198c7b611ea82017d228ffa10,"{""config"":""erasure_r50"",""d"":9,""p"":0.01,""r_e"":0.5,""rounds"":9}",
      1024,        46,         0,   0.110,blind_mwpm,3e0ef7a8852952142617b8cd00d03b826ed5f0b198c7b611ea82017d228ffa10,"{""config"":""erasure_r50"",""d"":9,""p"":0.01,""r_e"":0.5,""rounds"":9}",
      2048,       107,         0,   0.225,blind_mwpm,3e0ef7a8852952142617b8cd00d03b826ed5f0b198c7b611ea82017d228ffa10,"{""config"":""erasure_r50"",""d"":9,""p"":0.01,""r_e"":0.5,""rounds"":9}",
      2048,       101,         0,   0.241,blind_mwpm,3e0ef7a8852952142617b8cd00d03b826ed5f0b198c7b611ea82017d228ffa10,"{""config"":""erasure_r50"",""d"":9,""p"":0.01,""r_e"":0.5,""rounds"":9}",
      3072,       171,         0,   0.341,blind_mwpm,3e0ef7a8852952142617b8cd00d03b826ed5f0b198c7b611ea82017d228ffa10,"{""config"":""erasure_r50"",""d"":9,""p"":0.01,""r_e"":0.5,""rounds"":9}",
      4096,       224,         0,   0.461,blind_mwpm,3e0ef7a8852952142617b8cd00d03b826ed5f0b198c7b611ea82017d228ffa10,"{""config"":""erasure_r50"",""d"":9,""p"":0.01,""r_e"":0.5,""rounds"":9}",
      2048,       104,         0,   0.251,blind_mwpm,3e0ef7a8852952142617b8cd00d03b826ed5f0b198c7b611ea82017d228ffa10,"{""config"":""erasure_r50"",""d"":9,""p"":0.01,""r_e"":0.5,""rounds"":9}",
         1,         0,         0,   0.014,herald_mwpm,0d740e1e76c7675bc1bc0312ddb79384c692e30497e2c9ea5771286dbd4f1751,"{""config"":""erasure_r50"",""d"":9,""p"":0.01467799267622069,""r_e"":0.5,""rounds"":9}",
        16,         1,         0,   0.181,herald_mwpm,0d740e1e76c7675bc1bc0312ddb79384c692e30497e2c9ea5771286dbd4f1751,"{""config"":""erasure_r50"",""d"":9,""p"":0.01467799267622069,""r_e"":0.5,""rounds"":9}",
        32,         3,         0,   0.355,herald_mwpm,0d740e1e76c7675bc1bc0312ddb79384c692e30497e2c9ea5771286dbd4f1751,"{""config"":""erasure_r50"",""d"":9,""p"":0.01467799267622069,""r_e"":0.5,""rounds"":9}",
        32,         3,         0,   0.345,herald_mwpm,0d740e1e76c7675bc1bc0312ddb79384c692e30497e2c9ea5771286dbd4f1751,"{""config"":""erasure_r50"",""d"":9,""p"":0.01467799267622069,""r_e"":0.5,""rounds"":9}",
        32,         3,         0,   0.339,herald_mwpm,0d740e1e76c7675bc1bc0312ddb79384c692e30497e2c9ea5771286dbd4f1751,"{""config"":""erasure_r50"",""d"":9,""p"":0.01467799267622069,""r_e"":0.5,""rounds"":9}",
        32,         0,         0,   0.352,herald_mwpm,0d740e1e76c7675bc1bc0312ddb79384c692e30497e2c9ea5771286dbd4f1751,"{""config"":""erasure_r50"",""d"":9,""p"":0.01467799267622069,""r_e"":0.5,""rounds"":9}",
        32,         1,         0,   0.354,herald_mwpm,0d740e1e76c7675bc1bc0312ddb79384c692e30497e2c9ea5771286dbd4f1751,"{""config"":""erasure_r50"",""d"":9,""p"":0.01467799267622069,""r_e"":0.5,""rounds"":9}",
        32,         1,         0,   0.350,herald_mwpm,0d740e1e76c7675bc1bc0312ddb79384c692e30497e2c9ea5771286dbd4f1751,"{""config"":""erasure_r50"",""d"":9,""p"":0.01467799267622069,""r_e"":0.5,""rounds"":9}",
        32,         1,         0,   0.363,herald_mwpm,0d740e1e76c7675bc1bc0312ddb79384c692e30497e2c9ea5771286dbd4f1751,"{""config"":""erasure_r50"",""d"":9,""p"":0.01467799267622069,""r_e"":0.5,""rounds"":9}",
        32,         3,         0,   0.340,herald_mwpm,0d740e1e76c7675bc1bc0312ddb79384c692e30497e2c9ea5771286dbd4f1751,"{""config"":""erasure_r50"",""d"":9,""p"":0.01467799267622069,""r_e"":0.5,""rounds"":9}",
        32,         1,         0,   0.354,herald_mwpm,0d740e1e76c7675bc1bc0312ddb79384c692e30497e2c9ea5771286dbd4f1751,"{""config"":""erasure_r50"",""d"":9,""p"":0.01467799267622069,""r_e"":0.5,""rounds"":9}",
        64,         3,         0,   0.716,herald_mwpm,0d740e1e76c7675bc1bc0312ddb79384c692e30497e2c9ea5771286dbd4f1751,"{""config"":""erasure_r50"",""d"":9,""p"":0.01467799267622069,""r_e"":0.5,""rounds"":9}",
        64,        10,         0,   0.731,herald_mwpm,0d740e1e76c7675bc1bc0312ddb79384c692e30497e2c9ea5771286dbd4f1751,"{""config"":""erasure_r50"",""d"":9,""p"":0.01467799267622069,""r_e"":0.5,""rounds"":9}",
        96,        10,         0,    1.03,herald_mwpm,0d740e1e76c7675bc1bc0312ddb79384c692e30497e2c9ea5771286dbd4f1751,"{""config"":""erasure_r50"",""d"":9,""p"":0.01467799267622069,""r_e"":0.5,""rounds"":9}",
       128,         9,         0,    1.40,herald_mwpm,0d740e1e76c7675bc1bc0312ddb79384c692e30497e2c9ea5771286dbd4f1751,"{""config"":""erasure_r50"",""d"":9,""p"":0.01467799267622069,""r_e"":0.5,""rounds"":9}",
       160,         6,         0,    1.76,herald_mwpm,0d740e1e76c7675bc1bc0312ddb79384c692e30497e2c9ea5771286dbd4f1751,"{""config"":""erasure_r50"",""d"":9,""p"":0.01467799267622069,""r_e"":0.5,""rounds"":9}",
       224,        10,         0,    2.41,herald_mwpm,0d740e1e76c7675bc1bc0312ddb79384c692e30497e2c9ea5771286dbd4f1751,"{""config"":""erasure_r50"",""d"":9,""p"":0.01467799267622069,""r_e"":0.5,""rounds"":9}",
       288,        24,         0,    3.10,herald_mwpm,0d740e1e76c7675bc1bc0312ddb79384c692e30497e2c9ea5771286dbd4f1751,"{""config"":""erasure_r50"",""d"":9,""p"":0.01467799267622069,""r_e"":0.5,""rounds"":9}",
     11456,         4,         0,   120.1,herald_mwpm,8f8dfb8e025a3305f62c31ab52de84aa30cc1eb285d33fe9768f7468e0e261f2,"{""config"":""erasure_r50"",""d"":9,""p"":0.004641588833612777,""r_e"":0.5,""rounds"":9}",
       416,        37,         0,    4.42,herald_mwpm,0d740e1e76c7675bc1bc0312ddb79384c692e30497e2c9ea5771286dbd4f1751,"{""config"":""erasure_r50"",""d"":9,""p"":0.01467799267622069,""r_e"":0.5,""rounds"":9}",
       576,        38,         0,    6.06,herald_mwpm,0d740e1e76c7675bc1bc0312ddb79384c692e30497e2c9ea5771286dbd4f1751,"{""config"":""erasure_r50"",""d"":9,""p"":0.01467799267622069,""r_e"":0.5,""rounds"":9}",
       800,        60,         0,    8.45,herald_mwpm,0d740e1e76c7675bc1bc0312ddb79384c692e30497e2c9ea5771286dbd4f1751,"{""config"":""erasure_r50"",""d"":9,""p"":0.01467799267622069,""r_e"":0.5,""rounds"":9}",
     11328,        25,         0,   120.1,herald_mwpm,b0c7388c3d2aae855158613ca5f094677d235e5ab0e5c290c8fe46d926ac9d91,"{""config"":""erasure_r50"",""d"":9,""p"":0.006812920690579608,""r_e"":0.5,""rounds"":9}",
      1088,        81,         0,    11.7,herald_mwpm,0d740e1e76c7675bc1bc0312ddb79384c692e30497e2c9ea5771286dbd4f1751,"{""config"":""erasure_r50"",""d"":9,""p"":0.01467799267622069,""r_e"":0.5,""rounds"":9}",
     11264,       139,         0,   120.0,herald_mwpm,08b671eb0df295d5c46bcd3407afd7254d064f13d62a001b5360a8356cc35df5,"{""config"":""erasure_r50"",""d"":9,""p"":0.01,""r_e"":0.5,""rounds"":9}",
      1536,       111,         0,    16.5,herald_mwpm,0d740e1e76c7675bc1bc0312ddb79384c692e30497e2c9ea5771286dbd4f1751,"{""config"":""erasure_r50"",""d"":9,""p"":0.01467799267622069,""r_e"":0.5,""rounds"":9}",
      2112,       146,         0,    23.0,herald_mwpm,0d740e1e76c7675bc1bc0312ddb79384c692e30497e2c9ea5771286dbd4f1751,"{""config"":""erasure_r50"",""d"":9,""p"":0.01467799267622069,""r_e"":0.5,""rounds"":9}",
     12416,         0,         0,   120.5,herald_mwpm,22a98d4aff8f1dcef6a205effa603f20ef4f9bf3f75f4fdcee70f62942c8b2b2,"{""config"":""erasure_r50"",""d"":9,""p"":0.0014677992676220691,""r_e"":0.5,""rounds"":9}",
     11840,         0,         0,   120.1,herald_mwpm,7b6524c7866d478782a972c380d944a9e1953cb24afdbe82dd77635dcb80af90,"{""config"":""erasure_r50"",""d"":9,""p"":0.0021544346900318843,""r_e"":0.5,""rounds"":9}",
     11392,         0,         0,   120.2,herald_mwpm,b1a3fb6678ebe027f210a83550a8797b8928d33385cfcd5549008ed598eaa384,"{""config"":""erasure_r50"",""d"":9,""p"":0.0031622776601683794,""r_e"":0.5,""rounds"":9}",
       655,         0,         0,    6.55,herald_mwpm,22a98d4aff8f1dcef6a205effa603f20ef4f9bf3f75f4fdcee70f62942c8b2b2,"{""config"":""erasure_r50"",""d"":9,""p"":0.0014677992676220691,""r_e"":0.5,""rounds"":9}",
         1,         1,         0,   0.012,blind_mwpm,75202b24996f211941d13a8b0a055622ef8b48db09ded0df1ba4fa6cb71bb7bc,"{""config"":""erasure_r50"",""d"":9,""p"":0.01467799267622069,""r_e"":0.5,""rounds"":9}",
       272,        69,         0,   0.049,blind_mwpm,75202b24996f211941d13a8b0a055622ef8b48db09ded0df1ba4fa6cb71bb7bc,"{""config"":""erasure_r50"",""d"":9,""p"":0.01467799267622069,""r_e"":0.5,""rounds"":9}",
      1024,       214,         0,   0.172,blind_mwpm,75202b24996f211941d13a8b0a055622ef8b48db09ded0df1ba4fa6cb71bb7bc,"{""config"":""erasure_r50"",""d"":9,""p"":0.01467799267622069,""r_e"":0.5,""rounds"":9}",
      1024,       221,         0,   0.168,blind_mwpm,75202b24996f211941d13a8b0a055622ef8b48db09ded0df1ba4fa6cb71bb7bc,"{""config"":""erasure_r50"",""d"":9,""p"":0.01467799267622069,""r_e"":0.5,""rounds"":9}",
      1024,       205,         0,   0.185,blind_mwpm,75202b24996f211941d13a8b0a055622ef8b48db09ded0df1ba4fa6cb71bb7bc,"{""config"":""erasure_r50"",""d"":9,""p"":0.01467799267622069,""r_e"":0.5,""rounds"":9}",
      1024,       206,         0,   0.187,blind_mwpm,75202b24996f211941d13a8b0a055622ef8b48db09ded0df1ba4fa6cb71bb7bc,"{""config"":""erasure_r50"",""d"":9,""p"":0.01467799267622069,""r_e"":0.5,""rounds"":9}",
      1024,       201,         0,   0.183,blind_mwpm,75202b24996f211941d13a8b0a055622ef8b48db09ded0df1ba4fa6cb71bb7bc,"{""config"":""erasure_r50"",""d"":9,""p"":0.01467799267622069,""r_e"":0.5,""rounds"":9}",
         1,         0,         0,   0.013,herald_mwpm,6bbf65dba1d5abfb82d46d4a1f4c2b58312c290f8e9c2ec7715dde5f76d308ce,"{""config"":""erasure_r50"",""d"":9,""p"":0.018,""r_e"":0.5,""rounds"":9}",
        16,         2,         0,   0.167,herald_mwpm,6bbf65dba1d5abfb82d46d4a1f4c2b58312c290f8e9c2ec7715dde5f76d308ce,"{""config"":""erasure_r50"",""d"":9,""p"":0.018,""r_e"":0.5,""rounds"":9}",
        32,         6,         0,   0.341,herald_mwpm,6bbf65dba1d5abfb82d46d4a1f4c2b58312c290f8e9c2ec7715dde5f76d308ce,"{""config"":""erasure_r50"",""d"":9,""p"":0.018,""r_e"":0.5,""rounds"":9}",
        32,         5,         0,   0.328,herald_mwpm,6bbf65dba1d5abfb82d46d4a1f4c2b58312c290f8e9c2ec7715dde5f76d308ce,"{""config"":""erasure_r50"",""d"":9,""p"":0.018,""r_e"":0.5,""rounds"":9}",
        32,         8,         0,   0.305,herald_mwpm,6bbf65dba1d5abfb82d46d4a1f4c2b58312c290f8e9c2ec7715dde5f76d308ce,"{""config"":""erasure_r50"",""d"":9,""p"":0.018,""r_e"":0.5,""rounds"":9}",
        32,         2,         0,   0.314,herald_mwpm,6bbf65dba1d5abfb82d46d4a1f4c2b58312c290f8e9c2ec7715dde5f76d308ce,"{""config"":""erasure_r50"",""d"":9,""p"":0.018,""r_e"":0.5,""rounds"":9}",
        32,         7,         0,   0.335,herald_mwpm,6bbf65dba1d5abfb82d46d4a1f4c2b58312c290f8e9c2ec7715dde5f76d308ce,"{""config"":""erasure_r50"",""d"":9,""p"":0.018,""r_e"":0.5,""rounds"":9}",
        32,         7,         0,   0.322,herald_mwpm,6bbf65dba1d5abfb82d46d4a1f4c2b58312c290f8e9c2ec7715dde5f76d308ce,"{""config"":""erasure_r50"",""d"":9,""p"":0.018,""r_e"":0.5,""rounds"":9}",
        32,         3,         0,   0.306,herald_mwpm,6bbf65dba1d5abfb82d46d4a1f4c2b58312c290f8e9c2ec7715dde5f76d308ce,"{""config"":""erasure_r50"",""d"":9,""p"":0.018,""r_e"":0.5,""rounds"":9}",
        32,         6,         0,   0.308,herald_mwpm,6bbf65dba1d5abfb82d46d4a1f4c2b58312c290f8e9c2ec7715dde5f76d308ce,"{""config"":""erasure_r50"",""d"":9,""p"":0.018,""r_e"":0.5,""rounds"":9}",
        32,         5,         0,   0.348,herald_mwpm,6bbf65dba1d5abfb82d46d4a1f4c2b58312c290f8e9c2ec7715dde5f76d308ce,"{""config"":""erasure_r50"",""d"":9,""p"":0.018,""r_e"":0.5,""rounds"":9}",
        64,        14,         0,   0.678,herald_mwpm,6bbf65dba1d5abfb82d46d4a1f4c2b58312c290f8e9c2ec7715dde5f76d308ce,"{""config"":""erasure_r50"",""d"":9,""p"":0.018,""r_e"":0.5,""rounds"":9}",
        64,        11,         0,   0.673,herald_mwpm,6bbf65dba1d5abfb82d46d4a1f4c2b58312c290f8e9c2ec7715dde5f76d308ce,"{""config"":""erasure_r50"",""d"":9,""p"":0.018,""r_e"":0.5,""rounds"":9}",
      2976,       250,         0,    32.5,herald_mwpm,0d740e1e76c7675bc1bc0312ddb79384c692e30497e2c9ea5771286dbd4f1751,"{""config"":""erasure_r50"",""d"":9,""p"":0.01467799267622069,""r_e"":0.5,""rounds"":9}",
        96,        18,         0,    1.00,herald_mwpm,6bbf65dba1d5abfb82d46d4a1f4c2b58312c290f8e9c2ec7715dde5f76d308ce,"{""config"":""erasure_r50"",""d"":9,""p"":0.018,""r_e"":0.5,""rounds"":9}",
       128,        14,         0,    1.29,herald_mwpm,6bbf65dba1d5abfb82d46d4a1f4c2b58312c290f8e9c2ec7715dde5f76d308ce,"{""config"":""erasure_r50"",""d"":9,""p"":0.018,""r_e"":0.5,""rounds"":9}",
      5376,        62,         0,    57.9,herald_mwpm,08b671eb0df295d5c46bcd3407afd7254d064f13d62a001b5360a8356cc35df5,"{""config"":""erasure_r50"",""d"":9,""p"":0.01,""r_e"":0.5,""rounds"":9}",
         1,         0,         0,   0.013,blind_mwpm,0e468613293a51cb1d69e09fd0915d3808b18d248ffc6d74b702a1794f0f4ae6,"{""config"":""erasure_r50"",""d"":9,""p"":0.018,""r_e"":0.5,""rounds"":9}",
       272,        80,         0,   0.058,blind_mwpm,0e468613293a51cb1d69e09fd0915d3808b18d248ffc6d74b702a1794f0f4ae6,"{""config"":""erasure_r50"",""d"":9,""p"":0.018,""r_e"":0.5,""rounds"":9}",
       160,        24,         0,    1.57,herald_mwpm,6bbf65dba1d5abfb82d46d4a1f4c2b58312c290f8e9c2ec7715dde5f76d308ce,"{""config"":""erasure_r50"",""d"":9,""p"":0.018,""r_e"":0.5,""rounds"":9}",
      1024,       330,         0,   0.208,blind_mwpm,0e468613293a51cb1d69e09fd0915d3808b18d248ffc6d74b702a1794f0f4ae6,"{""config"":""erasure_r50"",""d"":9,""p"":0.018,""r_e"":0.5,""rounds"":9}",
      1024,       305,         0,   0.204,blind_mwpm,0e468613293a51cb1d69e09fd0915d3808b18d248ffc6d74b702a1794f0f4ae6,"{""config"":""erasure_r50"",""d"":9,""p"":0.018,""r_e"":0.5,""rounds"":9}",
      1024,       337,         0,   0.209,blind_mwpm,0e468613293a51cb1d69e09fd0915d3808b18d248ffc6d74b702a1794f0f4ae6,"{""config"":""erasure_r50"",""d"":9,""p"":0.018,""r_e"":0.5,""rounds"":9}",
         1,         0,         0,   0.013,herald_mwpm,3e12299cf957feeafd7df9ee1d27e742eecd25165a1970e5face076304137256,"{""config"":""erasure_r50"",""d"":9,""p"":0.02,""r_e"":0.5,""rounds"":9}",
        16,         4,         0,   0.156,herald_mwpm,3e12299cf957feeafd7df9ee1d27e742eecd25165a1970e5face076304137256,"{""config"":""erasure_r50"",""d"":9,""p"":0.02,""r_e"":0.5,""rounds"":9}",
        32,         6,         0,   0.323,herald_mwpm,3e12299cf957feeafd7df9ee1d27e742eecd25165a1970e5face076304137256,"{""config"":""erasure_r50"",""d"":9,""p"":0.02,""r_e"":0.5,""rounds"":9}",
       224,        28,         0,    2.24,herald_mwpm,6bbf65dba1d5abfb82d46d4a1f4c2b58312c290f8e9c2ec7715dde5f76d308ce,"{""config"":""erasure_r50"",""d"":9,""p"":0.018,""r_e"":0.5,""rounds"":9}",
        32,         6,         0,   0.325,herald_mwpm,3e12299cf957feeafd7df9ee1d27e742eecd25165a1970e5face076304137256,"{""config"":""erasure_r50"",""d"":9,""p"":0.02,""r_e"":0.5,""rounds"":9}",
        32,         6,         0,   0.316,herald_mwpm,3e12299cf957feeafd7df9ee1d27e742eecd25165a1970e5face076304137256,"{""config"":""erasure_r50"",""d"":9,""p"":0.02,""r_e"":0.5,""rounds"":9}",
        32,         5,         0,   0.322,herald_mwpm,3e12299cf957feeafd7df9ee1d27e742eecd25165a1970e5face076304137256,"{""config"":""erasure_r50"",""d"":9,""p"":0.02,""r_e"":0.5,""rounds"":9}",
        32,         4,         0,   0.307,herald_mwpm,3e12299cf957feeafd7df9ee1d27e742eecd25165a1970e5face076304137256,"{""config"":""erasure_r50"",""d"":9,""p"":0.02,""r_e"":0.5,""rounds"":9}",
        32,         8,         0,   0.310,herald_mwpm,3e12299cf957feeafd7df9ee1d27e742eecd25165a1970e5face076304137256,"{""config"":""erasure_r50"",""d"":9,""p"":0.02,""r_e"":0.5,""rounds"":9}",
        32,         6,         0,   0.304,herald_mwpm,3e12299cf957feeafd7df9ee1d27e742eecd25165a1970e5face076304137256,"{""config"":""erasure_r50"",""d"":9,""p"":0.02,""r_e"":0.5,""rounds"":9}",
        32,         9,         0,   0.294,herald_mwpm,3e12299cf957feeafd7df9ee1d27e742eecd25165a1970e5face076304137256,"{""config"":""erasure_r50"",""d"":9,""p"":0.02,""r_e"":0.5,""rounds"":9}",
        64,        16,         0,   0.620,herald_mwpm,3e12299cf957feeafd7df9ee1d27e742eecd25165a1970e5face076304137256,"{""config"":""erasure_r50"",""d"":9,""p"":0.02,""r_e"":0.5,""rounds"":9}",
        64,        15,         0,   0.621,herald_mwpm,3e12299cf957feeafd7df9ee1d27e742eecd25165a1970e5face076304137256,"{""config"":""erasure_r50"",""d"":9,""p"":0.02,""r_e"":0.5,""rounds"":9}",
       352,        51,         0,    3.32,herald_mwpm,6bbf65dba1d5abfb82d46d4a1f4c2b58312c290f8e9c2ec7715dde5f76d308ce,"{""config"":""erasure_r50"",""d"":9,""p"":0.018,""r_e"":0.5,""rounds"":9}",
        64,        15,         0,   0.621,herald_mwpm,3e12299cf957feeafd7df9ee1d27e742eecd25165a1970e5face076304137256,"{""config"":""erasure_r50"",""d"":9,""p"":0.02,""r_e"":0.5,""rounds"":9}",
       128,        24,         0,    1.32,herald_mwpm,3e12299cf957feeafd7df9ee1d27e742eecd25165a1970e5face076304137256,"{""config"":""erasure_r50"",""d"":9,""p"":0.02,""r_e"":0.5,""rounds"":9}",
       128,        35,         0,    1.31,herald_mwpm,3e12299cf957feeafd7df9ee1d27e742eecd25165a1970e5face076304137256,"{""config"":""erasure_r50"",""d"":9,""p"":0.02,""r_e"":0.5,""rounds"":9}",
       448,        72,         0,    4.47,herald_mwpm,6bbf65dba1d5abfb82d46d4a1f4c2b58312c290f8e9c2ec7715dde5f76d308ce,"{""config"":""erasure_r50"",""d"":9,""p"":0.018,""r_e"":0.5,""rounds"":9}",
       192,        36,         0,    1.97,herald_mwpm,3e12299cf957feeafd7df9ee1d27e742eecd25165a1970e5face076304137256,"{""config"":""erasure_r50"",""d"":9,""p"":0.02,""r_e"":0.5,""rounds"":9}",
       256,        52,         0,    2.56,herald_mwpm,3e12299cf957feeafd7df9ee1d27e742eecd25165a1970e5face076304137256,"{""config"":""erasure_r50"",""d"":9,""p"":0.02,""r_e"":0.5,""rounds"":9}",
       640,       104,         0,    6.27,herald_mwpm,6bbf65dba1d5abfb82d46d4a1f4c2b58312c290f8e9c2ec7715dde5f76d308ce,"{""config"":""erasure_r50"",""d"":9,""p"":0.018,""r_e"":0.5,""rounds"":9}",
       320,        77,         0,    3.17,herald_mwpm,3e12299cf957feeafd7df9ee1d27e742eecd25165a1970e5face076304137256,"{""config"":""erasure_r50"",""d"":9,""p"":0.02,""r_e"":0.5,""rounds"":9}",
     11584,         2,         0,   120.4,herald_mwpm,8f8dfb8e025a3305f62c31ab52de84aa30cc1eb285d33fe9768f7468e0e261f2,"{""config"":""erasure_r50"",""d"":9,""p"":0.004641588833612777,""r_e"":0.5,""rounds"":9}",
       448,        87,         0,    4.54,herald_mwpm,3e12299cf957feeafd7df9ee1d27e742eecd25165a1970e5face076304137256,"{""config"":""erasure_r50"",""d"":9,""p"":0.02,""r_e"":0.5,""rounds"":9}",
      2624,       188,         0,    25.4,herald_mwpm,0d740e1e76c7675bc1bc0312ddb79384c692e30497e2c9ea5771286dbd4f1751,"{""config"":""erasure_r50"",""d"":9,""p"":0.01467799267622069,""r_e"":0.5,""rounds"":9}",
         1,         0,         0,   0.013,blind_mwpm,a0a6eaf60c14e0507fde753ed2dd3e981c07a009cf018355557312d21532b78d,"{""config"":""erasure_r50"",""d"":9,""p"":0.02,""r_e"":0.5,""rounds"":9}",
       272,       114,         0,   0.062,blind_mwpm,a0a6eaf60c14e0507fde753ed2dd3e981c07a009cf018355557312d21532b78d,"{""config"":""erasure_r50"",""d"":9,""p"":0.02,""r_e"":0.5,""rounds"":9}",
      1024,       350,         0,   0.236,blind_mwpm,a0a6eaf60c14e0507fde753ed2dd3e981c07a009cf018355557312d21532b78d,"{""config"":""erasure_r50"",""d"":9,""p"":0.02,""r_e"":0.5,""rounds"":9}",
      1024,       409,         0,   0.231,blind_mwpm,a0a6eaf60c14e0507fde753ed2dd3e981c07a009cf018355557312d21532b78d,"{""config"":""erasure_r50"",""d"":9,""p"":0.02,""r_e"":0.5,""rounds"":9}",
      1024,       405,         0,   0.246,blind_mwpm,a0a6eaf60c14e0507fde753ed2dd3e981c07a009cf018355557312d21532b78d,"{""config"":""erasure_r50"",""d"":9,""p"":0.02,""r_e"":0.5,""rounds"":9}",
       896,       152,         0,    8.83,herald_mwpm,6bbf65dba1d5abfb82d46d4a1f4c2b58312c290f8e9c2ec7715dde5f76d308ce,"{""config"":""erasure_r50"",""d"":9,""p"":0.018,""r_e"":0.5,""rounds"":9}",
         1,         1,         0,   0.012,herald_mwpm,ded7a9dd1b4909d1b9beae1924db9355df0ffd0d9a688f2eb1c6d1a3860276ea,"{""config"":""erasure_r50"",""d"":9,""p"":0.021544346900318832,""r_e"":0.5,""rounds"":9}",
        16,         3,         0,   0.155,herald_mwpm,ded7a9dd1b4909d1b9beae1924db9355df0ffd0d9a688f2eb1c6d1a3860276ea,"{""config"":""erasure_r50"",""d"":9,""p"":0.021544346900318832,""r_e"":0.5,""rounds"":9}",
        32,         9,         0,   0.306,herald_mwpm,ded7a9dd1b4909d1b9beae1924db9355df0ffd0d9a688f2eb1c6d1a3860276ea,"{""config"":""erasure_r50"",""d"":9,""p"":0.021544346900318832,""r_e"":0.5,""rounds"":9}",
        32,        10,         0,   0.304,herald_mwpm,ded7a9dd1b4909d1b9beae1924db9355df0ffd0d9a688f2eb1c6d1a3860276ea,"{""config"":""erasure_r50"",""d"":9,""p"":0.021544346900318832,""r_e"":0.5,""rounds"":9}",
        32,         7,         0,   0.346,herald_mwpm,ded7a9dd1b4909d1b9beae1924db9355df0ffd0d9a688f2eb1c6d1a3860276ea,"{""config"":""erasure_r50"",""d"":9,""p"":0.021544346900318832,""r_e"":0.5,""rounds"":9}",
        32,         4,         0,   0.316,herald_mwpm,ded7a9dd1b4909d1b9beae1924db9355df0ffd0d9a688f2eb1c6d1a3860276ea,"{""config"":""erasure_r50"",""d"":9,""p"":0.021544346900318832,""r_e"":0.5,""rounds"":9}",
        32,         9,         0,   0.325,herald_mwpm,ded7a9dd1b4909d1b9beae1924db9355df0ffd0d9a688f2eb1c6d1a3860276ea,"{""config"":""erasure_r50"",""d"":9,""p"":0.021544346900318832,""r_e"":0.5,""rounds"":9}",
       640,       129,         0,    6.33,herald_mwpm,3e12299cf957feeafd7df9ee1d27e742eecd25165a1970e5face076304137256,"{""config"":""erasure_r50"",""d"":9,""p"":0.02,""r_e"":0.5,""rounds"":9}",
        32,         7,         0,   0.333,herald_mwpm,ded7a9dd1b4909d1b9beae1924db9355df0ffd0d9a688f2eb1c6d1a3860276ea,"{""config"":""erasure_r50"",""d"":9,""p"":0.021544346900318832,""r_e"":0.5,""rounds"":9}",
        32,        15,         0,   0.312,herald_mwpm,ded7a9dd1b4909d1b9beae1924db9355df0ffd0d9a688f2eb1c6d1a3860276ea,"{""config"":""erasure_r50"",""d"":9,""p"":0.021544346900318832,""r_e"":0.5,""rounds"":9}",
        32,        10,         0,   0.319,herald_mwpm,ded7a9dd1b4909d1b9beae1924db9355df0ffd0d9a688f2eb1c6d1a3860276ea,"{""config"":""erasure_r50"",""d"":9,""p"":0.021544346900318832,""r_e"":0.5,""rounds"":9}",
        32,         9,         0,   0.304,herald_mwpm,ded7a9dd1b4909d1b9beae1924db9355df0ffd0d9a688f2eb1c6d1a3860276ea,"{""config"":""erasure_r50"",""d"":9,""p"":0.021544346900318832,""r_e"":0.5,""rounds"":9}",
        64,        11,         0,   0.638,herald_mwpm,ded7a9dd1b4909d1b9beae1924db9355df0ffd0d9a688f2eb1c6d1a3860276ea,"{""config"":""erasure_r50"",""d"":9,""p"":0.021544346900318832,""r_e"":0.5,""rounds"":9}",
        64,        19,         0,   0.639,herald_mwpm,ded7a9dd1b4909d1b9beae1924db9355df0ffd0d9a688f2eb1c6d1a3860276ea,"{""config"":""erasure_r50"",""d"":9,""p"":0.021544346900318832,""r_e"":0.5,""rounds"":9}",
        96,        35,         0,   0.964,herald_mwpm,ded7a9dd1b4909d1b9beae1924db9355df0ffd0d9a688f2eb1c6d1a3860276ea,"{""config"":""erasure_r50"",""d"":9,""p"":0.021544346900318832,""r_e"":0.5,""rounds"":9}",
       128,        40,         0,    1.26,herald_mwpm,ded7a9dd1b4909d1b9beae1924db9355df0ffd0d9a688f2eb1c6d1a3860276ea,"{""config"":""erasure_r50"",""d"":9,""p"":0.021544346900318832,""r_e"":0.5,""rounds"":9}",
       192,        48,         0,    1.88,herald_mwpm,ded7a9dd1b4909d1b9beae1924db9355df0ffd0d9a688f2eb1c6d1a3860276ea,"{""config"":""erasure_r50"",""d"":9,""p"":0.021544346900318832,""r_e"":0.5,""rounds"":9}",
       832,       171,         0,    8.39,herald_mwpm,3e12299cf957feeafd7df9ee1d27e742eecd25165a1970e5face076304137256,"{""config"":""erasure_r50"",""d"":9,""p"":0.02,""r_e"":0.5,""rounds"":9}",
      5583,         0,         0,    52.3,herald_mwpm,7b6524c7866d478782a972c380d944a9e1953cb24afdbe82dd77635dcb80af90,"{""config"":""erasure_r50"",""d"":9,""p"":0.0021544346900318843,""r_e"":0.5,""rounds"":9}",
       256,        66,         0,    2.52,herald_mwpm,ded7a9dd1b4909d1b9beae1924db9355df0ffd0d9a688f2eb1c6d1a3860276ea,"{""config"":""erasure_r50"",""d"":9,""p"":0.021544346900318832,""r_e"":0.5,""rounds"":9}",
      1216,       188,         0,    12.0,herald_mwpm,6bbf65dba1d5abfb82d46d4a1f4c2b58312c290f8e9c2ec7715dde5f76d308ce,"{""config"":""erasure_r50"",""d"":9,""p"":0.018,""r_e"":0.5,""rounds"":9}",
     11648,        20,         0,   120.6,herald_mwpm,b0c7388c3d2aae855158613ca5f094677d235e5ab0e5c290c8fe46d926ac9d91,"{""config"":""erasure_r50"",""d"":9,""p"":0.006812920690579608,""r_e"":0.5,""rounds"":9}",
         1,         0,         0,   0.011,blind_mwpm,3c6a7daf4c885ac6f04c2f3ef3bdc2263adfec75821829bfe9edf09c4b21f4be,"{""config"":""erasure_r50"",""d"":9,""p"":0.021544346900318832,""r_e"":0.5,""rounds"":9}",
       272,       110,         0,   0.063,blind_mwpm,3c6a7daf4c885ac6f04c2f3ef3bdc2263adfec75821829bfe9edf09c4b21f4be,"{""config"":""erasure_r50"",""d"":9,""p"":0.021544346900318832,""r_e"":0.5,""rounds"":9}",
      1024,       450,         0,   0.269,blind_mwpm,3c6a7daf4c885ac6f04c2f3ef3bdc2263adfec75821829bfe9edf09c4b21f4be,"{""config"":""erasure_r50"",""d"":9,""p"":0.021544346900318832,""r_e"":0.5,""rounds"":9}",
      1024,       412,         0,   0.250,blind_mwpm,3c6a7daf4c885ac6f04c2f3ef3bdc2263adfec75821829bfe9edf09c4b21f4be,"{""config"":""erasure_r50"",""d"":9,""p"":0.021544346900318832,""r_e"":0.5,""rounds"":9}",
      1024,       415,         0,   0.236,blind_mwpm,3c6a7daf4c885ac6f04c2f3ef3bdc2263adfec75821829bfe9edf09c4b21f4be,"{""config"":""erasure_r50"",""d"":9,""p"":0.021544346900318832,""r_e"":0.5,""rounds"":9}",
        17,         5,         0,   0.173,herald_mwpm,4ca635ddb85dfbf9d92510745c12d2de52280ca6043b0339d641de6a30ec1bb7,"{""config"":""erasure_r50"",""d"":9,""p"":0.022,""r_e"":0.5,""rounds"":9}",
       320,        80,         0,    3.27,herald_mwpm,ded7a9dd1b4909d1b9beae1924db9355df0ffd0d9a688f2eb1c6d1a3860276ea,"{""config"":""erasure_r50"",""d"":9,""p"":0.021544346900318832,""r_e"":0.5,""rounds"":9}",
        32,        11,         0,   0.338,herald_mwpm,4ca635ddb85dfbf9d92510745c12d2de52280ca6043b0339d641de6a30ec1bb7,"{""config"":""erasure_r50"",""d"":9,""p"":0.022,""r_e"":0.5,""rounds"":9}",
        32,         7,         0,   0.334,herald_mwpm,4ca635ddb85dfbf9d92510745c12d2de52280ca6043b0339d641de6a30ec1bb7,"{""config"":""erasure_r50"",""d"":9,""p"":0.022,""r_e"":0.5,""rounds"":9}",
        32,         9,         0,   0.340,herald_mwpm,4ca635ddb85dfbf9d92510745c12d2de52280ca6043b0339d641de6a30ec1bb7,"{""config"":""erasure_r50"",""d"":9,""p"":0.022,""r_e"":0.5,""rounds"":9}",
        32,         8,         0,   0.298,herald_mwpm,4ca635ddb85dfbf9d92510745c12d2de52280ca6043b0339d641de6a30ec1bb7,"{""config"":""erasure_r50"",""d"":9,""p"":0.022,""r_e"":0.5,""rounds"":9}",
        64,        19,         0,   0.646,herald_mwpm,4ca635ddb85dfbf9d92510745c12d2de52280ca6043b0339d641de6a30ec1bb7,"{""config"":""erasure_r50"",""d"":9,""p"":0.022,""r_e"":0.5,""rounds"":9}",
        64,        15,         0,   0.644,herald_mwpm,4ca635ddb85dfbf9d92510745c12d2de52280ca6043b0339d641de6a30ec1bb7,"{""config"":""erasure_r50"",""d"":9,""p"":0.022,""r_e"":0.5,""rounds"":9}",
        64,        22,         0,   0.645,herald_mwpm,4ca635ddb85dfbf9d92510745c12d2de52280ca6043b0339d641de6a30ec1bb7,"{""config"":""erasure_r50"",""d"":9,""p"":0.022,""r_e"":0.5,""rounds"":9}",
        64,        16,         0,   0.615,herald_mwpm,4ca635ddb85dfbf9d92510745c12d2de52280ca6043b0339d641de6a30ec1bb7,"{""config"":""erasure_r50"",""d"":9,""p"":0.022,""r_e"":0.5,""rounds"":9}",
        64,        13,         0,   0.648,herald_mwpm,4ca635ddb85dfbf9d92510745c12d2de52280ca6043b0339d641de6a30ec1bb7,"{""config"":""erasure_r50"",""d"":9,""p"":0.022,""r_e"":0.5,""rounds"":9}",
       448,       131,         0,    4.47,herald_mwpm,ded7a9dd1b4909d1b9beae1924db9355df0ffd0d9a688f2eb1c6d1a3860276ea,"{""config"":""erasure_r50"",""d"":9,""p"":0.021544346900318832,""r_e"":0.5,""rounds"":9}",
        64,        14,         0,   0.643,herald_mwpm,4ca635ddb85dfbf9d92510745c12d2de52280ca6043b0339d641de6a30ec1bb7,"{""config"":""erasure_r50"",""d"":9,""p"":0.022,""r_e"":0.5,""rounds"":9}",
        64,        17,         0,   0.606,herald_mwpm,4ca635ddb85dfbf9d92510745c12d2de52280ca6043b0339d641de6a30ec1bb7,"{""config"":""erasure_r50"",""d"":9,""p"":0.022,""r_e"":0.5,""rounds"":9}",
        64,        24,         0,   0.635,herald_mwpm,4ca635ddb85dfbf9d92510745c12d2de52280ca6043b0339d641de6a30ec1bb7,"{""config"":""erasure_r50"",""d"":9,""p"":0.022,""r_e"":0.5,""rounds"":9}",
       128,        29,         0,    1.28,herald_mwpm,4ca635ddb85dfbf9d92510745c12d2de52280ca6043b0339d641de6a30ec1bb7,"{""config"":""erasure_r50"",""d"":9,""p"":0.022,""r_e"":0.5,""rounds"":9}",
      1216,       264,         0,    12.1,herald_mwpm,3e12299cf957feeafd7df9ee1d27e742eecd25165a1970e5face076304137256,"{""config"":""erasure_r50"",""d"":9,""p"":0.02,""r_e"":0.5,""rounds"":9}",
       128,        30,         0,    1.17,herald_mwpm,4ca635ddb85dfbf9d92510745c12d2de52280ca6043b0339d641de6a30ec1bb7,"{""config"":""erasure_r50"",""d"":9,""p"":0.022,""r_e"":0.5,""rounds"":9}",
       128,        27,         0,    1.20,herald_mwpm,3e12299cf957feeafd7df9ee1d27e742eecd25165a1970e5face076304137256,"{""config"":""erasure_r50"",""d"":9,""p"":0.02,""r_e"":0.5,""rounds"":9}",
         1,         0,         0,   0.010,blind_mwpm,80ebb04db4fa163acc841e314b050bf80119b013ec0f6055cfa6856dfc3b7fec,"{""config"":""erasure_r50"",""d"":9,""p"":0.022,""r_e"":0.5,""rounds"":9}",
       192,        56,         0,    1.82,herald_mwpm,4ca635ddb85dfbf9d92510745c12d2de52280ca6043b0339d641de6a30ec1bb7,"{""config"":""erasure_r50"",""d"":9,""p"":0.022,""r_e"":0.5,""rounds"":9}",
       272,       120,         0,   0.065,blind_mwpm,80ebb04db4fa163acc841e314b050bf80119b013ec0f6055cfa6856dfc3b7fec,"{""config"":""erasure_r50"",""d"":9,""p"":0.022,""r_e"":0.5,""rounds"":9}",
       640,       163,         0,    6.14,herald_mwpm,ded7a9dd1b4909d1b9beae1924db9355df0ffd0d9a688f2eb1c6d1a3860276ea,"{""config"":""erasure_r50"",""d"":9,""p"":0.021544346900318832,""r_e"":0.5,""rounds"":9}",
      1024,       406,         0,   0.239,blind_mwpm,80ebb04db4fa163acc841e314b050bf80119b013ec0f6055cfa6856dfc3b7fec,"{""config"":""erasure_r50"",""d"":9,""p"":0.022,""r_e"":0.5,""rounds"":9}",
      1024,       452,         0,   0.226,blind_mwpm,80ebb04db4fa163acc841e314b050bf80119b013ec0f6055cfa6856dfc3b7fec,"{""config"":""erasure_r50"",""d"":9,""p"":0.022,""r_e"":0.5,""rounds"":9}",
      1024,       453,         0,   0.248,blind_mwpm,80ebb04db4fa163acc841e314b050bf80119b013ec0f6055cfa6856dfc3b7fec,"{""config"":""erasure_r50"",""d"":9,""p"":0.022,""r_e"":0.5,""rounds"":9}",
        17,         7,         0,   0.156,herald_mwpm,762eb8735965a80cc5858bc5061adcf32e78c96e1caf126381cf0efa17e2161b,"{""config"":""erasure_r50"",""d"":9,""p"":0.024,""r_e"":0.5,""rounds"":9}",
        64,        21,         0,   0.631,herald_mwpm,762eb8735965a80cc5858bc5061adcf32e78c96e1caf126381cf0efa17e2161b,"{""config"":""erasure_r50"",""d"":9,""p"":0.024,""r_e"":0.5,""rounds"":9}",
       256,        74,         0,    2.50,herald_mwpm,4ca635ddb85dfbf9d92510745c12d2de52280ca6043b0339d641de6a30ec1bb7,"{""config"":""erasure_r50"",""d"":9,""p"":0.022,""r_e"":0.5,""rounds"":9}",
        64,        14,         0,   0.574,herald_mwpm,762eb8735965a80cc5858bc5061adcf32e78c96e1caf126381cf0efa17e2161b,"{""config"":""erasure_r50"",""d"":9,""p"":0.024,""r_e"":0.5,""rounds"":9}",
        64,        13,         0,   0.575,herald_mwpm,762eb8735965a80cc5858bc5061adcf32e78c96e1caf126381cf0efa17e2161b,"{""config"":""erasure_r50"",""d"":9,""p"":0.024,""r_e"":0.5,""rounds"":9}",
      1728,       276,         0,    16.4,herald_mwpm,6bbf65dba1d5abfb82d46d4a1f4c2b58312c290f8e9c2ec7715dde5f76d308ce,"{""config"":""erasure_r50"",""d"":9,""p"":0.018,""r_e"":0.5,""rounds"":9}",
        64,        23,         0,   0.593,herald_mwpm,762eb8735965a80cc5858bc5061adcf32e78c96e1caf126381cf0efa17e2161b,"{""config"":""erasure_r50"",""d"":9,""p"":0.024,""r_e"":0.5,""rounds"":9}",
         1,         1,         0,   0.010,blind_mwpm,6184f6b307057c7f07fc95bcb2b26987b72fd7f3ce74081d8174ceb5e973cd25,"{""config"":""erasure_r50"",""d"":9,""p"":0.024,""r_e"":0.5,""rounds"":9}",
       272,       123,         0,   0.068,blind_mwpm,6184f6b307057c7f07fc95bcb2b26987b72fd7f3ce74081d8174ceb5e973cd25,"{""config"":""erasure_r50"",""d"":9,""p"":0.024,""r_e"":0.5,""rounds"":9}",
        64,        22,         0,   0.622,herald_mwpm,762eb8735965a80cc5858bc5061adcf32e78c96e1caf126381cf0efa17e2161b,"{""config"":""erasure_r50"",""d"":9,""p"":0.024,""r_e"":0.5,""rounds"":9}",
      1024,       452,         0,   0.275,blind_mwpm,6184f6b307057c7f07fc95bcb2b26987b72fd7f3ce74081d8174ceb5e973cd25,"{""config"":""erasure_r50"",""d"":9,""p"":0.024,""r_e"":0.5,""rounds"":9}",
      1024,       461,         0,   0.273,blind_mwpm,6184f6b307057c7f07fc95bcb2b26987b72fd7f3ce74081d8174ceb5e973cd25,"{""config"":""erasure_r50"",""d"":9,""p"":0.024,""r_e"":0.5,""rounds"":9}",
        64,        20,         0,   0.614,herald_mwpm,762eb8735965a80cc5858bc5061adcf32e78c96e1caf126381cf0efa17e2161b,"{""config"":""erasure_r50"",""d"":9,""p"":0.024,""r_e"":0.5,""rounds"":9}",
        64,        20,         0,   0.602,herald_mwpm,762eb8735965a80cc5858bc5061adcf32e78c96e1caf126381cf0efa17e2161b,"{""config"":""erasure_r50"",""d"":9,""p"":0.024,""r_e"":0.5,""rounds"":9}",
       384,       121,         0,    3.65,herald_mwpm,4ca635ddb85dfbf9d92510745c12d2de52280ca6043b0339d641de6a30ec1bb7,"{""config"":""erasure_r50"",""d"":9,""p"":0.022,""r_e"":0.5,""rounds"":9}",
        17,         5,         0,   0.150,herald_mwpm,6a82dee574292acb647cf5177379242c30f1286592475e1f435a9fdcffc6d529,"{""config"":""erasure_r50"",""d"":9,""p"":0.026,""r_e"":0.5,""rounds"":9}",
        64,        21,         0,   0.601,herald_mwpm,762eb8735965a80cc5858bc5061adcf32e78c96e1caf126381cf0efa17e2161b,"{""config"":""erasure_r50"",""d"":9,""p"":0.024,""r_e"":0.5,""rounds"":9}",
        64,        32,         0,   0.598,herald_mwpm,6a82dee574292acb647cf5177379242c30f1286592475e1f435a9fdcffc6d529,"{""config"":""erasure_r50"",""d"":9,""p"":0.026,""r_e"":0.5,""rounds"":9}",
        64,        23,         0,   0.606,herald_mwpm,762eb8735965a80cc5858bc5061adcf32e78c96e1caf126381cf0efa17e2161b,"{""config"":""erasure_r50"",""d"":9,""p"":0.024,""r_e"":0.5,""rounds"":9}",
        64,        16,         0,   0.638,herald_mwpm,6a82dee574292acb647cf5177379242c30f1286592475e1f435a9fdcffc6d529,"{""config"":""erasure_r50"",""d"":9,""p"":0.026,""r_e"":0.5,""rounds"":9}",
        64,        22,         0,   0.600,herald_mwpm,762eb8735965a80cc5858bc5061adcf32e78c96e1caf126381cf0efa17e2161b,"{""config"":""erasure_r50"",""d"":9,""p"":0.024,""r_e"":0.5,""rounds"":9}",
        64,        29,         0,   0.641,herald_mwpm,6a82dee574292acb647cf5177379242c30f1286592475e1f435a9fdcffc6d529,"{""config"":""erasure_r50"",""d"":9,""p"":0.026,""r_e"":0.5,""rounds"":9}",
        64,        18,         0,   0.641,herald_mwpm,762eb8735965a80cc5858bc5061adcf32e78c96e1caf126381cf0efa17e2161b,"{""config"":""erasure_r50"",""d"":9,""p"":0.024,""r_e"":0.5,""rounds"":9}",
       896,       213,         0,    8.62,herald_mwpm,ded7a9dd1b4909d1b9beae1924db9355df0ffd0d9a688f2eb1c6d1a3860276ea,"{""config"":""erasure_r50"",""d"":9,""p"":0.021544346900318832,""r_e"":0.5,""rounds"":9}",
        64,        19,         0,   0.656,herald_mwpm,6a82dee574292acb647cf5177379242c30f1286592475e1f435a9fdcffc6d529,"{""config"":""erasure_r50"",""d"":9,""p"":0.026,""r_e"":0.5,""rounds"":9}",
        64,        23,         0,   0.619,herald_mwpm,762eb8735965a80cc5858bc5061adcf32e78c96e1caf126381cf0efa17e2161b,"{""config"":""erasure_r50"",""d"":9,""p"":0.024,""r_e"":0.5,""rounds"":9}",
        64,        20,         0,   0.641,herald_mwpm,6a82dee574292acb647cf5177379242c30f1286592475e1f435a9fdcffc6d529,"{""config"":""erasure_r50"",""d"":9,""p"":0.026,""r_e"":0.5,""rounds"":9}",
        64,        30,         0,   0.635,herald_mwpm,6a82dee574292acb647cf5177379242c30f1286592475e1f435a9fdcffc6d529,"{""config"":""erasure_r50"",""d"":9,""p"":0.026,""r_e"":0.5,""rounds"":9}",
       128,        47,         0,    1.26,herald_mwpm,762eb8735965a80cc5858bc5061adcf32e78c96e1caf126381cf0efa17e2161b,"{""config"":""erasure_r50"",""d"":9,""p"":0.024,""r_e"":0.5,""rounds"":9}",
       448,       118,         0,    4.36,herald_mwpm,4ca635ddb85dfbf9d92510745c12d2de52280ca6043b0339d641de6a30ec1bb7,"{""config"":""erasure_r50"",""d"":9,""p"":0.022,""r_e"":0.5,""rounds"":9}",
        64,        24,         0,   0.635,herald_mwpm,6a82dee574292acb647cf5177379242c30f1286592475e1f435a9fdcffc6d529,"{""config"":""erasure_r50"",""d"":9,""p"":0.026,""r_e"":0.5,""rounds"":9}",
        64,        21,         0,   0.657,herald_mwpm,6a82dee574292acb647cf5177379242c30f1286592475e1f435a9fdcffc6d529,"{""config"":""erasure_r50"",""d"":9,""p"":0.026,""r_e"":0.5,""rounds"":9}",
       128,        44,         0,    1.22,herald_mwpm,762eb8735965a80cc5858bc5061adcf32e78c96e1caf126381cf0efa17e2161b,"{""config"":""erasure_r50"",""d"":9,""p"":0.024,""r_e"":0.5,""rounds"":9}",
        64,        21,         0,   0.632,herald_mwpm,6a82dee574292acb647cf5177379242c30f1286592475e1f435a9fdcffc6d529,"{""config"":""erasure_r50"",""d"":9,""p"":0.026,""r_e"":0.5,""rounds"":9}",
        64,        21,         0,   0.655,herald_mwpm,6a82dee574292acb647cf5177379242c30f1286592475e1f435a9fdcffc6d529,"{""config"":""erasure_r50"",""d"":9,""p"":0.026,""r_e"":0.5,""rounds"":9}",
       448,       110,         0,    4.32,herald_mwpm,ded7a9dd1b4909d1b9beae1924db9355df0ffd0d9a688f2eb1c6d1a3860276ea,"{""config"":""erasure_r50"",""d"":9,""p"":0.021544346900318832,""r_e"":0.5,""rounds"":9}",
        64,        26,         0,   0.677,herald_mwpm,6a82dee574292acb647cf5177379242c30f1286592475e1f435a9fdcffc6d529,"{""config"":""erasure_r50"",""d"":9,""p"":0.026,""r_e"":0.5,""rounds"":9}",
       192,        59,         0,    1.91,herald_mwpm,762eb8735965a80cc5858bc5061adcf32e78c96e1caf126381cf0efa17e2161b,"{""config"":""erasure_r50"",""d"":9,""p"":0.024,""r_e"":0.5,""rounds"":9}",
        64,        21,         0,   0.666,herald_mwpm,6a82dee574292acb647cf5177379242c30f1286592475e1f435a9fdcffc6d529,"{""config"":""erasure_r50"",""d"":9,""p"":0.026,""r_e"":0.5,""rounds"":9}",
         1,         1,         0,   0.011,blind_mwpm,f47160af807fae30cefd4191c63f55b69fdc6a1223dee804ba954f5b26d5151c,"{""config"":""erasure_r50"",""d"":9,""p"":0.026,""r_e"":0.5,""rounds"":9}",
       272,       119,         0,   0.084,blind_mwpm,f47160af807fae30cefd4191c63f55b69fdc6a1223dee804ba954f5b26d5151c,"{""config"":""erasure_r50"",""d"":9,""p"":0.026,""r_e"":0.5,""rounds"":9}",
      1024,       434,         0,   0.293,blind_mwpm,f47160af807fae30cefd4191c63f55b69fdc6a1223dee804ba954f5b26d5151c,"{""config"":""erasure_r50"",""d"":9,""p"":0.026,""r_e"":0.5,""rounds"":9}",
      1024,       475,         0,   0.292,blind_mwpm,f47160af807fae30cefd4191c63f55b69fdc6a1223dee804ba954f5b26d5151c,"{""config"":""erasure_r50"",""d"":9,""p"":0.026,""r_e"":0.5,""rounds"":9}",
       128,        49,         0,    1.28,herald_mwpm,6a82dee574292acb647cf5177379242c30f1286592475e1f435a9fdcffc6d529,"{""config"":""erasure_r50"",""d"":9,""p"":0.026,""r_e"":0.5,""rounds"":9}",
         1,         0,         0,   0.013,herald_mwpm,71825d0bd7341edaeb0b8691772479e714817603f4b51a989acee12298fe8018,"{""config"":""erasure_r50"",""d"":9,""p"":0.03162277660168379,""r_e"":0.5,""rounds"":9}",
        16,         5,         0,   0.165,herald_mwpm,71825d0bd7341edaeb0b8691772479e714817603f4b51a989acee12298fe8018,"{""config"":""erasure_r50"",""d"":9,""p"":0.03162277660168379,""r_e"":0.5,""rounds"":9}",
       256,        73,         0,    2.60,herald_mwpm,762eb8735965a80cc5858bc5061adcf32e78c96e1caf126381cf0efa17e2161b,"{""config"":""erasure_r50"",""d"":9,""p"":0.024,""r_e"":0.5,""rounds"":9}",
        32,        13,         0,   0.327,herald_mwpm,71825d0bd7341edaeb0b8691772479e714817603f4b51a989acee12298fe8018,"{""config"":""erasure_r50"",""d"":9,""p"":0.03162277660168379,""r_e"":0.5,""rounds"":9}",
        32,        13,         0,   0.319,herald_mwpm,71825d0bd7341edaeb0b8691772479e714817603f4b51a989acee12298fe8018,"{""config"":""erasure_r50"",""d"":9,""p"":0.03162277660168379,""r_e"":0.5,""rounds"":9}",
       128,        54,         0,    1.26,herald_mwpm,6a82dee574292acb647cf5177379242c30f1286592475e1f435a9fdcffc6d529,"{""config"":""erasure_r50"",""d"":9,""p"":0.026,""r_e"":0.5,""rounds"":9}",
       640,       179,         0,    6.46,herald_mwpm,4ca635ddb85dfbf9d92510745c12d2de52280ca6043b0339d641de6a30ec1bb7,"{""config"":""erasure_r50"",""d"":9,""p"":0.022,""r_e"":0.5,""rounds"":9}",
        32,        11,         0,   0.374,herald_mwpm,71825d0bd7341edaeb0b8691772479e714817603f4b51a989acee12298fe8018,"{""config"":""erasure_r50"",""d"":9,""p"":0.03162277660168379,""r_e"":0.5,""rounds"":9}",
        32,        17,         0,   0.332,herald_mwpm,71825d0bd7341edaeb0b8691772479e714817603f4b51a989acee12298fe8018,"{""config"":""erasure_r50"",""d"":9,""p"":0.03162277660168379,""r_e"":0.5,""rounds"":9}",
        32,        12,         0,   0.319,herald_mwpm,71825d0bd7341edaeb0b8691772479e714817603f4b51a989acee12298fe8018,"{""config"":""erasure_r50"",""d"":9,""p"":0.03162277660168379,""r_e"":0.5,""rounds"":9}",
        32,        17,         0,   0.314,herald_mwpm,71825d0bd7341edaeb0b8691772479e714817603f4b51a989acee12298fe8018,"{""config"":""erasure_r50"",""d"":9,""p"":0.03162277660168379,""r_e"":0.5,""rounds"":9}",
        32,        10,         0,   0.313,herald_mwpm,71825d0bd7341edaeb0b8691772479e714817603f4b51a989acee12298fe8018,"{""config"":""erasure_r50"",""d"":9,""p"":0.03162277660168379,""r_e"":0.5,""rounds"":9}",
       192,        73,         0,    1.97,herald_mwpm,6a82dee574292acb647cf5177379242c30f1286592475e1f435a9fdcffc6d529,"{""config"":""erasure_r50"",""d"":9,""p"":0.026,""r_e"":0.5,""rounds"":9}",
        32,        15,         0,   0.355,herald_mwpm,71825d0bd7341edaeb0b8691772479e714817603f4b51a989acee12298fe8018,"{""config"":""erasure_r50"",""d"":9,""p"":0.03162277660168379,""r_e"":0.5,""rounds"":9}",
        32,        16,         0,   0.332,herald_mwpm,71825d0bd7341edaeb0b8691772479e714817603f4b51a989acee12298fe8018,"{""config"":""erasure_r50"",""d"":9,""p"":0.03162277660168379,""r_e"":0.5,""rounds"":9}",
       320,       111,         0,    3.24,herald_mwpm,762eb8735965a80cc5858bc5061adcf32e78c96e1caf126381cf0efa17e2161b,"{""config"":""erasure_r50"",""d"":9,""p"":0.024,""r_e"":0.5,""rounds"":9}",
        64,        32,         0,   0.653,herald_mwpm,71825d0bd7341edaeb0b8691772479e714817603f4b51a989acee12298fe8018,"{""config"":""erasure_r50"",""d"":9,""p"":0.03162277660168379,""r_e"":0.5,""rounds"":9}",
        64,        29,         0,   0.674,herald_mwpm,71825d0bd7341edaeb0b8691772479e714817603f4b51a989acee12298fe8018,"{""config"":""erasure_r50"",""d"":9,""p"":0.03162277660168379,""r_e"":0.5,""rounds"":9}",
       256,       100,         0,    2.58,herald_mwpm,6a82dee574292acb647cf5177379242c30f1286592475e1f435a9fdcffc6d529,"{""config"":""erasure_r50"",""d"":9,""p"":0.026,""r_e"":0.5,""rounds"":9}",
        96,        48,         0,   0.978,herald_mwpm,71825d0bd7341edaeb0b8691772479e714817603f4b51a989acee12298fe8018,"{""config"":""erasure_r50"",""d"":9,""p"":0.03162277660168379,""r_e"":0.5,""rounds"":9}",
      8911,         0,         0,    84.5,herald_mwpm,b1a3fb6678ebe027f210a83550a8797b8928d33385cfcd5549008ed598eaa384,"{""config"":""erasure_r50"",""d"":9,""p"":0.0031622776601683794,""r_e"":0.5,""rounds"":9}",
       128,        60,         0,    1.29,herald_mwpm,71825d0bd7341edaeb0b8691772479e714817603f4b51a989acee12298fe8018,"{""config"":""erasure_r50"",""d"":9,""p"":0.03162277660168379,""r_e"":0.5,""rounds"":9}",
         1,         1,         0,   0.015,blind_mwpm,390435a084f50e311d542eac08c31acfb3f8d90ff9887375ffffb909dd08ee19,"{""config"":""erasure_r50"",""d"":9,""p"":0.03162277660168379,""r_e"":0.5,""rounds"":9}",
       272,       131,         0,   0.093,blind_mwpm,390435a084f50e311d542eac08c31acfb3f8d90ff9887375ffffb909dd08ee19,"{""config"":""erasure_r50"",""d"":9,""p"":0.03162277660168379,""r_e"":0.5,""rounds"":9}",
       448,       146,         0,    4.37,herald_mwpm,762eb8735965a80cc5858bc5061adcf32e78c96e1caf126381cf0efa17e2161b,"{""config"":""erasure_r50"",""d"":9,""p"":0.024,""r_e"":0.5,""rounds"":9}",
      1024,       495,         0,   0.348,blind_mwpm,390435a084f50e311d542eac08c31acfb3f8d90ff9887375ffffb909dd08ee19,"{""config"":""erasure_r50"",""d"":9,""p"":0.03162277660168379,""r_e"":0.5,""rounds"":9}",
      1024,       508,         0,   0.341,blind_mwpm,390435a084f50e311d542eac08c31acfb3f8d90ff9887375ffffb909dd08ee19,"{""config"":""erasure_r50"",""d"":9,""p"":0.03162277660168379,""r_e"":0.5,""rounds"":9}",
       160,        70,         0,    1.60,herald_mwpm,71825d0bd7341edaeb0b8691772479e714817603f4b51a989acee12298fe8018,"{""config"":""erasure_r50"",""d"":9,""p"":0.03162277660168379,""r_e"":0.5,""rounds"":9}",
       320,       129,         0,    3.19,herald_mwpm,6a82dee574292acb647cf5177379242c30f1286592475e1f435a9fdcffc6d529,"{""config"":""erasure_r50"",""d"":9,""p"":0.026,""r_e"":0.5,""rounds"":9}",
       768,       222,         0,    7.68,herald_mwpm,4ca635ddb85dfbf9d92510745c12d2de52280ca6043b0339d641de6a30ec1bb7,"{""config"":""erasure_r50"",""d"":9,""p"":0.022,""r_e"":0.5,""rounds"":9}",
         1,         0,         0,   0.011,herald_mwpm,a86178d44c6b885377b1ab7a20d32584a458cb8857e3b5a6dda04733ba5b2d58,"{""config"":""erasure_r50"",""d"":9,""p"":0.046415888336127774,""r_e"":0.5,""rounds"":9}",
        16,        11,         0,   0.160,herald_mwpm,a86178d44c6b885377b1ab7a20d32584a458cb8857e3b5a6dda04733ba5b2d58,"{""config"":""erasure_r50"",""d"":9,""p"":0.046415888336127774,""r_e"":0.5,""rounds"":9}",
        32,        13,         0,   0.305,herald_mwpm,a86178d44c6b885377b1ab7a20d32584a458cb8857e3b5a6dda04733ba5b2d58,"{""config"":""erasure_r50"",""d"":9,""p"":0.046415888336127774,""r_e"":0.5,""rounds"":9}",
         1,         0,         0,   0.013,blind_mwpm,db7417279a9eeb83911b57590d421bba6e3993adf67f3f857eb3548b2be25bf3,"{""config"":""erasure_r50"",""d"":9,""p"":0.046415888336127774,""r_e"":0.5,""rounds"":9}",
       272,       137,         0,   0.110,blind_mwpm,db7417279a9eeb83911b57590d421bba6e3993adf67f3f857eb3548b2be25bf3,"{""config"":""erasure_r50"",""d"":9,""p"":0.046415888336127774,""r_e"":0.5,""rounds"":9}",
        32,        19,         0,   0.324,herald_mwpm,a86178d44c6b885377b1ab7a20d32584a458cb8857e3b5a6dda04733ba5b2d58,"{""config"":""erasure_r50"",""d"":9,""p"":0.046415888336127774,""r_e"":0.5,""rounds"":9}",
      1024,       522,         0,   0.419,blind_mwpm,db7417279a9eeb83911b57590d421bba6e3993adf67f3f857eb3548b2be25bf3,"{""config"":""erasure_r50"",""d"":9,""p"":0.046415888336127774,""r_e"":0.5,""rounds"":9}",
        32,        18,         0,   0.312,herald_mwpm,a86178d44c6b885377b1ab7a20d32584a458cb8857e3b5a6dda04733ba5b2d58,"{""config"":""erasure_r50"",""d"":9,""p"":0.046415888336127774,""r_e"":0.5,""rounds"":9}",
        32,        16,         0,   0.310,herald_mwpm,a86178d44c6b885377b1ab7a20d32584a458cb8857e3b5a6dda04733ba5b2d58,"{""config"":""erasure_r50"",""d"":9,""p"":0.046415888336127774,""r_e"":0.5,""rounds"":9}",
      1024,       530,         0,   0.422,blind_mwpm,db7417279a9eeb83911b57590d421bba6e3993adf67f3f857eb3548b2be25bf3,"{""config"":""erasure_r50"",""d"":9,""p"":0.046415888336127774,""r_e"":0.5,""rounds"":9}",
       256,       125,         0,    2.49,herald_mwpm,71825d0bd7341edaeb0b8691772479e714817603f4b51a989acee12298fe8018,"{""config"":""erasure_r50"",""d"":9,""p"":0.03162277660168379,""r_e"":0.5,""rounds"":9}",
        32,        14,         0,   0.313,herald_mwpm,a86178d44c6b885377b1ab7a20d32584a458cb8857e3b5a6dda04733ba5b2d58,"{""config"":""erasure_r50"",""d"":9,""p"":0.046415888336127774,""r_e"":0.5,""rounds"":9}",
        32,        16,         0,   0.325,herald_mwpm,a86178d44c6b885377b1ab7a20d32584a458cb8857e3b5a6dda04733ba5b2d58,"{""config"":""erasure_r50"",""d"":9,""p"":0.046415888336127774,""r_e"":0.5,""rounds"":9}",
        32,        20,         0,   0.334,herald_mwpm,a86178d44c6b885377b1ab7a20d32584a458cb8857e3b5a6dda04733ba5b2d58,"{""config"":""erasure_r50"",""d"":9,""p"":0.046415888336127774,""r_e"":0.5,""rounds"":9}",
         1,         0,         0,   0.014,herald_mwpm,26b67fbdc6c324d88c77fd16f75e125d0f4cf6a4852505718c1485178580d0ed,"{""config"":""erasure_r50"",""d"":9,""p"":0.06812920690579612,""r_e"":0.5,""rounds"":9}",
        16,        10,         0,   0.180,herald_mwpm,26b67fbdc6c324d88c77fd16f75e125d0f4cf6a4852505718c1485178580d0ed,"{""config"":""erasure_r50"",""d"":9,""p"":0.06812920690579612,""r_e"":0.5,""rounds"":9}",
        32,        16,         0,   0.341,herald_mwpm,a86178d44c6b885377b1ab7a20d32584a458cb8857e3b5a6dda04733ba5b2d58,"{""config"":""erasure_r50"",""d"":9,""p"":0.046415888336127774,""r_e"":0.5,""rounds"":9}",
        32,        22,         0,   0.329,herald_mwpm,26b67fbdc6c324d88c77fd16f75e125d0f4cf6a4852505718c1485178580d0ed,"{""config"":""erasure_r50"",""d"":9,""p"":0.06812920690579612,""r_e"":0.5,""rounds"":9}",
        32,        14,         0,   0.333,herald_mwpm,a86178d44c6b885377b1ab7a20d32584a458cb8857e3b5a6dda04733ba5b2d58,"{""config"":""erasure_r50"",""d"":9,""p"":0.046415888336127774,""r_e"":0.5,""rounds"":9}",
        32,        17,         0,   0.322,herald_mwpm,26b67fbdc6c324d88c77fd16f75e125d0f4cf6a4852505718c1485178580d0ed,"{""config"":""erasure_r50"",""d"":9,""p"":0.06812920690579612,""r_e"":0.5,""rounds"":9}",
        32,        17,         0,   0.323,herald_mwpm,26b67fbdc6c324d88c77fd16f75e125d0f4cf6a4852505718c1485178580d0ed,"{""config"":""erasure_r50"",""d"":9,""p"":0.06812920690579612,""r_e"":0.5,""rounds"":9}",
        64,        31,         0,   0.648,herald_mwpm,a86178d44c6b885377b1ab7a20d32584a458cb8857e3b5a6dda04733ba5b2d58,"{""config"":""erasure_r50"",""d"":9,""p"":0.046415888336127774,""r_e"":0.5,""rounds"":9}",
       448,       175,         0,    4.38,herald_mwpm,6a82dee574292acb647cf5177379242c30f1286592475e1f435a9fdcffc6d529,"{""config"":""erasure_r50"",""d"":9,""p"":0.026,""r_e"":0.5,""rounds"":9}",
        32,        14,         0,   0.324,herald_mwpm,26b67fbdc6c324d88c77fd16f75e125d0f4cf6a4852505718c1485178580d0ed,"{""config"":""erasure_r50"",""d"":9,""p"":0.06812920690579612,""r_e"":0.5,""rounds"":9}",
        32,        16,         0,   0.312,herald_mwpm,26b67fbdc6c324d88c77fd16f75e125d0f4cf6a4852505718c1485178580d0ed,"{""config"":""erasure_r50"",""d"":9,""p"":0.06812920690579612,""r_e"":0.5,""rounds"":9}",
        64,        33,         0,   0.665,herald_mwpm,a86178d44c6b885377b1ab7a20d32584a458cb8857e3b5a6dda04733ba5b2d58,"{""config"":""erasure_r50"",""d"":9,""p"":0.046415888336127774,""r_e"":0.5,""rounds"":9}",
        32,        15,         0,   0.324,herald_mwpm,26b67fbdc6c324d88c77fd16f75e125d0f4cf6a4852505718c1485178580d0ed,"{""config"":""erasure_r50"",""d"":9,""p"":0.06812920690579612,""r_e"":0.5,""rounds"":9}",
       320,       148,         0,    3.16,herald_mwpm,71825d0bd7341edaeb0b8691772479e714817603f4b51a989acee12298fe8018,"{""config"":""erasure_r50"",""d"":9,""p"":0.03162277660168379,""r_e"":0.5,""rounds"":9}",
       640,       194,         0,    6.16,herald_mwpm,762eb8735965a80cc5858bc5061adcf32e78c96e1caf126381cf0efa17e2161b,"{""config"":""erasure_r50"",""d"":9,""p"":0.024,""r_e"":0.5,""rounds"":9}",
        32,        21,         0,   0.348,herald_mwpm,26b67fbdc6c324d88c77fd16f75e125d0f4cf6a4852505718c1485178580d0ed,"{""config"":""erasure_r50"",""d"":9,""p"":0.06812920690579612,""r_e"":0.5,""rounds"":9}",
        32,         9,         0,   0.335,herald_mwpm,26b67fbdc6c324d88c77fd16f75e125d0f4cf6a4852505718c1485178580d0ed,"{""config"":""erasure_r50"",""d"":9,""p"":0.06812920690579612,""r_e"":0.5,""rounds"":9}",
        96,        40,         0,    1.02,herald_mwpm,a86178d44c6b885377b1ab7a20d32584a458cb8857e3b5a6dda04733ba5b2d58,"{""config"":""erasure_r50"",""d"":9,""p"":0.046415888336127774,""r_e"":0.5,""rounds"":9}",
        32,        14,         0,   0.338,herald_mwpm,26b67fbdc6c324d88c77fd16f75e125d0f4cf6a4852505718c1485178580d0ed,"{""config"":""erasure_r50"",""d"":9,""p"":0.06812920690579612,""r_e"":0.5,""rounds"":9}",
        64,        30,         0,   0.680,herald_mwpm,26b67fbdc6c324d88c77fd16f75e125d0f4cf6a4852505718c1485178580d0ed,"{""config"":""erasure_r50"",""d"":9,""p"":0.06812920690579612,""r_e"":0.5,""rounds"":9}",
       128,        73,         0,    1.34,herald_mwpm,a86178d44c6b885377b1ab7a20d32584a458cb8857e3b5a6dda04733ba5b2d58,"{""config"":""erasure_r50"",""d"":9,""p"":0.046415888336127774,""r_e"":0.5,""rounds"":9}",
        64,        27,         0,   0.711,herald_mwpm,26b67fbdc6c324d88c77fd16f75e125d0f4cf6a4852505718c1485178580d0ed,"{""config"":""erasure_r50"",""d"":9,""p"":0.06812920690579612,""r_e"":0.5,""rounds"":9}",
       256,       104,         0,    2.57,herald_mwpm,762eb8735965a80cc5858bc5061adcf32e78c96e1caf126381cf0efa17e2161b,"{""config"":""erasure_r50"",""d"":9,""p"":0.024,""r_e"":0.5,""rounds"":9}",
       384,       145,         0,    3.87,herald_mwpm,6a82dee574292acb647cf5177379242c30f1286592475e1f435a9fdcffc6d529,"{""config"":""erasure_r50"",""d"":9,""p"":0.026,""r_e"":0.5,""rounds"":9}",
        96,        37,         0,    1.02,herald_mwpm,26b67fbdc6c324d88c77fd16f75e125d0f4cf6a4852505718c1485178580d0ed,"{""config"":""erasure_r50"",""d"":9,""p"":0.06812920690579612,""r_e"":0.5,""rounds"":9}",
         1,         1,         0,   0.013,blind_mwpm,f8f6143eeac2d0a5bb930989850e7431584bd12bda3d6f8b8efd1c69bde2041a,"{""config"":""erasure_r50"",""d"":9,""p"":0.06812920690579612,""r_e"":0.5,""rounds"":9}",
       160,        82,         0,    1.66,herald_mwpm,a86178d44c6b885377b1ab7a20d32584a458cb8857e3b5a6dda04733ba5b2d58,"{""config"":""erasure_r50"",""d"":9,""p"":0.046415888336127774,""r_e"":0.5,""rounds"":9}",
       272,       125,         0,   0.148,blind_mwpm,f8f6143eeac2d0a5bb930989850e7431584bd12bda3d6f8b8efd1c69bde2041a,"{""config"":""erasure_r50"",""d"":9,""p"":0.06812920690579612,""r_e"":0.5,""rounds"":9}",
         1,         0,         0,   0.011,herald_mwpm,f3476e1631cdbf401a7405fbed9a4448066386eb077606c3b500de2830285e95,"{""config"":""erasure_r50"",""d"":9,""p"":0.1,""r_e"":0.5,""rounds"":9}",
        16,         8,         0,   0.173,herald_mwpm,f3476e1631cdbf401a7405fbed9a4448066386eb077606c3b500de2830285e95,"{""config"":""erasure_r50"",""d"":9,""p"":0.1,""r_e"":0.5,""rounds"":9}",
      1024,       506,         0,   0.558,blind_mwpm,f8f6143eeac2d0a5bb930989850e7431584bd12bda3d6f8b8efd1c69bde2041a,"{""config"":""erasure_r50"",""d"":9,""p"":0.06812920690579612,""r_e"":0.5,""rounds"":9}",
        32,        19,         0,   0.337,herald_mwpm,f3476e1631cdbf401a7405fbed9a4448066386eb077606c3b500de2830285e95,"{""config"":""erasure_r50"",""d"":9,""p"":0.1,""r_e"":0.5,""rounds"":9}",
       448,       195,         0,    4.58,herald_mwpm,71825d0bd7341edaeb0b8691772479e714817603f4b51a989acee12298fe8018,"{""config"":""erasure_r50"",""d"":9,""p"":0.03162277660168379,""r_e"":0.5,""rounds"":9}",
       128,        65,         0,    1.38,herald_mwpm,26b67fbdc6c324d88c77fd16f75e125d0f4cf6a4852505718c1485178580d0ed,"{""config"":""erasure_r50"",""d"":9,""p"":0.06812920690579612,""r_e"":0.5,""rounds"":9}",
        32,        17,         0,   0.357,herald_mwpm,f3476e1631cdbf401a7405fbed9a4448066386eb077606c3b500de2830285e95,"{""config"":""erasure_r50"",""d"":9,""p"":0.1,""r_e"":0.5,""rounds"":9}",
      1024,       544,         0,   0.567,blind_mwpm,f8f6143eeac2d0a5bb930989850e7431584bd12bda3d6f8b8efd1c69bde2041a,"{""config"":""erasure_r50"",""d"":9,""p"":0.06812920690579612,""r_e"":0.5,""rounds"":9}",
        32,        15,         0,   0.330,herald_mwpm,f3476e1631cdbf401a7405fbed9a4448066386eb077606c3b500de2830285e95,"{""config"":""erasure_r50"",""d"":9,""p"":0.1,""r_e"":0.5,""rounds"":9}",
        32,        19,         0,   0.329,herald_mwpm,f3476e1631cdbf401a7405fbed9a4448066386eb077606c3b500de2830285e95,"{""config"":""erasure_r50"",""d"":9,""p"":0.1,""r_e"":0.5,""rounds"":9}",
        32,        19,         0,   0.324,herald_mwpm,f3476e1631cdbf401a7405fbed9a4448066386eb077606c3b500de2830285e95,"{""config"":""erasure_r50"",""d"":9,""p"":0.1,""r_e"":0.5,""rounds"":9}",
        17,         8,         0,   0.019,blind_mwpm,b495fd11fc8a99f62ac36174fe94ad490d28398a171d3777d7410721e948eb90,"{""config"":""erasure_r50"",""d"":9,""p"":0.1,""r_e"":0.5,""rounds"":9}",
       256,       137,         0,   0.141,blind_mwpm,b495fd11fc8a99f62ac36174fe94ad490d28398a171d3777d7410721e948eb90,"{""config"":""erasure_r50"",""d"":9,""p"":0.1,""r_e"":0.5,""rounds"":9}",
       224,       112,         0,    2.32,herald_mwpm,a86178d44c6b885377b1ab7a20d32584a458cb8857e3b5a6dda04733ba5b2d58,"{""config"":""erasure_r50"",""d"":9,""p"":0.046415888336127774,""r_e"":0.5,""rounds"":9}",
        32,        15,         0,   0.315,herald_mwpm,f3476e1631cdbf401a7405fbed9a4448066386eb077606c3b500de2830285e95,"{""config"":""erasure_r50"",""d"":9,""p"":0.1,""r_e"":0.5,""rounds"":9}",
       160,        85,         0,    1.59,herald_mwpm,26b67fbdc6c324d88c77fd16f75e125d0f4cf6a4852505718c1485178580d0ed,"{""config"":""erasure_r50"",""d"":9,""p"":0.06812920690579612,""r_e"":0.5,""rounds"":9}",
        32,        14,         0,   0.320,herald_mwpm,f3476e1631cdbf401a7405fbed9a4448066386eb077606c3b500de2830285e95,"{""config"":""erasure_r50"",""d"":9,""p"":0.1,""r_e"":0.5,""rounds"":9}",
      1024,       513,         0,   0.583,blind_mwpm,b495fd11fc8a99f62ac36174fe94ad490d28398a171d3777d7410721e948eb90,"{""config"":""erasure_r50"",""d"":9,""p"":0.1,""r_e"":0.5,""rounds"":9}",
        32,        16,         0,   0.321,herald_mwpm,f3476e1631cdbf401a7405fbed9a4448066386eb077606c3b500de2830285e95,"{""config"":""erasure_r50"",""d"":9,""p"":0.1,""r_e"":0.5,""rounds"":9}",
        32,        18,         0,   0.330,herald_mwpm,f3476e1631cdbf401a7405fbed9a4448066386eb077606c3b500de2830285e95,"{""config"":""erasure_r50"",""d"":9,""p"":0.1,""r_e"":0.5,""rounds"":9}",
      1024,       527,         0,   0.629,blind_mwpm,b495fd11fc8a99f62ac36174fe94ad490d28398a171d3777d7410721e948eb90,"{""config"":""erasure_r50"",""d"":9,""p"":0.1,""r_e"":0.5,""rounds"":9}",
        64,        25,         0,   0.685,herald_mwpm,f3476e1631cdbf401a7405fbed9a4448066386eb077606c3b500de2830285e95,"{""config"":""erasure_r50"",""d"":9,""p"":0.1,""r_e"":0.5,""rounds"":9}",
       320,       165,         0,    3.12,herald_mwpm,71825d0bd7341edaeb0b8691772479e714817603f4b51a989acee12298fe8018,"{""config"":""erasure_r50"",""d"":9,""p"":0.03162277660168379,""r_e"":0.5,""rounds"":9}",
        64,        37,         0,   0.672,herald_mwpm,f3476e1631cdbf401a7405fbed9a4448066386eb077606c3b500de2830285e95,"{""config"":""erasure_r50"",""d"":9,""p"":0.1,""r_e"":0.5,""rounds"":9}",
       224,       125,         0,    2.36,herald_mwpm,26b67fbdc6c324d88c77fd16f75e125d0f4cf6a4852505718c1485178580d0ed,"{""config"":""erasure_r50"",""d"":9,""p"":0.06812920690579612,""r_e"":0.5,""rounds"":9}",
         1,         0,         0,   0.020,herald_mwpm,e6ae9180b42184f40fbf11a9d72b1e65934aecf9b5ab23e11ac8f2a8c78ec2d5,"{""config"":""erasure_r50"",""d"":11,""p"":0.001,""r_e"":0.5,""rounds"":11}",
       320,       166,         0,    3.26,herald_mwpm,a86178d44c6b885377b1ab7a20d32584a458cb8857e3b5a6dda04733ba5b2d58,"{""config"":""erasure_r50"",""d"":9,""p"":0.046415888336127774,""r_e"":0.5,""rounds"":9}",
        96,        48,         0,    1.00,herald_mwpm,f3476e1631cdbf401a7405fbed9a4448066386eb077606c3b500de2830285e95,"{""config"":""erasure_r50"",""d"":9,""p"":0.1,""r_e"":0.5,""rounds"":9}",
        16,         0,         0,   0.277,herald_mwpm,e6ae9180b42184f40fbf11a9d72b1e65934aecf9b5ab23e11ac8f2a8c78ec2d5,"{""config"":""erasure_r50"",""d"":11,""p"":0.001,""r_e"":0.5,""rounds"":11}",
         1,         0,         0,   0.024,blind_mwpm,8413c76cf6e36c2a90a198e3e6e0dcbcee1e473f26aa05dfcc0c6e9a66f02201,"{""config"":""erasure_r50"",""d"":11,""p"":0.001,""r_e"":0.5,""rounds"":11}",
       272,         0,         0,   0.018,blind_mwpm,8413c76cf6e36c2a90a198e3e6e0dcbcee1e473f26aa05dfcc0c6e9a66f02201,"{""config"":""erasure_r50"",""d"":11,""p"":0.001,""r_e"":0.5,""rounds"":11}",
      1024,         0,         0,   0.068,blind_mwpm,8413c76cf6e36c2a90a198e3e6e0dcbcee1e473f26aa05dfcc0c6e9a66f02201,"{""config"":""erasure_r50"",""d"":11,""p"":0.001,""r_e"":0.5,""rounds"":11}",
      1024,         0,         0,   0.064,blind_mwpm,8413c76cf6e36c2a90a198e3e6e0dcbcee1e473f26aa05dfcc0c6e9a66f02201,"{""config"":""erasure_r50"",""d"":11,""p"":0.001,""r_e"":0.5,""rounds"":11}",
      1024,         0,         0,   0.060,blind_mwpm,8413c76cf6e36c2a90a198e3e6e0dcbcee1e473f26aa05dfcc0c6e9a66f02201,"{""config"":""erasure_r50"",""d"":11,""p"":0.001,""r_e"":0.5,""rounds"":11}",
      1024,         0,         0,   0.064,blind_mwpm,8413c76cf6e36c2a90a198e3e6e0dcbcee1e473f26aa05dfcc0c6e9a66f02201,"{""config"":""erasure_r50"",""d"":11,""p"":0.001,""r_e"":0.5,""rounds"":11}",
        32,         0,         0,   0.597,herald_mwpm,e6ae9180b42184f40fbf11a9d72b1e65934aecf9b5ab23e11ac8f2a8c78ec2d5,"{""config"":""erasure_r50"",""d"":11,""p"":0.001,""r_e"":0.5,""rounds"":11}",
      2048,         0,         0,   0.124,blind_mwpm,8413c76cf6e36c2a90a198e3e6e0dcbcee1e473f26aa05dfcc0c6e9a66f02201,"{""config"":""erasure_r50"",""d"":11,""p"":0.001,""r_e"":0.5,""rounds"":11}",
      2048,         0,         0,   0.124,blind_mwpm,8413c76cf6e36c2a90a198e3e6e0dcbcee1e473f26aa05dfcc0c6e9a66f02201,"{""config"":""erasure_r50"",""d"":11,""p"":0.001,""r_e"":0.5,""rounds"":11}",
      3072,         0,         0,   0.179,blind_mwpm,8413c76cf6e36c2a90a198e3e6e0dcbcee1e473f26aa05dfcc0c6e9a66f02201,"{""config"":""erasure_r50"",""d"":11,""p"":0.001,""r_e"":0.5,""rounds"":11}",
        32,         0,         0,   0.523,herald_mwpm,e6ae9180b42184f40fbf11a9d72b1e65934aecf9b5ab23e11ac8f2a8c78ec2d5,"{""config"":""erasure_r50"",""d"":11,""p"":0.001,""r_e"":0.5,""rounds"":11}",
      4096,         0,         0,   0.257,blind_mwpm,8413c76cf6e36c2a90a198e3e6e0dcbcee1e473f26aa05dfcc0c6e9a66f02201,"{""config"":""erasure_r50"",""d"":11,""p"":0.001,""r_e"":0.5,""rounds"":11}",
       128,        71,         0,    1.41,herald_mwpm,f3476e1631cdbf401a7405fbed9a4448066386eb077606c3b500de2830285e95,"{""config"":""erasure_r50"",""d"":9,""p"":0.1,""r_e"":0.5,""rounds"":9}",
      5120,         0,         0,   0.320,blind_mwpm,8413c76cf6e36c2a90a198e3e6e0dcbcee1e473f26aa05dfcc0c6e9a66f02201,"{""config"":""erasure_r50"",""d"":11,""p"":0.001,""r_e"":0.5,""rounds"":11}",
        32,         0,         0,   0.607,herald_mwpm,e6ae9180b42184f40fbf11a9d72b1e65934aecf9b5ab23e11ac8f2a8c78ec2d5,"{""config"":""erasure_r50"",""d"":11,""p"":0.001,""r_e"":0.5,""rounds"":11}",
      7168,         0,         0,   0.436,blind_mwpm,8413c76cf6e36c2a90a198e3e6e0dcbcee1e473f26aa05dfcc0c6e9a66f02201,"{""config"":""erasure_r50"",""d"":11,""p"":0.001,""r_e"":0.5,""rounds"":11}",
        32,         0,         0,   0.590,herald_mwpm,e6ae9180b42184f40fbf11a9d72b1e65934aecf9b5ab23e11ac8f2a8c78ec2d5,"{""config"":""erasure_r50"",""d"":11,""p"":0.001,""r_e"":0.5,""rounds"":11}",
       288,       157,         0,    3.09,herald_mwpm,26b67fbdc6c324d88c77fd16f75e125d0f4cf6a4852505718c1485178580d0ed,"{""config"":""erasure_r50"",""d"":9,""p"":0.06812920690579612,""r_e"":0.5,""rounds"":9}",
      9216,         0,         0,   0.571,blind_mwpm,8413c76cf6e36c2a90a198e3e6e0dcbcee1e473f26aa05dfcc0c6e9a66f02201,"{""config"":""erasure_r50"",""d"":11,""p"":0.001,""r_e"":0.5,""rounds"":11}",
        32,         0,         0,   0.557,herald_mwpm,e6ae9180b42184f40fbf11a9d72b1e65934aecf9b5ab23e11ac8f2a8c78ec2d5,"{""config"":""erasure_r50"",""d"":11,""p"":0.001,""r_e"":0.5,""rounds"":11}",
       160,        80,         0,    1.76,herald_mwpm,f3476e1631cdbf401a7405fbed9a4448066386eb077606c3b500de2830285e95,"{""config"":""erasure_r50"",""d"":9,""p"":0.1,""r_e"":0.5,""rounds"":9}",
     13312,         0,         0,   0.815,blind_mwpm,8413c76cf6e36c2a90a198e3e6e0dcbcee1e473f26aa05dfcc0c6e9a66f02201,"{""config"":""erasure_r50"",""d"":11,""p"":0.001,""r_e"":0.5,""rounds"":11}",
        32,         0,         0,   0.634,herald_mwpm,e6ae9180b42184f40fbf11a9d72b1e65934aecf9b5ab23e11ac8f2a8c78ec2d5,"{""config"":""erasure_r50"",""d"":11,""p"":0.001,""r_e"":0.5,""rounds"":11}",
        32,         0,         0,   0.564,herald_mwpm,e6ae9180b42184f40fbf11a9d72b1e65934aecf9b5ab23e11ac8f2a8c78ec2d5,"{""config"":""erasure_r50"",""d"":11,""p"":0.001,""r_e"":0.5,""rounds"":11}",
       416,       206,         0,    4.50,herald_mwpm,a86178d44c6b885377b1ab7a20d32584a458cb8857e3b5a6dda04733ba5b2d58,"{""config"":""erasure_r50"",""d"":9,""p"":0.046415888336127774,""r_e"":0.5,""rounds"":9}",
     19456,         0,         0,    1.16,blind_mwpm,8413c76cf6e36c2a90a198e3e6e0dcbcee1e473f26aa05dfcc0c6e9a66f02201,"{""config"":""erasure_r50"",""d"":11,""p"":0.001,""r_e"":0.5,""rounds"":11}",
        32,         0,         0,   0.633,herald_mwpm,e6ae9180b42184f40fbf11a9d72b1e65934aecf9b5ab23e11ac8f2a8c78ec2d5,"{""config"":""erasure_r50"",""d"":11,""p"":0.001,""r_e"":0.5,""rounds"":11}",
        32,         0,         0,   0.596,herald_mwpm,e6ae9180b42184f40fbf11a9d72b1e65934aecf9b5ab23e11ac8f2a8c78ec2d5,"{""config"":""erasure_r50"",""d"":11,""p"":0.001,""r_e"":0.5,""rounds"":11}",
       224,       106,         0,    2.47,herald_mwpm,f3476e1631cdbf401a7405fbed9a4448066386eb077606c3b500de2830285e95,"{""config"":""erasure_r50"",""d"":9,""p"":0.1,""r_e"":0.5,""rounds"":9}",
        32,         0,         0,   0.567,herald_mwpm,e6ae9180b42184f40fbf11a9d72b1e65934aecf9b5ab23e11ac8f2a8c78ec2d5,"{""config"":""erasure_r50"",""d"":11,""p"":0.001,""r_e"":0.5,""rounds"":11}",
     26624,         0,         0,    1.61,blind_mwpm,8413c76cf6e36c2a90a198e3e6e0dcbcee1e473f26aa05dfcc0c6e9a66f02201,"{""config"":""erasure_r50"",""d"":11,""p"":0.001,""r_e"":0.5,""rounds"":11}",
      3471,         0,         0,   0.198,blind_mwpm,8413c76cf6e36c2a90a198e3e6e0dcbcee1e473f26aa05dfcc0c6e9a66f02201,"{""config"":""erasure_r50"",""d"":11,""p"":0.001,""r_e"":0.5,""rounds"":11}",
        32,         0,         0,   0.627,herald_mwpm,e6ae9180b42184f40fbf11a9d72b1e65934aecf9b5ab23e11ac8f2a8c78ec2d5,"{""config"":""erasure_r50"",""d"":11,""p"":0.001,""r_e"":0.5,""rounds"":11}",
       224,       114,         0,    2.42,herald_mwpm,a86178d44c6b885377b1ab7a20d32584a458cb8857e3b5a6dda04733ba5b2d58,"{""config"":""erasure_r50"",""d"":9,""p"":0.046415888336127774,""r_e"":0.5,""rounds"":9}",
       416,       204,         0,    4.57,herald_mwpm,26b67fbdc6c324d88c77fd16f75e125d0f4cf6a4852505718c1485178580d0ed,"{""config"":""erasure_r50"",""d"":9,""p"":0.06812920690579612,""r_e"":0.5,""rounds"":9}",
        64,         0,         0,    1.24,herald_mwpm,e6ae9180b42184f40fbf11a9d72b1e65934aecf9b5ab23e11ac8f2a8c78ec2d5,"{""config"":""erasure_r50"",""d"":11,""p"":0.001,""r_e"":0.5,""rounds"":11}",
         1,         0,         0,   0.018,herald_mwpm,a05369d27f9b34d7dafffafabc58894708db05e7aaaea97e35a288dfc61d6e0e,"{""config"":""erasure_r50"",""d"":11,""p"":0.0014677992676220691,""r_e"":0.5,""rounds"":11}",
        16,         0,         0,   0.313,herald_mwpm,a05369d27f9b34d7dafffafabc58894708db05e7aaaea97e35a288dfc61d6e0e,"{""config"":""erasure_r50"",""d"":11,""p"":0.0014677992676220691,""r_e"":0.5,""rounds"":11}",
         1,         0,         0,   0.022,blind_mwpm,44f2999dfdce1be1ab1c6bfc40c555af9adc0123e05a4bdb9cdf6bd95c84d15b,"{""config"":""erasure_r50"",""d"":11,""p"":0.0014677992676220691,""r_e"":0.5,""rounds"":11}",
       272,         0,         0,   0.019,blind_mwpm,44f2999dfdce1be1ab1c6bfc40c555af9adc0123e05a4bdb9cdf6bd95c84d15b,"{""config"":""erasure_r50"",""d"":11,""p"":0.0014677992676220691,""r_e"":0.5,""rounds"":11}",
       288,       143,         0,    3.16,herald_mwpm,f3476e1631cdbf401a7405fbed9a4448066386eb077606c3b500de2830285e95,"{""config"":""erasure_r50"",""d"":9,""p"":0.1,""r_e"":0.5,""rounds"":9}",
      1024,         0,         0,   0.071,blind_mwpm,44f2999dfdce1be1ab1c6bfc40c555af9adc0123e05a4bdb9cdf6bd95c84d15b,"{""config"":""erasure_r50"",""d"":11,""p"":0.0014677992676220691,""r_e"":0.5,""rounds"":11}",
      1024,         0,         0,   0.071,blind_mwpm,44f2999dfdce1be1ab1c6bfc40c555af9adc0123e05a4bdb9cdf6bd95c84d15b,"{""config"":""erasure_r50"",""d"":11,""p"":0.0014677992676220691,""r_e"":0.5,""rounds"":11}",
        16,         0,         0,   0.325,herald_mwpm,a05369d27f9b34d7dafffafabc58894708db05e7aaaea97e35a288dfc61d6e0e,"{""config"":""erasure_r50"",""d"":11,""p"":0.0014677992676220691,""r_e"":0.5,""rounds"":11}",
      1024,         0,         0,   0.073,blind_mwpm,44f2999dfdce1be1ab1c6bfc40c555af9adc0123e05a4bdb9cdf6bd95c84d15b,"{""config"":""erasure_r50"",""d"":11,""p"":0.0014677992676220691,""r_e"":0.5,""rounds"":11}",
        64,         0,         0,    1.23,herald_mwpm,e6ae9180b42184f40fbf11a9d72b1e65934aecf9b5ab23e11ac8f2a8c78ec2d5,"{""config"":""erasure_r50"",""d"":11,""p"":0.001,""r_e"":0.5,""rounds"":11}",
      1024,         0,         0,   0.067,blind_mwpm,44f2999dfdce1be1ab1c6bfc40c555af9adc0123e05a4bdb9cdf6bd95c84d15b,"{""config"":""erasure_r50"",""d"":11,""p"":0.0014677992676220691,""r_e"":0.5,""rounds"":11}",
      2048,         0,         0,   0.129,blind_mwpm,44f2999dfdce1be1ab1c6bfc40c555af9adc0123e05a4bdb9cdf6bd95c84d15b,"{""config"":""erasure_r50"",""d"":11,""p"":0.0014677992676220691,""r_e"":0.5,""rounds"":11}",
        16,         0,         0,   0.328,herald_mwpm,a05369d27f9b34d7dafffafabc58894708db05e7aaaea97e35a288dfc61d6e0e,"{""config"":""erasure_r50"",""d"":11,""p"":0.0014677992676220691,""r_e"":0.5,""rounds"":11}",
      2048,         0,         0,   0.127,blind_mwpm,44f2999dfdce1be1ab1c6bfc40c555af9adc0123e05a4bdb9cdf6bd95c84d15b,"{""config"":""erasure_r50"",""d"":11,""p"":0.0014677992676220691,""r_e"":0.5,""rounds"":11}",
      3072,         0,         0,   0.184,blind_mwpm,44f2999dfdce1be1ab1c6bfc40c555af9adc0123e05a4bdb9cdf6bd95c84d15b,"{""config"":""erasure_r50"",""d"":11,""p"":0.0014677992676220691,""r_e"":0.5,""rounds"":11}",
        16,         0,         0,   0.286,herald_mwpm,a05369d27f9b34d7dafffafabc58894708db05e7aaaea97e35a288dfc61d6e0e,"{""config"":""erasure_r50"",""d"":11,""p"":0.0014677992676220691,""r_e"":0.5,""rounds"":11}",
       256,       125,         0,    2.81,herald_mwpm,26b67fbdc6c324d88c77fd16f75e125d0f4cf6a4852505718c1485178580d0ed,"{""config"":""erasure_r50"",""d"":9,""p"":0.06812920690579612,""r_e"":0.5,""rounds"":9}",
      4096,         0,         0,   0.264,blind_mwpm,44f2999dfdce1be1ab1c6bfc40c555af9adc0123e05a4bdb9cdf6bd95c84d15b,"{""config"":""erasure_r50"",""d"":11,""p"":0.0014677992676220691,""r_e"":0.5,""rounds"":11}",
      5120,         0,         0,   0.344,blind_mwpm,44f2999dfdce1be1ab1c6bfc40c555af9adc0123e05a4bdb9cdf6bd95c84d15b,"{""config"":""erasure_r50"",""d"":11,""p"":0.0014677992676220691,""r_e"":0.5,""rounds"":11}",
        32,         0,         0,   0.582,herald_mwpm,a05369d27f9b34d7dafffafabc58894708db05e7aaaea97e35a288dfc61d6e0e,"{""config"":""erasure_r50"",""d"":11,""p"":0.0014677992676220691,""r_e"":0.5,""rounds"":11}",
      7168,         0,         0,   0.448,blind_mwpm,44f2999dfdce1be1ab1c6bfc40c555af9adc0123e05a4bdb9cdf6bd95c84d15b,"{""config"":""erasure_r50"",""d"":11,""p"":0.0014677992676220691,""r_e"":0.5,""rounds"":11}",
        32,         0,         0,   0.622,herald_mwpm,a05369d27f9b34d7dafffafabc58894708db05e7aaaea97e35a288dfc61d6e0e,"{""config"":""erasure_r50"",""d"":11,""p"":0.0014677992676220691,""r_e"":0.5,""rounds"":11}",
        96,         0,         0,    1.83,herald_mwpm,e6ae9180b42184f40fbf11a9d72b1e65934aecf9b5ab23e11ac8f2a8c78ec2d5,"{""config"":""erasure_r50"",""d"":11,""p"":0.001,""r_e"":0.5,""rounds"":11}",
      9216,         0,         0,   0.615,blind_mwpm,44f2999dfdce1be1ab1c6bfc40c555af9adc0123e05a4bdb9cdf6bd95c84d15b,"{""config"":""erasure_r50"",""d"":11,""p"":0.0014677992676220691,""r_e"":0.5,""rounds"":11}",
        32,         0,         0,   0.608,herald_mwpm,a05369d27f9b34d7dafffafabc58894708db05e7aaaea97e35a288dfc61d6e0e,"{""config"":""erasure_r50"",""d"":11,""p"":0.0014677992676220691,""r_e"":0.5,""rounds"":11}",
         1,         0,         0,   0.019,herald_mwpm,4529ad5a794da81fd65ea2d8da2f7468e00905e85c57951940e98469b57b6a33,"{""config"":""erasure_r50"",""d"":11,""p"":0.0021544346900318843,""r_e"":0.5,""rounds"":11}",
        32,         0,         0,   0.631,herald_mwpm,a05369d27f9b34d7dafffafabc58894708db05e7aaaea97e35a288dfc61d6e0e,"{""config"":""erasure_r50"",""d"":11,""p"":0.0014677992676220691,""r_e"":0.5,""rounds"":11}",
        16,         0,         0,   0.296,herald_mwpm,4529ad5a794da81fd65ea2d8da2f7468e00905e85c57951940e98469b57b6a33,"{""config"":""erasure_r50"",""d"":11,""p"":0.0021544346900318843,""r_e"":0.5,""rounds"":11}",
     13312,         0,         0,   0.866,blind_mwpm,44f2999dfdce1be1ab1c6bfc40c555af9adc0123e05a4bdb9cdf6bd95c84d15b,"{""config"":""erasure_r50"",""d"":11,""p"":0.0014677992676220691,""r_e"":0.5,""rounds"":11}",
        32,         0,         0,   0.648,herald_mwpm,a05369d27f9b34d7dafffafabc58894708db05e7aaaea97e35a288dfc61d6e0e,"{""config"":""erasure_r50"",""d"":11,""p"":0.0014677992676220691,""r_e"":0.5,""rounds"":11}",
        32,         0,         0,   0.623,herald_mwpm,4529ad5a794da81fd65ea2d8da2f7468e00905e85c57951940e98469b57b6a33,"{""config"":""erasure_r50"",""d"":11,""p"":0.0021544346900318843,""r_e"":0.5,""rounds"":11}",
     17408,         0,         0,    1.14,blind_mwpm,44f2999dfdce1be1ab1c6bfc40c555af9adc0123e05a4bdb9cdf6bd95c84d15b,"{""config"":""erasure_r50"",""d"":11,""p"":0.0014677992676220691,""r_e"":0.5,""rounds"":11}",
       128,         0,         0,    2.38,herald_mwpm,e6ae9180b42184f40fbf11a9d72b1e65934aecf9b5ab23e11ac8f2a8c78ec2d5,"{""config"":""erasure_r50"",""d"":11,""p"":0.001,""r_e"":0.5,""rounds"":11}",
        32,         0,         0,   0.613,herald_mwpm,4529ad5a794da81fd65ea2d8da2f7468e00905e85c57951940e98469b57b6a33,"{""config"":""erasure_r50"",""d"":11,""p"":0.0021544346900318843,""r_e"":0.5,""rounds"":11}",
        32,         0,         0,   0.641,herald_mwpm,a05369d27f9b34d7dafffafabc58894708db05e7aaaea97e35a288dfc61d6e0e,"{""config"":""erasure_r50"",""d"":11,""p"":0.0014677992676220691,""r_e"":0.5,""rounds"":11}",
       416,       213,         0,    4.56,herald_mwpm,f3476e1631cdbf401a7405fbed9a4448066386eb077606c3b500de2830285e95,"{""config"":""erasure_r50"",""d"":9,""p"":0.1,""r_e"":0.5,""rounds"":9}",
        32,         0,         0,   0.584,herald_mwpm,a05369d27f9b34d7dafffafabc58894708db05e7aaaea97e35a288dfc61d6e0e,"{""config"":""erasure_r50"",""d"":11,""p"":0.0014677992676220691,""r_e"":0.5,""rounds"":11}",
        32,         0,         0,   0.623,herald_mwpm,4529ad5a794da81fd65ea2d8da2f7468e00905e85c57951940e98469b57b6a33,"{""config"":""erasure_r50"",""d"":11,""p"":0.0021544346900318843,""r_e"":0.5,""rounds"":11}",
        32,         0,         0,   0.654,herald_mwpm,a05369d27f9b34d7dafffafabc58894708db05e7aaaea97e35a288dfc61d6e0e,"{""config"":""erasure_r50"",""d"":11,""p"":0.0014677992676220691,""r_e"":0.5,""rounds"":11}",
        32,         0,         0,   0.646,herald_mwpm,4529ad5a794da81fd65ea2d8da2f7468e00905e85c57951940e98469b57b6a33,"{""config"":""erasure_r50"",""d"":11,""p"":0.0021544346900318843,""r_e"":0.5,""rounds"":11}",
     24576,         0,         0,    1.61,blind_mwpm,44f2999dfdce1be1ab1c6bfc40c555af9adc0123e05a4bdb9cdf6bd95c84d15b,"{""config"":""erasure_r50"",""d"":11,""p"":0.0014677992676220691,""r_e"":0.5,""rounds"":11}",
        32,         0,         0,   0.592,herald_mwpm,4529ad5a794da81fd65ea2d8da2f7468e00905e85c57951940e98469b57b6a33,"{""config"":""erasure_r50"",""d"":11,""p"":0.0021544346900318843,""r_e"":0.5,""rounds"":11}",
      7567,         0,         0,   0.487,blind_mwpm,44f2999dfdce1be1ab1c6bfc40c555af9adc0123e05a4bdb9cdf6bd95c84d15b,"{""config"":""erasure_r50"",""d"":11,""p"":0.0014677992676220691,""r_e"":0.5,""rounds"":11}",
        32,         0,         0,   0.599,herald_mwpm,4529ad5a794da81fd65ea2d8da2f7468e00905e85c57951940e98469b57b6a33,"{""config"":""erasure_r50"",""d"":11,""p"":0.0021544346900318843,""r_e"":0.5,""rounds"":11}",
        64,         0,         0,    1.22,herald_mwpm,a05369d27f9b34d7dafffafabc58894708db05e7aaaea97e35a288dfc61d6e0e,"{""config"":""erasure_r50"",""d"":11,""p"":0.0014677992676220691,""r_e"":0.5,""rounds"":11}",
       224,       124,         0,    2.43,herald_mwpm,f3476e1631cdbf401a7405fbed9a4448066386eb077606c3b500de2830285e95,"{""config"":""erasure_r50"",""d"":9,""p"":0.1,""r_e"":0.5,""rounds"":9}",
        32,         0,         0,   0.597,herald_mwpm,4529ad5a794da81fd65ea2d8da2f7468e00905e85c57951940e98469b57b6a33,"{""config"":""erasure_r50"",""d"":11,""p"":0.0021544346900318843,""r_e"":0.5,""rounds"":11}",
       192,         0,         0,    3.46,herald_mwpm,e6ae9180b42184f40fbf11a9d72b1e65934aecf9b5ab23e11ac8f2a8c78ec2d5,"{""config"":""erasure_r50"",""d"":11,""p"":0.001,""r_e"":0.5,""rounds"":11}",
        32,         0,         0,   0.548,herald_mwpm,4529ad5a794da81fd65ea2d8da2f7468e00905e85c57951940e98469b57b6a33,"{""config"":""erasure_r50"",""d"":11,""p"":0.0021544346900318843,""r_e"":0.5,""rounds"":11}",
        64,         0,         0,    1.19,herald_mwpm,a05369d27f9b34d7dafffafabc58894708db05e7aaaea97e35a288dfc61d6e0e,"{""config"":""erasure_r50"",""d"":11,""p"":0.0014677992676220691,""r_e"":0.5,""rounds"":11}",
         1,         0,         0,   0.025,blind_mwpm,e623822fd8b692a3358520b85986369e4e1ac50766de4d012ada043b2a3fc216,"{""config"":""erasure_r50"",""d"":11,""p"":0.0021544346900318843,""r_e"":0.5,""rounds"":11}",
       272,         0,         0,   0.017,blind_mwpm,e623822fd8b692a3358520b85986369e4e1ac50766de4d012ada043b2a3fc216,"{""config"":""erasure_r50"",""d"":11,""p"":0.0021544346900318843,""r_e"":0.5,""rounds"":11}",
      1024,         0,         0,   0.074,blind_mwpm,e623822fd8b692a3358520b85986369e4e1ac50766de4d012ada043b2a3fc216,"{""config"":""erasure_r50"",""d"":11,""p"":0.0021544346900318843,""r_e"":0.5,""rounds"":11}",
      1024,         0,         0,   0.065,blind_mwpm,e623822fd8b692a3358520b85986369e4e1ac50766de4d012ada043b2a3fc216,"{""config"":""erasure_r50"",""d"":11,""p"":0.0021544346900318843,""r_e"":0.5,""rounds"":11}",
      1024,         0,         0,   0.072,blind_mwpm,e623822fd8b692a3358520b85986369e4e1ac50766de4d012ada043b2a3fc216,"{""config"":""erasure_r50"",""d"":11,""p"":0.0021544346900318843,""r_e"":0.5,""rounds"":11}",
      1024,         0,         0,   0.074,blind_mwpm,e623822fd8b692a3358520b85986369e4e1ac50766de4d012ada043b2a3fc216,"{""config"":""erasure_r50"",""d"":11,""p"":0.0021544346900318843,""r_e"":0.5,""rounds"":11}",
        32,         0,         0,   0.599,herald_mwpm,4529ad5a794da81fd65ea2d8da2f7468e00905e85c57951940e98469b57b6a33,"{""config"":""erasure_r50"",""d"":11,""p"":0.0021544346900318843,""r_e"":0.5,""rounds"":11}",
      2048,         0,         0,   0.148,blind_mwpm,e623822fd8b692a3358520b85986369e4e1ac50766de4d012ada043b2a3fc216,"{""config"":""erasure_r50"",""d"":11,""p"":0.0021544346900318843,""r_e"":0.5,""rounds"":11}",
         1,         0,         0,   0.020,herald_mwpm,0a73ccf16d724476370016fb6a6ab758e902f5ae536fbe94a5216c679a4538ab,"{""config"":""erasure_r50"",""d"":11,""p"":0.0031622776601683794,""r_e"":0.5,""rounds"":11}",
      2048,         0,         0,   0.138,blind_mwpm,e623822fd8b692a3358520b85986369e4e1ac50766de4d012ada043b2a3fc216,"{""config"":""erasure_r50"",""d"":11,""p"":0.0021544346900318843,""r_e"":0.5,""rounds"":11}",
        16,         0,         0,   0.294,herald_mwpm,0a73ccf16d724476370016fb6a6ab758e902f5ae536fbe94a5216c679a4538ab,"{""config"":""erasure_r50"",""d"":11,""p"":0.0031622776601683794,""r_e"":0.5,""rounds"":11}",
      3072,         0,         0,   0.218,blind_mwpm,e623822fd8b692a3358520b85986369e4e1ac50766de4d012ada043b2a3fc216,"{""config"":""erasure_r50"",""d"":11,""p"":0.0021544346900318843,""r_e"":0.5,""rounds"":11}",
        32,         0,         0,   0.592,herald_mwpm,4529ad5a794da81fd65ea2d8da2f7468e00905e85c57951940e98469b57b6a33,"{""config"":""erasure_r50"",""d"":11,""p"":0.0021544346900318843,""r_e"":0.5,""rounds"":11}",
      3072,         0,         0,   0.224,blind_mwpm,e623822fd8b692a3358520b85986369e4e1ac50766de4d012ada043b2a3fc216,"{""config"":""erasure_r50"",""d"":11,""p"":0.0021544346900318843,""r_e"":0.5,""rounds"":11}",
      4096,         0,         0,   0.311,blind_mwpm,e623822fd8b692a3358520b85986369e4e1ac50766de4d012ada043b2a3fc216,"{""config"":""erasure_r50"",""d"":11,""p"":0.0021544346900318843,""r_e"":0.5,""rounds"":11}",
        32,         0,         0,   0.626,herald_mwpm,0a73ccf16d724476370016fb6a6ab758e902f5ae536fbe94a5216c679a4538ab,"{""config"":""erasure_r50"",""d"":11,""p"":0.0031622776601683794,""r_e"":0.5,""rounds"":11}",
        32,         0,         0,   0.630,herald_mwpm,4529ad5a794da81fd65ea2d8da2f7468e00905e85c57951940e98469b57b6a33,"{""config"":""erasure_r50"",""d"":11,""p"":0.0021544346900318843,""r_e"":0.5,""rounds"":11}",
        96,         0,         0,    1.80,herald_mwpm,a05369d27f9b34d7dafffafabc58894708db05e7aaaea97e35a288dfc61d6e0e,"{""config"":""erasure_r50"",""d"":11,""p"":0.0014677992676220691,""r_e"":0.5,""rounds"":11}",
      6144,         0,         0,   0.465,blind_mwpm,e623822fd8b692a3358520b85986369e4e1ac50766de4d012ada043b2a3fc216,"{""config"":""erasure_r50"",""d"":11,""p"":0.0021544346900318843,""r_e"":0.5,""rounds"":11}",
        32,         0,         0,   0.597,herald_mwpm,0a73ccf16d724476370016fb6a6ab758e902f5ae536fbe94a5216c679a4538ab,"{""config"":""erasure_r50"",""d"":11,""p"":0.0031622776601683794,""r_e"":0.5,""rounds"":11}",
      8192,         0,         0,   0.578,blind_mwpm,e623822fd8b692a3358520b85986369e4e1ac50766de4d012ada043b2a3fc216,"{""config"":""erasure_r50"",""d"":11,""p"":0.0021544346900318843,""r_e"":0.5,""rounds"":11}",
        32,         0,         0,   0.564,herald_mwpm,0a73ccf16d724476370016fb6a6ab758e902f5ae536fbe94a5216c679a4538ab,"{""config"":""erasure_r50"",""d"":11,""p"":0.0031622776601683794,""r_e"":0.5,""rounds"":11}",
        64,         0,         0,    1.17,herald_mwpm,4529ad5a794da81fd65ea2d8da2f7468e00905e85c57951940e98469b57b6a33,"{""config"":""erasure_r50"",""d"":11,""p"":0.0021544346900318843,""r_e"":0.5,""rounds"":11}",
        32,         0,         0,   0.574,herald_mwpm,0a73ccf16d724476370016fb6a6ab758e902f5ae536fbe94a5216c679a4538ab,"{""config"":""erasure_r50"",""d"":11,""p"":0.0031622776601683794,""r_e"":0.5,""rounds"":11}",
     12288,         0,         0,   0.838,blind_mwpm,e623822fd8b692a3358520b85986369e4e1ac50766de4d012ada043b2a3fc216,"{""config"":""erasure_r50"",""d"":11,""p"":0.0021544346900318843,""r_e"":0.5,""rounds"":11}",
        32,         0,         0,   0.577,herald_mwpm,0a73ccf16d724476370016fb6a6ab758e902f5ae536fbe94a5216c679a4538ab,"{""config"":""erasure_r50"",""d"":11,""p"":0.0031622776601683794,""r_e"":0.5,""rounds"":11}",
        64,         0,         0,    1.15,herald_mwpm,4529ad5a794da81fd65ea2d8da2f7468e00905e85c57951940e98469b57b6a33,"{""config"":""erasure_r50"",""d"":11,""p"":0.0021544346900318843,""r_e"":0.5,""rounds"":11}",
       128,         0,         0,    2.41,herald_mwpm,a05369d27f9b34d7dafffafabc58894708db05e7aaaea97e35a288dfc61d6e0e,"{""config"":""erasure_r50"",""d"":11,""p"":0.0014677992676220691,""r_e"":0.5,""rounds"":11}",
       256,         0,         0,    4.66,herald_mwpm,e6ae9180b42184f40fbf11a9d72b1e65934aecf9b5ab23e11ac8f2a8c78ec2d5,"{""config"":""erasure_r50"",""d"":11,""p"":0.001,""r_e"":0.5,""rounds"":11}",
        32,         0,         0,   0.573,herald_mwpm,0a73ccf16d724476370016fb6a6ab758e902f5ae536fbe94a5216c679a4538ab,"{""config"":""erasure_r50"",""d"":11,""p"":0.0031622776601683794,""r_e"":0.5,""rounds"":11}",
     16384,         0,         0,    1.16,blind_mwpm,e623822fd8b692a3358520b85986369e4e1ac50766de4d012ada043b2a3fc216,"{""config"":""erasure_r50"",""d"":11,""p"":0.0021544346900318843,""r_e"":0.5,""rounds"":11}",
        32,         0,         0,   0.582,herald_mwpm,0a73ccf16d724476370016fb6a6ab758e902f5ae536fbe94a5216c679a4538ab,"{""config"":""erasure_r50"",""d"":11,""p"":0.0031622776601683794,""r_e"":0.5,""rounds"":11}",
        32,         0,         0,   0.600,herald_mwpm,0a73ccf16d724476370016fb6a6ab758e902f5ae536fbe94a5216c679a4538ab,"{""config"":""erasure_r50"",""d"":11,""p"":0.0031622776601683794,""r_e"":0.5,""rounds"":11}",
        96,         0,         0,    1.76,herald_mwpm,4529ad5a794da81fd65ea2d8da2f7468e00905e85c57951940e98469b57b6a33,"{""config"":""erasure_r50"",""d"":11,""p"":0.0021544346900318843,""r_e"":0.5,""rounds"":11}",
     22528,         0,         0,    1.61,blind_mwpm,e623822fd8b692a3358520b85986369e4e1ac50766de4d012ada043b2a3fc216,"{""config"":""erasure_r50"",""d"":11,""p"":0.0021544346900318843,""r_e"":0.5,""rounds"":11}",
        32,         0,         0,   0.588,herald_mwpm,0a73ccf16d724476370016fb6a6ab758e902f5ae536fbe94a5216c679a4538ab,"{""config"":""erasure_r50"",""d"":11,""p"":0.0031622776601683794,""r_e"":0.5,""rounds"":11}",
        32,         0,         0,   0.612,herald_mwpm,0a73ccf16d724476370016fb6a6ab758e902f5ae536fbe94a5216c679a4538ab,"{""config"":""erasure_r50"",""d"":11,""p"":0.0031622776601683794,""r_e"":0.5,""rounds"":11}",
     15759,         0,         0,    1.13,blind_mwpm,e623822fd8b692a3358520b85986369e4e1ac50766de4d012ada043b2a3fc216,"{""config"":""erasure_r50"",""d"":11,""p"":0.0021544346900318843,""r_e"":0.5,""rounds"":11}",
        32,         0,         0,   0.602,herald_mwpm,0a73ccf16d724476370016fb6a6ab758e902f5ae536fbe94a5216c679a4538ab,"{""config"":""erasure_r50"",""d"":11,""p"":0.0031622776601683794,""r_e"":0.5,""rounds"":11}",
       192,         0,         0,    3.53,herald_mwpm,a05369d27f9b34d7dafffafabc58894708db05e7aaaea97e35a288dfc61d6e0e,"{""config"":""erasure_r50"",""d"":11,""p"":0.0014677992676220691,""r_e"":0.5,""rounds"":11}",
       128,         0,         0,    2.29,herald_mwpm,4529ad5a794da81fd65ea2d8da2f7468e00905e85c57951940e98469b57b6a33,"{""config"":""erasure_r50"",""d"":11,""p"":0.0021544346900318843,""r_e"":0.5,""rounds"":11}",
        64,         0,         0,    1.16,herald_mwpm,0a73ccf16d724476370016fb6a6ab758e902f5ae536fbe94a5216c679a4538ab,"{""config"":""erasure_r50"",""d"":11,""p"":0.0031622776601683794,""r_e"":0.5,""rounds"":11}",
         1,         0,         0,   0.024,blind_mwpm,7cf2bb96d6e3a7b68648c798140208e5d7ed6ea433030be7e335ecaeca0fa8be,"{""config"":""erasure_r50"",""d"":11,""p"":0.0031622776601683794,""r_e"":0.5,""rounds"":11}",
       272,         0,         0,   0.023,blind_mwpm,7cf2bb96d6e3a7b68648c798140208e5d7ed6ea433030be7e335ecaeca0fa8be,"{""config"":""erasure_r50"",""d"":11,""p"":0.0031622776601683794,""r_e"":0.5,""rounds"":11}",
      1024,         0,         0,   0.094,blind_mwpm,7cf2bb96d6e3a7b68648c798140208e5d7ed6ea433030be7e335ecaeca0fa8be,"{""config"":""erasure_r50"",""d"":11,""p"":0.0031622776601683794,""r_e"":0.5,""rounds"":11}",
      1024,         0,         0,   0.087,blind_mwpm,7cf2bb96d6e3a7b68648c798140208e5d7ed6ea433030be7e335ecaeca0fa8be,"{""config"":""erasure_r50"",""d"":11,""p"":0.0031622776601683794,""r_e"":0.5,""rounds"":11}",
      1024,         0,         0,   0.094,blind_mwpm,7cf2bb96d6e3a7b68648c798140208e5d7ed6ea433030be7e335ecaeca0fa8be,"{""config"":""erasure_r50"",""d"":11,""p"":0.0031622776601683794,""r_e"":0.5,""rounds"":11}",
      1024,         0,         0,   0.094,blind_mwpm,7cf2bb96d6e3a7b68648c798140208e5d7ed6ea433030be7e335ecaeca0fa8be,"{""config"":""erasure_r50"",""d"":11,""p"":0.0031622776601683794,""r_e"":0.5,""rounds"":11}",
      1024,         0,         0,   0.090,blind_mwpm,7cf2bb96d6e3a7b68648c798140208e5d7ed6ea433030be7e335ecaeca0fa8be,"{""config"":""erasure_r50"",""d"":11,""p"":0.0031622776601683794,""r_e"":0.5,""rounds"":11}",
      2048,         0,         0,   0.166,blind_mwpm,7cf2bb96d6e3a7b68648c798140208e5d7ed6ea433030be7e335ecaeca0fa8be,"{""config"":""erasure_r50"",""d"":11,""p"":0.0031622776601683794,""r_e"":0.5,""rounds"":11}",
        64,         0,         0,    1.22,herald_mwpm,0a73ccf16d724476370016fb6a6ab758e902f5ae536fbe94a5216c679a4538ab,"{""config"":""erasure_r50"",""d"":11,""p"":0.0031622776601683794,""r_e"":0.5,""rounds"":11}",
      2048,         0,         0,   0.161,blind_mwpm,7cf2bb96d6e3a7b68648c798140208e5d7ed6ea433030be7e335ecaeca0fa8be,"{""config"":""erasure_r50"",""d"":11,""p"":0.0031622776601683794,""r_e"":0.5,""rounds"":11}",
      3072,         1,         0,   0.252,blind_mwpm,7cf2bb96d6e3a7b68648c798140208e5d7ed6ea433030be7e335ecaeca0fa8be,"{""config"":""erasure_r50"",""d"":11,""p"":0.0031622776601683794,""r_e"":0.5,""rounds"":11}",
      4096,         0,         0,   0.335,blind_mwpm,7cf2bb96d6e3a7b68648c798140208e5d7ed6ea433030be7e335ecaeca0fa8be,"{""config"":""erasure_r50"",""d"":11,""p"":0.0031622776601683794,""r_e"":0.5,""rounds"":11}",
       352,         0,         0,    6.30,herald_mwpm,e6ae9180b42184f40fbf11a9d72b1e65934aecf9b5ab23e11ac8f2a8c78ec2d5,"{""config"":""erasure_r50"",""d"":11,""p"":0.001,""r_e"":0.5,""rounds"":11}",
      5120,         0,         0,   0.463,blind_mwpm,7cf2bb96d6e3a7b68648c798140208e5d7ed6ea433030be7e335ecaeca0fa8be,"{""config"":""erasure_r50"",""d"":11,""p"":0.0031622776601683794,""r_e"":0.5,""rounds"":11}",
      7168,         0,         0,   0.605,blind_mwpm,7cf2bb96d6e3a7b68648c798140208e5d7ed6ea433030be7e335ecaeca0fa8be,"{""config"":""erasure_r50"",""d"":11,""p"":0.0031622776601683794,""r_e"":0.5,""rounds"":11}",
       192,         0,         0,    3.53,herald_mwpm,4529ad5a794da81fd65ea2d8da2f7468e00905e85c57951940e98469b57b6a33,"{""config"":""erasure_r50"",""d"":11,""p"":0.0021544346900318843,""r_e"":0.5,""rounds"":11}",
        96,         0,         0,    1.82,herald_mwpm,0a73ccf16d724476370016fb6a6ab758e902f5ae536fbe94a5216c679a4538ab,"{""config"":""erasure_r50"",""d"":11,""p"":0.0031622776601683794,""r_e"":0.5,""rounds"":11}",
      9216,         0,         0,   0.803,blind_mwpm,7cf2bb96d6e3a7b68648c798140208e5d7ed6ea433030be7e335ecaeca0fa8be,"{""config"":""erasure_r50"",""d"":11,""p"":0.0031622776601683794,""r_e"":0.5,""rounds"":11}",
       256,         0,         0,    4.79,herald_mwpm,a05369d27f9b34d7dafffafabc58894708db05e7aaaea97e35a288dfc61d6e0e,"{""config"":""erasure_r50"",""d"":11,""p"":0.0014677992676220691,""r_e"":0.5,""rounds"":11}",
     14336,         2,         0,    1.19,blind_mwpm,7cf2bb96d6e3a7b68648c798140208e5d7ed6ea433030be7e335ecaeca0fa8be,"{""config"":""erasure_r50"",""d"":11,""p"":0.0031622776601683794,""r_e"":0.5,""rounds"":11}",
       128,         0,         0,    2.38,herald_mwpm,0a73ccf16d724476370016fb6a6ab758e902f5ae536fbe94a5216c679a4538ab,"{""config"":""erasure_r50"",""d"":11,""p"":0.0031622776601683794,""r_e"":0.5,""rounds"":11}",
     18432,         0,         0,    1.56,blind_mwpm,7cf2bb96d6e3a7b68648c798140208e5d7ed6ea433030be7e335ecaeca0fa8be,"{""config"":""erasure_r50"",""d"":11,""p"":0.0031622776601683794,""r_e"":0.5,""rounds"":11}",
       256,         0,         0,    4.76,herald_mwpm,4529ad5a794da81fd65ea2d8da2f7468e00905e85c57951940e98469b57b6a33,"{""config"":""erasure_r50"",""d"":11,""p"":0.0021544346900318843,""r_e"":0.5,""rounds"":11}",
     26624,         0,         0,    2.25,blind_mwpm,7cf2bb96d6e3a7b68648c798140208e5d7ed6ea433030be7e335ecaeca0fa8be,"{""config"":""erasure_r50"",""d"":11,""p"":0.0031622776601683794,""r_e"":0.5,""rounds"":11}",
      2447,         0,         0,   0.192,blind_mwpm,7cf2bb96d6e3a7b68648c798140208e5d7ed6ea433030be7e335ecaeca0fa8be,"{""config"":""erasure_r50"",""d"":11,""p"":0.0031622776601683794,""r_e"":0.5,""rounds"":11}",
       192,         0,         0,    3.57,herald_mwpm,0a73ccf16d724476370016fb6a6ab758e902f5ae536fbe94a5216c679a4538ab,"{""config"":""erasure_r50"",""d"":11,""p"":0.0031622776601683794,""r_e"":0.5,""rounds"":11}",
       320,         0,         0,    6.01,herald_mwpm,a05369d27f9b34d7dafffafabc58894708db05e7aaaea97e35a288dfc61d6e0e,"{""config"":""erasure_r50"",""d"":11,""p"":0.0014677992676220691,""r_e"":0.5,""rounds"":11}",
       480,         0,         0,    8.66,herald_mwpm,e6ae9180b42184f40fbf11a9d72b1e65934aecf9b5ab23e11ac8f2a8c78ec2d5,"{""config"":""erasure_r50"",""d"":11,""p"":0.001,""r_e"":0.5,""rounds"":11}",
         1,         0,         0,   0.017,herald_mwpm,0a45165cd83c34b4d2a56472f9bea1200deeaf8773ce26dc353ada26be97b81f,"{""config"":""erasure_r50"",""d"":11,""p"":0.004641588833612777,""r_e"":0.5,""rounds"":11}",
        16,         0,         0,   0.274,herald_mwpm,0a45165cd83c34b4d2a56472f9bea1200deeaf8773ce26dc353ada26be97b81f,"{""config"":""erasure_r50"",""d"":11,""p"":0.004641588833612777,""r_e"":0.5,""rounds"":11}",
        32,         0,         0,   0.597,herald_mwpm,0a45165cd83c34b4d2a56472f9bea1200deeaf8773ce26dc353ada26be97b81f,"{""config"":""erasure_r50"",""d"":11,""p"":0.004641588833612777,""r_e"":0.5,""rounds"":11}",
        32,         0,         0,   0.697,herald_mwpm,0a45165cd83c34b4d2a56472f9bea1200deeaf8773ce26dc353ada26be97b81f,"{""config"":""erasure_r50"",""d"":11,""p"":0.004641588833612777,""r_e"":0.5,""rounds"":11}",
     11343,         2,         0,   108.5,herald_mwpm,8f8dfb8e025a3305f62c31ab52de84aa30cc1eb285d33fe9768f7468e0e261f2,"{""config"":""erasure_r50"",""d"":9,""p"":0.004641588833612777,""r_e"":0.5,""rounds"":9}",
        32,         0,         0,   0.638,herald_mwpm,0a45165cd83c34b4d2a56472f9bea1200deeaf8773ce26dc353ada26be97b81f,"{""config"":""erasure_r50"",""d"":11,""p"":0.004641588833612777,""r_e"":0.5,""rounds"":11}",
        32,         0,         0,   0.624,herald_mwpm,0a45165cd83c34b4d2a56472f9bea1200deeaf8773ce26dc353ada26be97b81f,"{""config"":""erasure_r50"",""d"":11,""p"":0.004641588833612777,""r_e"":0.5,""rounds"":11}",
       256,         0,         0,    4.82,herald_mwpm,0a73ccf16d724476370016fb6a6ab758e902f5ae536fbe94a5216c679a4538ab,"{""config"":""erasure_r50"",""d"":11,""p"":0.0031622776601683794,""r_e"":0.5,""rounds"":11}",
        32,         0,         0,   0.620,herald_mwpm,0a45165cd83c34b4d2a56472f9bea1200deeaf8773ce26dc353ada26be97b81f,"{""config"":""erasure_r50"",""d"":11,""p"":0.004641588833612777,""r_e"":0.5,""rounds"":11}",
       352,         0,         0,    6.56,herald_mwpm,4529ad5a794da81fd65ea2d8da2f7468e00905e85c57951940e98469b57b6a33,"{""config"":""erasure_r50"",""d"":11,""p"":0.0021544346900318843,""r_e"":0.5,""rounds"":11}",
         1,         0,         0,   0.028,blind_mwpm,477c2c73623f069432031a4e9ac659905c9e025759be3d03e99afa1a91129743,"{""config"":""erasure_r50"",""d"":11,""p"":0.004641588833612777,""r_e"":0.5,""rounds"":11}",
       272,         0,         0,   0.032,blind_mwpm,477c2c73623f069432031a4e9ac659905c9e025759be3d03e99afa1a91129743,"{""config"":""erasure_r50"",""d"":11,""p"":0.004641588833612777,""r_e"":0.5,""rounds"":11}",
      1024,         0,         0,   0.115,blind_mwpm,477c2c73623f069432031a4e9ac659905c9e025759be3d03e99afa1a91129743,"{""config"":""erasure_r50"",""d"":11,""p"":0.004641588833612777,""r_e"":0.5,""rounds"":11}",
      1024,         2,         0,   0.104,blind_mwpm,477c2c73623f069432031a4e9ac659905c9e025759be3d03e99afa1a91129743,"{""config"":""erasure_r50"",""d"":11,""p"":0.004641588833612777,""r_e"":0.5,""rounds"":11}",
      1024,         0,         0,   0.113,blind_mwpm,477c2c73623f069432031a4e9ac659905c9e025759be3d03e99afa1a91129743,"{""config"":""erasure_r50"",""d"":11,""p"":0.004641588833612777,""r_e"":0.5,""rounds"":11}",
        32,         0,         0,   0.635,herald_mwpm,0a45165cd83c34b4d2a56472f9bea1200deeaf8773ce26dc353ada26be97b81f,"{""config"":""erasure_r50"",""d"":11,""p"":0.004641588833612777,""r_e"":0.5,""rounds"":11}",
      1024,         2,         0,   0.107,blind_mwpm,477c2c73623f069432031a4e9ac659905c9e025759be3d03e99afa1a91129743,"{""config"":""erasure_r50"",""d"":11,""p"":0.004641588833612777,""r_e"":0.5,""rounds"":11}",
      1024,         0,         0,   0.100,blind_mwpm,477c2c73623f069432031a4e9ac659905c9e025759be3d03e99afa1a91129743,"{""config"":""erasure_r50"",""d"":11,""p"":0.004641588833612777,""r_e"":0.5,""rounds"":11}",
      2048,         1,         0,   0.211,blind_mwpm,477c2c73623f069432031a4e9ac659905c9e025759be3d03e99afa1a91129743,"{""config"":""erasure_r50"",""d"":11,""p"":0.004641588833612777,""r_e"":0.5,""rounds"":11}",
      2048,         1,         0,   0.241,blind_mwpm,477c2c73623f069432031a4e9ac659905c9e025759be3d03e99afa1a91129743,"{""config"":""erasure_r50"",""d"":11,""p"":0.004641588833612777,""r_e"":0.5,""rounds"":11}",
        32,         0,         0,   0.635,herald_mwpm,0a45165cd83c34b4d2a56472f9bea1200deeaf8773ce26dc353ada26be97b81f,"{""config"":""erasure_r50"",""d"":11,""p"":0.004641588833612777,""r_e"":0.5,""rounds"":11}",
      2048,         5,         0,   0.225,blind_mwpm,477c2c73623f069432031a4e9ac659905c9e025759be3d03e99afa1a91129743,"{""config"":""erasure_r50"",""d"":11,""p"":0.004641588833612777,""r_e"":0.5,""rounds"":11}",
      3072,         2,         0,   0.305,blind_mwpm,477c2c73623f069432031a4e9ac659905c9e025759be3d03e99afa1a91129743,"{""config"":""erasure_r50"",""d"":11,""p"":0.004641588833612777,""r_e"":0.5,""rounds"":11}",
        32,         0,         0,   0.582,herald_mwpm,0a45165cd83c34b4d2a56472f9bea1200deeaf8773ce26dc353ada26be97b81f,"{""config"":""erasure_r50"",""d"":11,""p"":0.004641588833612777,""r_e"":0.5,""rounds"":11}",
      4096,         2,         0,   0.427,blind_mwpm,477c2c73623f069432031a4e9ac659905c9e025759be3d03e99afa1a91129743,"{""config"":""erasure_r50"",""d"":11,""p"":0.004641588833612777,""r_e"":0.5,""rounds"":11}",
        32,         0,         0,   0.587,herald_mwpm,0a45165cd83c34b4d2a56472f9bea1200deeaf8773ce26dc353ada26be97b81f,"{""config"":""erasure_r50"",""d"":11,""p"":0.004641588833612777,""r_e"":0.5,""rounds"":11}",
      6144,        10,         0,   0.630,blind_mwpm,477c2c73623f069432031a4e9ac659905c9e025759be3d03e99afa1a91129743,"{""config"":""erasure_r50"",""d"":11,""p"":0.004641588833612777,""r_e"":0.5,""rounds"":11}",
        32,         0,         0,   0.589,herald_mwpm,0a45165cd83c34b4d2a56472f9bea1200deeaf8773ce26dc353ada26be97b81f,"{""config"":""erasure_r50"",""d"":11,""p"":0.004641588833612777,""r_e"":0.5,""rounds"":11}",
        32,         0,         0,   0.604,herald_mwpm,0a45165cd83c34b4d2a56472f9bea1200deeaf8773ce26dc353ada26be97b81f,"{""config"":""erasure_r50"",""d"":11,""p"":0.004641588833612777,""r_e"":0.5,""rounds"":11}",
      8192,         3,         0,   0.833,blind_mwpm,477c2c73623f069432031a4e9ac659905c9e025759be3d03e99afa1a91129743,"{""config"":""erasure_r50"",""d"":11,""p"":0.004641588833612777,""r_e"":0.5,""rounds"":11}",
       448,         0,         0,    8.59,herald_mwpm,a05369d27f9b34d7dafffafabc58894708db05e7aaaea97e35a288dfc61d6e0e,"{""config"":""erasure_r50"",""d"":11,""p"":0.0014677992676220691,""r_e"":0.5,""rounds"":11}",
     10240,         5,         0,    1.13,blind_mwpm,477c2c73623f069432031a4e9ac659905c9e025759be3d03e99afa1a91129743,"{""config"":""erasure_r50"",""d"":11,""p"":0.004641588833612777,""r_e"":0.5,""rounds"":11}",
        64,         0,         0,    1.20,herald_mwpm,0a45165cd83c34b4d2a56472f9bea1200deeaf8773ce26dc353ada26be97b81f,"{""config"":""erasure_r50"",""d"":11,""p"":0.004641588833612777,""r_e"":0.5,""rounds"":11}",
       352,         0,         0,    6.48,herald_mwpm,0a73ccf16d724476370016fb6a6ab758e902f5ae536fbe94a5216c679a4538ab,"{""config"":""erasure_r50"",""d"":11,""p"":0.0031622776601683794,""r_e"":0.5,""rounds"":11}",
        64,         0,         0,    1.25,herald_mwpm,0a45165cd83c34b4d2a56472f9bea1200deeaf8773ce26dc353ada26be97b81f,"{""config"":""erasure_r50"",""d"":11,""p"":0.004641588833612777,""r_e"":0.5,""rounds"":11}",
     15360,         7,         0,    1.64,blind_mwpm,477c2c73623f069432031a4e9ac659905c9e025759be3d03e99afa1a91129743,"{""config"":""erasure_r50"",""d"":11,""p"":0.004641588833612777,""r_e"":0.5,""rounds"":11}",
        96,         0,         0,    1.82,herald_mwpm,0a45165cd83c34b4d2a56472f9bea1200deeaf8773ce26dc353ada26be97b81f,"{""config"":""erasure_r50"",""d"":11,""p"":0.004641588833612777,""r_e"":0.5,""rounds"":11}",
       448,         0,         0,    8.44,herald_mwpm,4529ad5a794da81fd65ea2d8da2f7468e00905e85c57951940e98469b57b6a33,"{""config"":""erasure_r50"",""d"":11,""p"":0.0021544346900318843,""r_e"":0.5,""rounds"":11}",
     21504,         6,         0,    2.26,blind_mwpm,477c2c73623f069432031a4e9ac659905c9e025759be3d03e99afa1a91129743,"{""config"":""erasure_r50"",""d"":11,""p"":0.004641588833612777,""r_e"":0.5,""rounds"":11}",
       672,         0,         0,    12.3,herald_mwpm,e6ae9180b42184f40fbf11a9d72b1e65934aecf9b5ab23e11ac8f2a8c78ec2d5,"{""config"":""erasure_r50"",""d"":11,""p"":0.001,""r_e"":0.5,""rounds"":11}",
       128,         0,         0,    2.66,herald_mwpm,0a45165cd83c34b4d2a56472f9bea1200deeaf8773ce26dc353ada26be97b81f,"{""config"":""erasure_r50"",""d"":11,""p"":0.004641588833612777,""r_e"":0.5,""rounds"":11}",
     19855,        15,         0,    2.25,blind_mwpm,477c2c73623f069432031a4e9ac659905c9e025759be3d03e99afa1a91129743,"{""config"":""erasure_r50"",""d"":11,""p"":0.004641588833612777,""r_e"":0.5,""rounds"":11}",
         1,         0,         0,   0.017,herald_mwpm,dab85acc8f3f877a05bce3c692054934ff2364f3e09cf82aa9e299d36915f55b,"{""config"":""erasure_r50"",""d"":11,""p"":0.006812920690579608,""r_e"":0.5,""rounds"":11}",
        16,         0,         0,   0.390,herald_mwpm,dab85acc8f3f877a05bce3c692054934ff2364f3e09cf82aa9e299d36915f55b,"{""config"":""erasure_r50"",""d"":11,""p"":0.006812920690579608,""r_e"":0.5,""rounds"":11}",
        16,         0,         0,   0.326,herald_mwpm,dab85acc8f3f877a05bce3c692054934ff2364f3e09cf82aa9e299d36915f55b,"{""config"":""erasure_r50"",""d"":11,""p"":0.006812920690579608,""r_e"":0.5,""rounds"":11}",
       160,         0,         0,    3.30,herald_mwpm,0a45165cd83c34b4d2a56472f9bea1200deeaf8773ce26dc353ada26be97b81f,"{""config"":""erasure_r50"",""d"":11,""p"":0.004641588833612777,""r_e"":0.5,""rounds"":11}",
        16,         0,         0,   0.329,herald_mwpm,dab85acc8f3f877a05bce3c692054934ff2364f3e09cf82aa9e299d36915f55b,"{""config"":""erasure_r50"",""d"":11,""p"":0.006812920690579608,""r_e"":0.5,""rounds"":11}",
        16,         0,         0,   0.344,herald_mwpm,dab85acc8f3f877a05bce3c692054934ff2364f3e09cf82aa9e299d36915f55b,"{""config"":""erasure_r50"",""d"":11,""p"":0.006812920690579608,""r_e"":0.5,""rounds"":11}",
        16,         0,         0,   0.412,herald_mwpm,dab85acc8f3f877a05bce3c692054934ff2364f3e09cf82aa9e299d36915f55b,"{""config"":""erasure_r50"",""d"":11,""p"":0.006812920690579608,""r_e"":0.5,""rounds"":11}",
        16,         0,         0,   0.377,herald_mwpm,dab85acc8f3f877a05bce3c692054934ff2364f3e09cf82aa9e299d36915f55b,"{""config"":""erasure_r50"",""d"":11,""p"":0.006812920690579608,""r_e"":0.5,""rounds"":11}",
       448,         0,         0,    9.06,herald_mwpm,0a73ccf16d724476370016fb6a6ab758e902f5ae536fbe94a5216c679a4538ab,"{""config"":""erasure_r50"",""d"":11,""p"":0.0031622776601683794,""r_e"":0.5,""rounds"":11}",
        16,         0,         0,   0.404,herald_mwpm,dab85acc8f3f877a05bce3c692054934ff2364f3e09cf82aa9e299d36915f55b,"{""config"":""erasure_r50"",""d"":11,""p"":0.006812920690579608,""r_e"":0.5,""rounds"":11}",
        16,         0,         0,   0.365,herald_mwpm,dab85acc8f3f877a05bce3c692054934ff2364f3e09cf82aa9e299d36915f55b,"{""config"":""erasure_r50"",""d"":11,""p"":0.006812920690579608,""r_e"":0.5,""rounds"":11}",
       576,         0,         0,    11.8,herald_mwpm,a05369d27f9b34d7dafffafabc58894708db05e7aaaea97e35a288dfc61d6e0e,"{""config"":""erasure_r50"",""d"":11,""p"":0.0014677992676220691,""r_e"":0.5,""rounds"":11}",
        16,         0,         0,   0.307,herald_mwpm,dab85acc8f3f877a05bce3c692054934ff2364f3e09cf82aa9e299d36915f55b,"{""config"":""erasure_r50"",""d"":11,""p"":0.006812920690579608,""r_e"":0.5,""rounds"":11}",
        16,         0,         0,   0.300,herald_mwpm,dab85acc8f3f877a05bce3c692054934ff2364f3e09cf82aa9e299d36915f55b,"{""config"":""erasure_r50"",""d"":11,""p"":0.006812920690579608,""r_e"":0.5,""rounds"":11}",
        32,         0,         0,   0.738,herald_mwpm,dab85acc8f3f877a05bce3c692054934ff2364f3e09cf82aa9e299d36915f55b,"{""config"":""erasure_r50"",""d"":11,""p"":0.006812920690579608,""r_e"":0.5,""rounds"":11}",
        32,         0,         0,   0.635,herald_mwpm,dab85acc8f3f877a05bce3c692054934ff2364f3e09cf82aa9e299d36915f55b,"{""config"":""erasure_r50"",""d"":11,""p"":0.006812920690579608,""r_e"":0.5,""rounds"":11}",
       224,         0,         0,    4.79,herald_mwpm,0a45165cd83c34b4d2a56472f9bea1200deeaf8773ce26dc353ada26be97b81f,"{""config"":""erasure_r50"",""d"":11,""p"":0.004641588833612777,""r_e"":0.5,""rounds"":11}",
        64,         0,         0,    1.24,herald_mwpm,dab85acc8f3f877a05bce3c692054934ff2364f3e09cf82aa9e299d36915f55b,"{""config"":""erasure_r50"",""d"":11,""p"":0.006812920690579608,""r_e"":0.5,""rounds"":11}",
       576,         0,         0,    11.7,herald_mwpm,4529ad5a794da81fd65ea2d8da2f7468e00905e85c57951940e98469b57b6a33,"{""config"":""erasure_r50"",""d"":11,""p"":0.0021544346900318843,""r_e"":0.5,""rounds"":11}",
        64,         1,         0,    1.25,herald_mwpm,dab85acc8f3f877a05bce3c692054934ff2364f3e09cf82aa9e299d36915f55b,"{""config"":""erasure_r50"",""d"":11,""p"":0.006812920690579608,""r_e"":0.5,""rounds"":11}",
        96,         0,         0,    1.90,herald_mwpm,dab85acc8f3f877a05bce3c692054934ff2364f3e09cf82aa9e299d36915f55b,"{""config"":""erasure_r50"",""d"":11,""p"":0.006812920690579608,""r_e"":0.5,""rounds"":11}",
       128,         0,         0,    2.50,herald_mwpm,dab85acc8f3f877a05bce3c692054934ff2364f3e09cf82aa9e299d36915f55b,"{""config"":""erasure_r50"",""d"":11,""p"":0.006812920690579608,""r_e"":0.5,""rounds"":11}",
       320,         0,         0,    6.19,herald_mwpm,0a45165cd83c34b4d2a56472f9bea1200deeaf8773ce26dc353ada26be97b81f,"{""config"":""erasure_r50"",""d"":11,""p"":0.004641588833612777,""r_e"":0.5,""rounds"":11}",
       864,         0,         0,    16.9,herald_mwpm,e6ae9180b42184f40fbf11a9d72b1e65934aecf9b5ab23e11ac8f2a8c78ec2d5,"{""config"":""erasure_r50"",""d"":11,""p"":0.001,""r_e"":0.5,""rounds"":11}",
       640,         0,         0,    12.2,herald_mwpm,0a73ccf16d724476370016fb6a6ab758e902f5ae536fbe94a5216c679a4538ab,"{""config"":""erasure_r50"",""d"":11,""p"":0.0031622776601683794,""r_e"":0.5,""rounds"":11}",
       192,         0,         0,    3.70,herald_mwpm,dab85acc8f3f877a05bce3c692054934ff2364f3e09cf82aa9e299d36915f55b,"{""config"":""erasure_r50"",""d"":11,""p"":0.006812920690579608,""r_e"":0.5,""rounds"":11}",
     12352,        21,         0,   120.5,herald_mwpm,b0c7388c3d2aae855158613ca5f094677d235e5ab0e5c290c8fe46d926ac9d91,"{""config"":""erasure_r50"",""d"":9,""p"":0.006812920690579608,""r_e"":0.5,""rounds"":9}",
       207,         0,         0,    2.02,herald_mwpm,b0c7388c3d2aae855158613ca5f094677d235e5ab0e5c290c8fe46d926ac9d91,"{""config"":""erasure_r50"",""d"":9,""p"":0.006812920690579608,""r_e"":0.5,""rounds"":9}",
         1,         0,         0,   0.023,blind_mwpm,4f35bdf2713d8e7746c03c4b6143c48e0652761e3df801730253e8ca678e4b1d,"{""config"":""erasure_r50"",""d"":11,""p"":0.006812920690579608,""r_e"":0.5,""rounds"":11}",
       864,         0,         0,    16.6,herald_mwpm,a05369d27f9b34d7dafffafabc58894708db05e7aaaea97e35a288dfc61d6e0e,"{""config"":""erasure_r50"",""d"":11,""p"":0.0014677992676220691,""r_e"":0.5,""rounds"":11}",
       224,         0,         0,    4.33,herald_mwpm,dab85acc8f3f877a05bce3c692054934ff2364f3e09cf82aa9e299d36915f55b,"{""config"":""erasure_r50"",""d"":11,""p"":0.006812920690579608,""r_e"":0.5,""rounds"":11}",
       272,         0,         0,   0.041,blind_mwpm,4f35bdf2713d8e7746c03c4b6143c48e0652761e3df801730253e8ca678e4b1d,"{""config"":""erasure_r50"",""d"":11,""p"":0.006812920690579608,""r_e"":0.5,""rounds"":11}",
      1024,         6,         0,   0.151,blind_mwpm,4f35bdf2713d8e7746c03c4b6143c48e0652761e3df801730253e8ca678e4b1d,"{""config"":""erasure_r50"",""d"":11,""p"":0.006812920690579608,""r_e"":0.5,""rounds"":11}",
      1024,         5,         0,   0.143,blind_mwpm,4f35bdf2713d8e7746c03c4b6143c48e0652761e3df801730253e8ca678e4b1d,"{""config"":""erasure_r50"",""d"":11,""p"":0.006812920690579608,""r_e"":0.5,""rounds"":11}",
      1024,         5,         0,   0.159,blind_mwpm,4f35bdf2713d8e7746c03c4b6143c48e0652761e3df801730253e8ca678e4b1d,"{""config"":""erasure_r50"",""d"":11,""p"":0.006812920690579608,""r_e"":0.5,""rounds"":11}",
      1024,        10,         0,   0.138,blind_mwpm,4f35bdf2713d8e7746c03c4b6143c48e0652761e3df801730253e8ca678e4b1d,"{""config"":""erasure_r50"",""d"":11,""p"":0.006812920690579608,""r_e"":0.5,""rounds"":11}",
      1024,         5,         0,   0.138,blind_mwpm,4f35bdf2713d8e7746c03c4b6143c48e0652761e3df801730253e8ca678e4b1d,"{""config"":""erasure_r50"",""d"":11,""p"":0.006812920690579608,""r_e"":0.5,""rounds"":11}",
       448,         0,         0,    8.71,herald_mwpm,0a45165cd83c34b4d2a56472f9bea1200deeaf8773ce26dc353ada26be97b81f,"{""config"":""erasure_r50"",""d"":11,""p"":0.004641588833612777,""r_e"":0.5,""rounds"":11}",
      1024,         4,         0,   0.152,blind_mwpm,4f35bdf2713d8e7746c03c4b6143c48e0652761e3df801730253e8ca678e4b1d,"{""config"":""erasure_r50"",""d"":11,""p"":0.006812920690579608,""r_e"":0.5,""rounds"":11}",
      1024,         9,         0,   0.160,blind_mwpm,4f35bdf2713d8e7746c03c4b6143c48e0652761e3df801730253e8ca678e4b1d,"{""config"":""erasure_r50"",""d"":11,""p"":0.006812920690579608,""r_e"":0.5,""rounds"":11}",
      2048,        10,         0,   0.299,blind_mwpm,4f35bdf2713d8e7746c03c4b6143c48e0652761e3df801730253e8ca678e4b1d,"{""config"":""erasure_r50"",""d"":11,""p"":0.006812920690579608,""r_e"":0.5,""rounds"":11}",
      3072,        19,         0,   0.434,blind_mwpm,4f35bdf2713d8e7746c03c4b6143c48e0652761e3df801730253e8ca678e4b1d,"{""config"":""erasure_r50"",""d"":11,""p"":0.006812920690579608,""r_e"":0.5,""rounds"":11}",
      3072,        19,         0,   0.437,blind_mwpm,4f35bdf2713d8e7746c03c4b6143c48e0652761e3df801730253e8ca678e4b1d,"{""config"":""erasure_r50"",""d"":11,""p"":0.006812920690579608,""r_e"":0.5,""rounds"":11}",
      4096,        14,         0,   0.571,blind_mwpm,4f35bdf2713d8e7746c03c4b6143c48e0652761e3df801730253e8ca678e4b1d,"{""config"":""erasure_r50"",""d"":11,""p"":0.006812920690579608,""r_e"":0.5,""rounds"":11}",
      6144,        45,         0,   0.905,blind_mwpm,4f35bdf2713d8e7746c03c4b6143c48e0652761e3df801730253e8ca678e4b1d,"{""config"":""erasure_r50"",""d"":11,""p"":0.006812920690579608,""r_e"":0.5,""rounds"":11}",
       896,         0,         0,    16.9,herald_mwpm,4529ad5a794da81fd65ea2d8da2f7468e00905e85c57951940e98469b57b6a33,"{""config"":""erasure_r50"",""d"":11,""p"":0.0021544346900318843,""r_e"":0.5,""rounds"":11}",
      8192,        50,         0,    1.19,blind_mwpm,4f35bdf2713d8e7746c03c4b6143c48e0652761e3df801730253e8ca678e4b1d,"{""config"":""erasure_r50"",""d"":11,""p"":0.006812920690579608,""r_e"":0.5,""rounds"":11}",
       320,         0,         0,    6.14,herald_mwpm,dab85acc8f3f877a05bce3c692054934ff2364f3e09cf82aa9e299d36915f55b,"{""config"":""erasure_r50"",""d"":11,""p"":0.006812920690579608,""r_e"":0.5,""rounds"":11}",
     11264,        72,         0,    1.64,blind_mwpm,4f35bdf2713d8e7746c03c4b6143c48e0652761e3df801730253e8ca678e4b1d,"{""config"":""erasure_r50"",""d"":11,""p"":0.006812920690579608,""r_e"":0.5,""rounds"":11}",
     15360,        81,         0,    2.29,blind_mwpm,4f35bdf2713d8e7746c03c4b6143c48e0652761e3df801730253e8ca678e4b1d,"{""config"":""erasure_r50"",""d"":11,""p"":0.006812920690579608,""r_e"":0.5,""rounds"":11}",
       896,         0,         0,    16.9,herald_mwpm,0a73ccf16d724476370016fb6a6ab758e902f5ae536fbe94a5216c679a4538ab,"{""config"":""erasure_r50"",""d"":11,""p"":0.0031622776601683794,""r_e"":0.5,""rounds"":11}",
     21504,       130,         0,    3.11,blind_mwpm,4f35bdf2713d8e7746c03c4b6143c48e0652761e3df801730253e8ca678e4b1d,"{""config"":""erasure_r50"",""d"":11,""p"":0.006812920690579608,""r_e"":0.5,""rounds"":11}",
       608,         0,         0,    12.0,herald_mwpm,0a45165cd83c34b4d2a56472f9bea1200deeaf8773ce26dc353ada26be97b81f,"{""config"":""erasure_r50"",""d"":11,""p"":0.004641588833612777,""r_e"":0.5,""rounds"":11}",
     17807,       101,         0,    2.52,blind_mwpm,4f35bdf2713d8e7746c03c4b6143c48e0652761e3df801730253e8ca678e4b1d,"{""config"":""erasure_r50"",""d"":11,""p"":0.006812920690579608,""r_e"":0.5,""rounds"":11}",
       448,         1,         0,    8.73,herald_mwpm,dab85acc8f3f877a05bce3c692054934ff2364f3e09cf82aa9e299d36915f55b,"{""config"":""erasure_r50"",""d"":11,""p"":0.006812920690579608,""r_e"":0.5,""rounds"":11}",
      1248,         0,         0,    23.3,herald_mwpm,e6ae9180b42184f40fbf11a9d72b1e65934aecf9b5ab23e11ac8f2a8c78ec2d5,"{""config"":""erasure_r50"",""d"":11,""p"":0.001,""r_e"":0.5,""rounds"":11}",
         1,         0,         0,   0.021,herald_mwpm,c4d028607d2f039ee294a860296364f174a30f3ff6d4d2f961058379467f77aa,"{""config"":""erasure_r50"",""d"":11,""p"":0.01,""r_e"":0.5,""rounds"":11}",
        16,         0,         0,   0.272,herald_mwpm,c4d028607d2f039ee294a860296364f174a30f3ff6d4d2f961058379467f77aa,"{""config"":""erasure_r50"",""d"":11,""p"":0.01,""r_e"":0.5,""rounds"":11}",
        32,         1,         0,   0.604,herald_mwpm,c4d028607d2f039ee294a860296364f174a30f3ff6d4d2f961058379467f77aa,"{""config"":""erasure_r50"",""d"":11,""p"":0.01,""r_e"":0.5,""rounds"":11}",
        32,         0,         0,   0.625,herald_mwpm,c4d028607d2f039ee294a860296364f174a30f3ff6d4d2f961058379467f77aa,"{""config"":""erasure_r50"",""d"":11,""p"":0.01,""r_e"":0.5,""rounds"":11}",
        32,         0,         0,   0.624,herald_mwpm,c4d028607d2f039ee294a860296364f174a30f3ff6d4d2f961058379467f77aa,"{""config"":""erasure_r50"",""d"":11,""p"":0.01,""r_e"":0.5,""rounds"":11}",
        32,         0,         0,   0.647,herald_mwpm,c4d028607d2f039ee294a860296364f174a30f3ff6d4d2f961058379467f77aa,"{""config"":""erasure_r50"",""d"":11,""p"":0.01,""r_e"":0.5,""rounds"":11}",
        32,         0,         0,   0.637,herald_mwpm,c4d028607d2f039ee294a860296364f174a30f3ff6d4d2f961058379467f77aa,"{""config"":""erasure_r50"",""d"":11,""p"":0.01,""r_e"":0.5,""rounds"":11}",
        32,         0,         0,   0.612,herald_mwpm,c4d028607d2f039ee294a860296364f174a30f3ff6d4d2f961058379467f77aa,"{""config"":""erasure_r50"",""d"":11,""p"":0.01,""r_e"":0.5,""rounds"":11}",
        32,         0,         0,   0.590,herald_mwpm,c4d028607d2f039ee294a860296364f174a30f3ff6d4d2f961058379467f77aa,"{""config"":""erasure_r50"",""d"":11,""p"":0.01,""r_e"":0.5,""rounds"":11}",
        32,         0,         0,   0.646,herald_mwpm,c4d028607d2f039ee294a860296364f174a30f3ff6d4d2f961058379467f77aa,"{""config"":""erasure_r50"",""d"":11,""p"":0.01,""r_e"":0.5,""rounds"":11}",
        32,         1,         0,   0.612,herald_mwpm,c4d028607d2f039ee294a860296364f174a30f3ff6d4d2f961058379467f77aa,"{""config"":""erasure_r50"",""d"":11,""p"":0.01,""r_e"":0.5,""rounds"":11}",
        32,         0,         0,   0.620,herald_mwpm,c4d028607d2f039ee294a860296364f174a30f3ff6d4d2f961058379467f77aa,"{""config"":""erasure_r50"",""d"":11,""p"":0.01,""r_e"":0.5,""rounds"":11}",
      1216,         0,         0,    23.1,herald_mwpm,a05369d27f9b34d7dafffafabc58894708db05e7aaaea97e35a288dfc61d6e0e,"{""config"":""erasure_r50"",""d"":11,""p"":0.0014677992676220691,""r_e"":0.5,""rounds"":11}",
        32,         0,         0,   0.667,herald_mwpm,c4d028607d2f039ee294a860296364f174a30f3ff6d4d2f961058379467f77aa,"{""config"":""erasure_r50"",""d"":11,""p"":0.01,""r_e"":0.5,""rounds"":11}",
        64,         0,         0,    1.23,herald_mwpm,c4d028607d2f039ee294a860296364f174a30f3ff6d4d2f961058379467f77aa,"{""config"":""erasure_r50"",""d"":11,""p"":0.01,""r_e"":0.5,""rounds"":11}",
        64,         2,         0,    1.25,herald_mwpm,c4d028607d2f039ee294a860296364f174a30f3ff6d4d2f961058379467f77aa,"{""config"":""erasure_r50"",""d"":11,""p"":0.01,""r_e"":0.5,""rounds"":11}",
       608,         0,         0,    11.9,herald_mwpm,dab85acc8f3f877a05bce3c692054934ff2364f3e09cf82aa9e299d36915f55b,"{""config"":""erasure_r50"",""d"":11,""p"":0.006812920690579608,""r_e"":0.5,""rounds"":11}",
      1216,         0,         0,    23.2,herald_mwpm,4529ad5a794da81fd65ea2d8da2f7468e00905e85c57951940e98469b57b6a33,"{""config"":""erasure_r50"",""d"":11,""p"":0.0021544346900318843,""r_e"":0.5,""rounds"":11}",
        96,         0,         0,    1.83,herald_mwpm,c4d028607d2f039ee294a860296364f174a30f3ff6d4d2f961058379467f77aa,"{""config"":""erasure_r50"",""d"":11,""p"":0.01,""r_e"":0.5,""rounds"":11}",
       864,         0,         0,    16.8,herald_mwpm,0a45165cd83c34b4d2a56472f9bea1200deeaf8773ce26dc353ada26be97b81f,"{""config"":""erasure_r50"",""d"":11,""p"":0.004641588833612777,""r_e"":0.5,""rounds"":11}",
       128,         1,         0,    2.44,herald_mwpm,c4d028607d2f039ee294a860296364f174a30f3ff6d4d2f961058379467f77aa,"{""config"":""erasure_r50"",""d"":11,""p"":0.01,""r_e"":0.5,""rounds"":11}",
       160,         0,         0,    3.11,herald_mwpm,c4d028607d2f039ee294a860296364f174a30f3ff6d4d2f961058379467f77aa,"{""config"":""erasure_r50"",""d"":11,""p"":0.01,""r_e"":0.5,""rounds"":11}",
      1248,         0,         0,    23.6,herald_mwpm,0a73ccf16d724476370016fb6a6ab758e902f5ae536fbe94a5216c679a4538ab,"{""config"":""erasure_r50"",""d"":11,""p"":0.0031622776601683794,""r_e"":0.5,""rounds"":11}",
       224,         3,         0,    4.31,herald_mwpm,c4d028607d2f039ee294a860296364f174a30f3ff6d4d2f961058379467f77aa,"{""config"":""erasure_r50"",""d"":11,""p"":0.01,""r_e"":0.5,""rounds"":11}",
       864,         1,         0,    16.9,herald_mwpm,dab85acc8f3f877a05bce3c692054934ff2364f3e09cf82aa9e299d36915f55b,"{""config"":""erasure_r50"",""d"":11,""p"":0.006812920690579608,""r_e"":0.5,""rounds"":11}",
       320,         2,         0,    6.22,herald_mwpm,c4d028607d2f039ee294a860296364f174a30f3ff6d4d2f961058379467f77aa,"{""config"":""erasure_r50"",""d"":11,""p"":0.01,""r_e"":0.5,""rounds"":11}",
      1760,         0,         0,    32.5,herald_mwpm,e6ae9180b42184f40fbf11a9d72b1e65934aecf9b5ab23e11ac8f2a8c78ec2d5,"{""config"":""erasure_r50"",""d"":11,""p"":0.001,""r_e"":0.5,""rounds"":11}",
       448,         3,         0,    8.62,herald_mwpm,c4d028607d2f039ee294a860296364f174a30f3ff6d4d2f961058379467f77aa,"{""config"":""erasure_r50"",""d"":11,""p"":0.01,""r_e"":0.5,""rounds"":11}",
      1184,         0,         0,    23.1,herald_mwpm,0a45165cd83c34b4d2a56472f9bea1200deeaf8773ce26dc353ada26be97b81f,"{""config"":""erasure_r50"",""d"":11,""p"":0.004641588833612777,""r_e"":0.5,""rounds"":11}",
      1696,         0,         0,    32.5,herald_mwpm,a05369d27f9b34d7dafffafabc58894708db05e7aaaea97e35a288dfc61d6e0e,"{""config"":""erasure_r50"",""d"":11,""p"":0.0014677992676220691,""r_e"":0.5,""rounds"":11}",
      1696,         0,         0,    32.3,herald_mwpm,4529ad5a794da81fd65ea2d8da2f7468e00905e85c57951940e98469b57b6a33,"{""config"":""erasure_r50"",""d"":11,""p"":0.0021544346900318843,""r_e"":0.5,""rounds"":11}",
       608,         1,         0,    12.1,herald_mwpm,c4d028607d2f039ee294a860296364f174a30f3ff6d4d2f961058379467f77aa,"{""config"":""erasure_r50"",""d"":11,""p"":0.01,""r_e"":0.5,""rounds"":11}",
      1184,         0,         0,    23.6,herald_mwpm,dab85acc8f3f877a05bce3c692054934ff2364f3e09cf82aa9e299d36915f55b,"{""config"":""erasure_r50"",""d"":11,""p"":0.006812920690579608,""r_e"":0.5,""rounds"":11}",
      1696,         0,         0,    32.7,herald_mwpm,0a73ccf16d724476370016fb6a6ab758e902f5ae536fbe94a5216c679a4538ab,"{""config"":""erasure_r50"",""d"":11,""p"":0.0031622776601683794,""r_e"":0.5,""rounds"":11}",
       832,        10,         0,    16.4,herald_mwpm,c4d028607d2f039ee294a860296364f174a30f3ff6d4d2f961058379467f77aa,"{""config"":""erasure_r50"",""d"":11,""p"":0.01,""r_e"":0.5,""rounds"":11}",
      1632,         0,         0,    32.2,herald_mwpm,0a45165cd83c34b4d2a56472f9bea1200deeaf8773ce26dc353ada26be97b81f,"{""config"":""erasure_r50"",""d"":11,""p"":0.004641588833612777,""r_e"":0.5,""rounds"":11}",
      2400,         0,         0,    45.2,herald_mwpm,e6ae9180b42184f40fbf11a9d72b1e65934aecf9b5ab23e11ac8f2a8c78ec2d5,"{""config"":""erasure_r50"",""d"":11,""p"":0.001,""r_e"":0.5,""rounds"":11}",
      1632,         1,         0,    32.3,herald_mwpm,dab85acc8f3f877a05bce3c692054934ff2364f3e09cf82aa9e299d36915f55b,"{""config"":""erasure_r50"",""d"":11,""p"":0.006812920690579608,""r_e"":0.5,""rounds"":11}",
      2304,         0,         0,    45.0,herald_mwpm,a05369d27f9b34d7dafffafabc58894708db05e7aaaea97e35a288dfc61d6e0e,"{""config"":""erasure_r50"",""d"":11,""p"":0.0014677992676220691,""r_e"":0.5,""rounds"":11}",
      1184,         6,         0,    23.4,herald_mwpm,c4d028607d2f039ee294a860296364f174a30f3ff6d4d2f961058379467f77aa,"{""config"":""erasure_r50"",""d"":11,""p"":0.01,""r_e"":0.5,""rounds"":11}",
      2336,         0,         0,    45.0,herald_mwpm,4529ad5a794da81fd65ea2d8da2f7468e00905e85c57951940e98469b57b6a33,"{""config"":""erasure_r50"",""d"":11,""p"":0.0021544346900318843,""r_e"":0.5,""rounds"":11}",
      2336,         0,         0,    45.3,herald_mwpm,0a73ccf16d724476370016fb6a6ab758e902f5ae536fbe94a5216c679a4538ab,"{""config"":""erasure_r50"",""d"":11,""p"":0.0031622776601683794,""r_e"":0.5,""rounds"":11}",
      2240,         0,         0,    45.0,herald_mwpm,0a45165cd83c34b4d2a56472f9bea1200deeaf8773ce26dc353ada26be97b81f,"{""config"":""erasure_r50"",""d"":11,""p"":0.004641588833612777,""r_e"":0.5,""rounds"":11}",
      1568,        15,         0,    32.6,herald_mwpm,c4d028607d2f039ee294a860296364f174a30f3ff6d4d2f961058379467f77aa,"{""config"":""erasure_r50"",""d"":11,""p"":0.01,""r_e"":0.5,""rounds"":11}",
      2272,         2,         0,    45.2,herald_mwpm,dab85acc8f3f877a05bce3c692054934ff2364f3e09cf82aa9e299d36915f55b,"{""config"":""erasure_r50"",""d"":11,""p"":0.006812920690579608,""r_e"":0.5,""rounds"":11}",
      3488,         0,         0,    63.0,herald_mwpm,e6ae9180b42184f40fbf11a9d72b1e65934aecf9b5ab23e11ac8f2a8c78ec2d5,"{""config"":""erasure_r50"",""d"":11,""p"":0.001,""r_e"":0.5,""rounds"":11}",
      3456,         0,         0,    63.4,herald_mwpm,a05369d27f9b34d7dafffafabc58894708db05e7aaaea97e35a288dfc61d6e0e,"{""config"":""erasure_r50"",""d"":11,""p"":0.0014677992676220691,""r_e"":0.5,""rounds"":11}",
      3552,         0,         0,    63.2,herald_mwpm,4529ad5a794da81fd65ea2d8da2f7468e00905e85c57951940e98469b57b6a33,"{""config"":""erasure_r50"",""d"":11,""p"":0.0021544346900318843,""r_e"":0.5,""rounds"":11}",
      3648,         0,         0,    63.4,herald_mwpm,0a73ccf16d724476370016fb6a6ab758e902f5ae536fbe94a5216c679a4538ab,"{""config"":""erasure_r50"",""d"":11,""p"":0.0031622776601683794,""r_e"":0.5,""rounds"":11}",
      2816,        15,         0,    45.0,herald_mwpm,c4d028607d2f039ee294a860296364f174a30f3ff6d4d2f961058379467f77aa,"{""config"":""erasure_r50"",""d"":11,""p"":0.01,""r_e"":0.5,""rounds"":11}",
      3872,         0,         0,    63.1,herald_mwpm,0a45165cd83c34b4d2a56472f9bea1200deeaf8773ce26dc353ada26be97b81f,"{""config"":""erasure_r50"",""d"":11,""p"":0.004641588833612777,""r_e"":0.5,""rounds"":11}",
      4128,         6,         0,    63.4,herald_mwpm,dab85acc8f3f877a05bce3c692054934ff2364f3e09cf82aa9e299d36915f55b,"{""config"":""erasure_r50"",""d"":11,""p"":0.006812920690579608,""r_e"":0.5,""rounds"":11}",
      4480,        37,         0,    63.0,herald_mwpm,c4d028607d2f039ee294a860296364f174a30f3ff6d4d2f961058379467f77aa,"{""config"":""erasure_r50"",""d"":11,""p"":0.01,""r_e"":0.5,""rounds"":11}",
      6432,         0,         0,    88.2,herald_mwpm,e6ae9180b42184f40fbf11a9d72b1e65934aecf9b5ab23e11ac8f2a8c78ec2d5,"{""config"":""erasure_r50"",""d"":11,""p"":0.001,""r_e"":0.5,""rounds"":11}",
      6336,         0,         0,    88.5,herald_mwpm,a05369d27f9b34d7dafffafabc58894708db05e7aaaea97e35a288dfc61d6e0e,"{""config"":""erasure_r50"",""d"":11,""p"":0.0014677992676220691,""r_e"":0.5,""rounds"":11}",
      6336,         0,         0,    88.3,herald_mwpm,4529ad5a794da81fd65ea2d8da2f7468e00905e85c57951940e98469b57b6a33,"{""config"":""erasure_r50"",""d"":11,""p"":0.0021544346900318843,""r_e"":0.5,""rounds"":11}",
      6464,         0,         0,    88.6,herald_mwpm,0a73ccf16d724476370016fb6a6ab758e902f5ae536fbe94a5216c679a4538ab,"{""config"":""erasure_r50"",""d"":11,""p"":0.0031622776601683794,""r_e"":0.5,""rounds"":11}",
      6432,         1,         0,    88.6,herald_mwpm,0a45165cd83c34b4d2a56472f9bea1200deeaf8773ce26dc353ada26be97b81f,"{""config"":""erasure_r50"",""d"":11,""p"":0.004641588833612777,""r_e"":0.5,""rounds"":11}",
      6464,         3,         0,    88.4,herald_mwpm,dab85acc8f3f877a05bce3c692054934ff2364f3e09cf82aa9e299d36915f55b,"{""config"":""erasure_r50"",""d"":11,""p"":0.006812920690579608,""r_e"":0.5,""rounds"":11}",
      6368,        46,         0,    88.3,herald_mwpm,c4d028607d2f039ee294a860296364f174a30f3ff6d4d2f961058379467f77aa,"{""config"":""erasure_r50"",""d"":11,""p"":0.01,""r_e"":0.5,""rounds"":11}",
      9024,         0,         0,   120.2,herald_mwpm,e6ae9180b42184f40fbf11a9d72b1e65934aecf9b5ab23e11ac8f2a8c78ec2d5,"{""config"":""erasure_r50"",""d"":11,""p"":0.001,""r_e"":0.5,""rounds"":11}",
      8672,         0,         0,   120.3,herald_mwpm,a05369d27f9b34d7dafffafabc58894708db05e7aaaea97e35a288dfc61d6e0e,"{""config"":""erasure_r50"",""d"":11,""p"":0.0014677992676220691,""r_e"":0.5,""rounds"":11}",
      8640,         0,         0,   120.0,herald_mwpm,4529ad5a794da81fd65ea2d8da2f7468e00905e85c57951940e98469b57b6a33,"{""config"":""erasure_r50"",""d"":11,""p"":0.0021544346900318843,""r_e"":0.5,""rounds"":11}",
      8576,         0,         0,   120.1,herald_mwpm,0a73ccf16d724476370016fb6a6ab758e902f5ae536fbe94a5216c679a4538ab,"{""config"":""erasure_r50"",""d"":11,""p"":0.0031622776601683794,""r_e"":0.5,""rounds"":11}",
      8320,         1,         0,   120.1,herald_mwpm,0a45165cd83c34b4d2a56472f9bea1200deeaf8773ce26dc353ada26be97b81f,"{""config"":""erasure_r50"",""d"":11,""p"":0.004641588833612777,""r_e"":0.5,""rounds"":11}",
      8288,         6,         0,   120.2,herald_mwpm,dab85acc8f3f877a05bce3c692054934ff2364f3e09cf82aa9e299d36915f55b,"{""config"":""erasure_r50"",""d"":11,""p"":0.006812920690579608,""r_e"":0.5,""rounds"":11}",
      8448,        61,         0,   120.2,herald_mwpm,c4d028607d2f039ee294a860296364f174a30f3ff6d4d2f961058379467f77aa,"{""config"":""erasure_r50"",""d"":11,""p"":0.01,""r_e"":0.5,""rounds"":11}",
      9152,         0,         0,   120.2,herald_mwpm,e6ae9180b42184f40fbf11a9d72b1e65934aecf9b5ab23e11ac8f2a8c78ec2d5,"{""config"":""erasure_r50"",""d"":11,""p"":0.001,""r_e"":0.5,""rounds"":11}",
      8832,         0,         0,   120.1,herald_mwpm,a05369d27f9b34d7dafffafabc58894708db05e7aaaea97e35a288dfc61d6e0e,"{""config"":""erasure_r50"",""d"":11,""p"":0.0014677992676220691,""r_e"":0.5,""rounds"":11}",
      8864,         0,         0,   120.1,herald_mwpm,4529ad5a794da81fd65ea2d8da2f7468e00905e85c57951940e98469b57b6a33,"{""config"":""erasure_r50"",""d"":11,""p"":0.0021544346900318843,""r_e"":0.5,""rounds"":11}",
      8896,         0,         0,   120.0,herald_mwpm,0a73ccf16d724476370016fb6a6ab758e902f5ae536fbe94a5216c679a4538ab,"{""config"":""erasure_r50"",""d"":11,""p"":0.0031622776601683794,""r_e"":0.5,""rounds"":11}",
      8800,         0,         0,   120.4,herald_mwpm,0a45165cd83c34b4d2a56472f9bea1200deeaf8773ce26dc353ada26be97b81f,"{""config"":""erasure_r50"",""d"":11,""p"":0.004641588833612777,""r_e"":0.5,""rounds"":11}",
      8800,         7,         0,   120.1,herald_mwpm,dab85acc8f3f877a05bce3c692054934ff2364f3e09cf82aa9e299d36915f55b,"{""config"":""erasure_r50"",""d"":11,""p"":0.006812920690579608,""r_e"":0.5,""rounds"":11}",
      8832,        73,         0,   120.4,herald_mwpm,c4d028607d2f039ee294a860296364f174a30f3ff6d4d2f961058379467f77aa,"{""config"":""erasure_r50"",""d"":11,""p"":0.01,""r_e"":0.5,""rounds"":11}",
      9280,         0,         0,   120.1,herald_mwpm,e6ae9180b42184f40fbf11a9d72b1e65934aecf9b5ab23e11ac8f2a8c78ec2d5,"{""config"":""erasure_r50"",""d"":11,""p"":0.001,""r_e"":0.5,""rounds"":11}",
      8864,         0,         0,   120.1,herald_mwpm,a05369d27f9b34d7dafffafabc58894708db05e7aaaea97e35a288dfc61d6e0e,"{""config"":""erasure_r50"",""d"":11,""p"":0.0014677992676220691,""r_e"":0.5,""rounds"":11}",
      8864,         0,         0,   120.0,herald_mwpm,4529ad5a794da81fd65ea2d8da2f7468e00905e85c57951940e98469b57b6a33,"{""config"":""erasure_r50"",""d"":11,""p"":0.0021544346900318843,""r_e"":0.5,""rounds"":11}",
      8800,         0,         0,   120.1,herald_mwpm,0a73ccf16d724476370016fb6a6ab758e902f5ae536fbe94a5216c679a4538ab,"{""config"":""erasure_r50"",""d"":11,""p"":0.0031622776601683794,""r_e"":0.5,""rounds"":11}",
      8544,         0,         0,   120.3,herald_mwpm,0a45165cd83c34b4d2a56472f9bea1200deeaf8773ce26dc353ada26be97b81f,"{""config"":""erasure_r50"",""d"":11,""p"":0.004641588833612777,""r_e"":0.5,""rounds"":11}",
      8448,         7,         0,   120.3,herald_mwpm,dab85acc8f3f877a05bce3c692054934ff2364f3e09cf82aa9e299d36915f55b,"{""config"":""erasure_r50"",""d"":11,""p"":0.006812920690579608,""r_e"":0.5,""rounds"":11}",
      8448,        60,         0,   120.0,herald_mwpm,c4d028607d2f039ee294a860296364f174a30f3ff6d4d2f961058379467f77aa,"{""config"":""erasure_r50"",""d"":11,""p"":0.01,""r_e"":0.5,""rounds"":11}",
      8992,         0,         0,   120.2,herald_mwpm,e6ae9180b42184f40fbf11a9d72b1e65934aecf9b5ab23e11ac8f2a8c78ec2d5,"{""config"":""erasure_r50"",""d"":11,""p"":0.001,""r_e"":0.5,""rounds"":11}",
      8672,         0,         0,   120.0,herald_mwpm,a05369d27f9b34d7dafffafabc58894708db05e7aaaea97e35a288dfc61d6e0e,"{""config"":""erasure_r50"",""d"":11,""p"":0.0014677992676220691,""r_e"":0.5,""rounds"":11}",
      8672,         0,         0,   120.1,herald_mwpm,4529ad5a794da81fd65ea2d8da2f7468e00905e85c57951940e98469b57b6a33,"{""config"":""erasure_r50"",""d"":11,""p"":0.0021544346900318843,""r_e"":0.5,""rounds"":11}",
      8704,         0,         0,   120.2,herald_mwpm,0a73ccf16d724476370016fb6a6ab758e902f5ae536fbe94a5216c679a4538ab,"{""config"":""erasure_r50"",""d"":11,""p"":0.0031622776601683794,""r_e"":0.5,""rounds"":11}",
      8512,         0,         0,   120.0,herald_mwpm,0a45165cd83c34b4d2a56472f9bea1200deeaf8773ce26dc353ada26be97b81f,"{""config"":""erasure_r50"",""d"":11,""p"":0.004641588833612777,""r_e"":0.5,""rounds"":11}",
      8544,         9,         0,   120.4,herald_mwpm,dab85acc8f3f877a05bce3c692054934ff2364f3e09cf82aa9e299d36915f55b,"{""config"":""erasure_r50"",""d"":11,""p"":0.006812920690579608,""r_e"":0.5,""rounds"":11}",
      8544,        70,         0,   120.3,herald_mwpm,c4d028607d2f039ee294a860296364f174a30f3ff6d4d2f961058379467f77aa,"{""config"":""erasure_r50"",""d"":11,""p"":0.01,""r_e"":0.5,""rounds"":11}",
      8832,         0,         0,   120.0,herald_mwpm,e6ae9180b42184f40fbf11a9d72b1e65934aecf9b5ab23e11ac8f2a8c78ec2d5,"{""config"":""erasure_r50"",""d"":11,""p"":0.001,""r_e"":0.5,""rounds"":11}",
      8544,         0,         0,   120.3,herald_mwpm,a05369d27f9b34d7dafffafabc58894708db05e7aaaea97e35a288dfc61d6e0e,"{""config"":""erasure_r50"",""d"":11,""p"":0.0014677992676220691,""r_e"":0.5,""rounds"":11}",
      8544,         0,         0,   120.3,herald_mwpm,4529ad5a794da81fd65ea2d8da2f7468e00905e85c57951940e98469b57b6a33,"{""config"":""erasure_r50"",""d"":11,""p"":0.0021544346900318843,""r_e"":0.5,""rounds"":11}",
      8512,         0,         0,   120.1,herald_mwpm,0a73ccf16d724476370016fb6a6ab758e902f5ae536fbe94a5216c679a4538ab,"{""config"":""erasure_r50"",""d"":11,""p"":0.0031622776601683794,""r_e"":0.5,""rounds"":11}",
      8416,         1,         0,   120.1,herald_mwpm,0a45165cd83c34b4d2a56472f9bea1200deeaf8773ce26dc353ada26be97b81f,"{""config"":""erasure_r50"",""d"":11,""p"":0.004641588833612777,""r_e"":0.5,""rounds"":11}",
      8416,         9,         0,   120.2,herald_mwpm,dab85acc8f3f877a05bce3c692054934ff2364f3e09cf82aa9e299d36915f55b,"{""config"":""erasure_r50"",""d"":11,""p"":0.006812920690579608,""r_e"":0.5,""rounds"":11}",
      8608,        88,         0,   120.3,herald_mwpm,c4d028607d2f039ee294a860296364f174a30f3ff6d4d2f961058379467f77aa,"{""config"":""erasure_r50"",""d"":11,""p"":0.01,""r_e"":0.5,""rounds"":11}",
      9056,         0,         0,   120.1,herald_mwpm,e6ae9180b42184f40fbf11a9d72b1e65934aecf9b5ab23e11ac8f2a8c78ec2d5,"{""config"":""erasure_r50"",""d"":11,""p"":0.001,""r_e"":0.5,""rounds"":11}",
      8640,         0,         0,   120.2,herald_mwpm,a05369d27f9b34d7dafffafabc58894708db05e7aaaea97e35a288dfc61d6e0e,"{""config"":""erasure_r50"",""d"":11,""p"":0.0014677992676220691,""r_e"":0.5,""rounds"":11}",
      8608,         0,         0,   120.0,herald_mwpm,4529ad5a794da81fd65ea2d8da2f7468e00905e85c57951940e98469b57b6a33,"{""config"":""erasure_r50"",""d"":11,""p"":0.0021544346900318843,""r_e"":0.5,""rounds"":11}",
      8512,         0,         0,   120.4,herald_mwpm,0a73ccf16d724476370016fb6a6ab758e902f5ae536fbe94a5216c679a4538ab,"{""config"":""erasure_r50"",""d"":11,""p"":0.0031622776601683794,""r_e"":0.5,""rounds"":11}",
      8160,         1,         0,   120.4,herald_mwpm,0a45165cd83c34b4d2a56472f9bea1200deeaf8773ce26dc353ada26be97b81f,"{""config"":""erasure_r50"",""d"":11,""p"":0.004641588833612777,""r_e"":0.5,""rounds"":11}",
      7968,         6,         0,   120.0,herald_mwpm,dab85acc8f3f877a05bce3c692054934ff2364f3e09cf82aa9e299d36915f55b,"{""config"":""erasure_r50"",""d"":11,""p"":0.006812920690579608,""r_e"":0.5,""rounds"":11}",
      7840,        78,         0,   120.2,herald_mwpm,c4d028607d2f039ee294a860296364f174a30f3ff6d4d2f961058379467f77aa,"{""config"":""erasure_r50"",""d"":11,""p"":0.01,""r_e"":0.5,""rounds"":11}",
      8480,         0,         0,   120.1,herald_mwpm,e6ae9180b42184f40fbf11a9d72b1e65934aecf9b5ab23e11ac8f2a8c78ec2d5,"{""config"":""erasure_r50"",""d"":11,""p"":0.001,""r_e"":0.5,""rounds"":11}",
      8288,         0,         0,   120.3,herald_mwpm,a05369d27f9b34d7dafffafabc58894708db05e7aaaea97e35a288dfc61d6e0e,"{""config"":""erasure_r50"",""d"":11,""p"":0.0014677992676220691,""r_e"":0.5,""rounds"":11}",
      8352,         0,         0,   120.1,herald_mwpm,4529ad5a794da81fd65ea2d8da2f7468e00905e85c57951940e98469b57b6a33,"{""config"":""erasure_r50"",""d"":11,""p"":0.0021544346900318843,""r_e"":0.5,""rounds"":11}",
      8448,         0,         0,   120.1,herald_mwpm,0a73ccf16d724476370016fb6a6ab758e902f5ae536fbe94a5216c679a4538ab,"{""config"":""erasure_r50"",""d"":11,""p"":0.0031622776601683794,""r_e"":0.5,""rounds"":11}",
      8512,         0,         0,   120.2,herald_mwpm,0a45165cd83c34b4d2a56472f9bea1200deeaf8773ce26dc353ada26be97b81f,"{""config"":""erasure_r50"",""d"":11,""p"":0.004641588833612777,""r_e"":0.5,""rounds"":11}",
      8608,         8,         0,   120.2,herald_mwpm,dab85acc8f3f877a05bce3c692054934ff2364f3e09cf82aa9e299d36915f55b,"{""config"":""erasure_r50"",""d"":11,""p"":0.006812920690579608,""r_e"":0.5,""rounds"":11}",
      8800,        72,         0,   120.4,herald_mwpm,c4d028607d2f039ee294a860296364f174a30f3ff6d4d2f961058379467f77aa,"{""config"":""erasure_r50"",""d"":11,""p"":0.01,""r_e"":0.5,""rounds"":11}",
      9056,         0,         0,   120.2,herald_mwpm,e6ae9180b42184f40fbf11a9d72b1e65934aecf9b5ab23e11ac8f2a8c78ec2d5,"{""config"":""erasure_r50"",""d"":11,""p"":0.001,""r_e"":0.5,""rounds"":11}",
      8608,         0,         0,   120.4,herald_mwpm,a05369d27f9b34d7dafffafabc58894708db05e7aaaea97e35a288dfc61d6e0e,"{""config"":""erasure_r50"",""d"":11,""p"":0.0014677992676220691,""r_e"":0.5,""rounds"":11}",
      8608,         0,         0,   120.1,herald_mwpm,4529ad5a794da81fd65ea2d8da2f7468e00905e85c57951940e98469b57b6a33,"{""config"":""erasure_r50"",""d"":11,""p"":0.0021544346900318843,""r_e"":0.5,""rounds"":11}",
      8512,         1,         0,   120.3,herald_mwpm,0a73ccf16d724476370016fb6a6ab758e902f5ae536fbe94a5216c679a4538ab,"{""config"":""erasure_r50"",""d"":11,""p"":0.0031622776601683794,""r_e"":0.5,""rounds"":11}",
      8064,         2,         0,   120.3,herald_mwpm,0a45165cd83c34b4d2a56472f9bea1200deeaf8773ce26dc353ada26be97b81f,"{""config"":""erasure_r50"",""d"":11,""p"":0.004641588833612777,""r_e"":0.5,""rounds"":11}",
      7872,         5,         0,   120.0,herald_mwpm,dab85acc8f3f877a05bce3c692054934ff2364f3e09cf82aa9e299d36915f55b,"{""config"":""erasure_r50"",""d"":11,""p"":0.006812920690579608,""r_e"":0.5,""rounds"":11}",
      7808,        62,         0,   120.4,herald_mwpm,c4d028607d2f039ee294a860296364f174a30f3ff6d4d2f961058379467f77aa,"{""config"":""erasure_r50"",""d"":11,""p"":0.01,""r_e"":0.5,""rounds"":11}",
      8352,         0,         0,   120.4,herald_mwpm,e6ae9180b42184f40fbf11a9d72b1e65934aecf9b5ab23e11ac8f2a8c78ec2d5,"{""config"":""erasure_r50"",""d"":11,""p"":0.001,""r_e"":0.5,""rounds"":11}",
      8064,         0,         0,   120.1,herald_mwpm,a05369d27f9b34d7dafffafabc58894708db05e7aaaea97e35a288dfc61d6e0e,"{""config"":""erasure_r50"",""d"":11,""p"":0.0014677992676220691,""r_e"":0.5,""rounds"":11}",
      8096,         0,         0,   120.1,herald_mwpm,4529ad5a794da81fd65ea2d8da2f7468e00905e85c57951940e98469b57b6a33,"{""config"":""erasure_r50"",""d"":11,""p"":0.0021544346900318843,""r_e"":0.5,""rounds"":11}",
       911,         0,         0,    12.1,herald_mwpm,e6ae9180b42184f40fbf11a9d72b1e65934aecf9b5ab23e11ac8f2a8c78ec2d5,"{""config"":""erasure_r50"",""d"":11,""p"":0.001,""r_e"":0.5,""rounds"":11}",
         1,         0,         0,   0.017,blind_mwpm,3265757f5eff731f49ffe284f35f3faffb39cf63c5bb7b0f3bf71057295d4483,"{""config"":""erasure_r50"",""d"":11,""p"":0.01,""r_e"":0.5,""rounds"":11}",
       272,        13,         0,   0.047,blind_mwpm,3265757f5eff731f49ffe284f35f3faffb39cf63c5bb7b0f3bf71057295d4483,"{""config"":""erasure_r50"",""d"":11,""p"":0.01,""r_e"":0.5,""rounds"":11}",
      1024,        50,         0,   0.164,blind_mwpm,3265757f5eff731f49ffe284f35f3faffb39cf63c5bb7b0f3bf71057295d4483,"{""config"":""erasure_r50"",""d"":11,""p"":0.01,""r_e"":0.5,""rounds"":11}",
      1024,        45,         0,   0.163,blind_mwpm,3265757f5eff731f49ffe284f35f3faffb39cf63c5bb7b0f3bf71057295d4483,"{""config"":""erasure_r50"",""d"":11,""p"":0.01,""r_e"":0.5,""rounds"":11}",
      1024,        48,         0,   0.163,blind_mwpm,3265757f5eff731f49ffe284f35f3faffb39cf63c5bb7b0f3bf71057295d4483,"{""config"":""erasure_r50"",""d"":11,""p"":0.01,""r_e"":0.5,""rounds"":11}",
      1024,        36,         0,   0.171,blind_mwpm,3265757f5eff731f49ffe284f35f3faffb39cf63c5bb7b0f3bf71057295d4483,"{""config"":""erasure_r50"",""d"":11,""p"":0.01,""r_e"":0.5,""rounds"":11}",
      1024,        58,         0,   0.162,blind_mwpm,3265757f5eff731f49ffe284f35f3faffb39cf63c5bb7b0f3bf71057295d4483,"{""config"":""erasure_r50"",""d"":11,""p"":0.01,""r_e"":0.5,""rounds"":11}",
      1024,        53,         0,   0.161,blind_mwpm,3265757f5eff731f49ffe284f35f3faffb39cf63c5bb7b0f3bf71057295d4483,"{""config"":""erasure_r50"",""d"":11,""p"":0.01,""r_e"":0.5,""rounds"":11}",
      1024,        36,         0,   0.160,blind_mwpm,3265757f5eff731f49ffe284f35f3faffb39cf63c5bb7b0f3bf71057295d4483,"{""config"":""erasure_r50"",""d"":11,""p"":0.01,""r_e"":0.5,""rounds"":11}",
      2048,        93,         0,   0.322,blind_mwpm,3265757f5eff731f49ffe284f35f3faffb39cf63c5bb7b0f3bf71057295d4483,"{""config"":""erasure_r50"",""d"":11,""p"":0.01,""r_e"":0.5,""rounds"":11}",
      2048,        80,         0,   0.326,blind_mwpm,3265757f5eff731f49ffe284f35f3faffb39cf63c5bb7b0f3bf71057295d4483,"{""config"":""erasure_r50"",""d"":11,""p"":0.01,""r_e"":0.5,""rounds"":11}",
      3072,       123,         0,   0.481,blind_mwpm,3265757f5eff731f49ffe284f35f3faffb39cf63c5bb7b0f3bf71057295d4483,"{""config"":""erasure_r50"",""d"":11,""p"":0.01,""r_e"":0.5,""rounds"":11}",
      4096,       198,         0,   0.660,blind_mwpm,3265757f5eff731f49ffe284f35f3faffb39cf63c5bb7b0f3bf71057295d4483,"{""config"":""erasure_r50"",""d"":11,""p"":0.01,""r_e"":0.5,""rounds"":11}",
      4096,       195,         0,   0.668,blind_mwpm,3265757f5eff731f49ffe284f35f3faffb39cf63c5bb7b0f3bf71057295d4483,"{""config"":""erasure_r50"",""d"":11,""p"":0.01,""r_e"":0.5,""rounds"":11}",
         1,         0,         0,   0.016,herald_mwpm,54f557afc4160aace0dfaf15812a33737507e95ed1d9a30e8b98261fc66cff2c,"{""config"":""erasure_r50"",""d"":11,""p"":0.01467799267622069,""r_e"":0.5,""rounds"":11}",
        16,         0,         0,   0.230,herald_mwpm,54f557afc4160aace0dfaf15812a33737507e95ed1d9a30e8b98261fc66cff2c,"{""config"":""erasure_r50"",""d"":11,""p"":0.01467799267622069,""r_e"":0.5,""rounds"":11}",
        32,         0,         0,   0.469,herald_mwpm,54f557afc4160aace0dfaf15812a33737507e95ed1d9a30e8b98261fc66cff2c,"{""config"":""erasure_r50"",""d"":11,""p"":0.01467799267622069,""r_e"":0.5,""rounds"":11}",
        32,         0,         0,   0.462,herald_mwpm,54f557afc4160aace0dfaf15812a33737507e95ed1d9a30e8b98261fc66cff2c,"{""config"":""erasure_r50"",""d"":11,""p"":0.01467799267622069,""r_e"":0.5,""rounds"":11}",
      8128,         0,         0,   120.1,herald_mwpm,0a73ccf16d724476370016fb6a6ab758e902f5ae536fbe94a5216c679a4538ab,"{""config"":""erasure_r50"",""d"":11,""p"":0.0031622776601683794,""r_e"":0.5,""rounds"":11}",
        32,         3,         0,   0.458,herald_mwpm,54f557afc4160aace0dfaf15812a33737507e95ed1d9a30e8b98261fc66cff2c,"{""config"":""erasure_r50"",""d"":11,""p"":0.01467799267622069,""r_e"":0.5,""rounds"":11}",
        32,         4,         0,   0.447,herald_mwpm,54f557afc4160aace0dfaf15812a33737507e95ed1d9a30e8b98261fc66cff2c,"{""config"":""erasure_r50"",""d"":11,""p"":0.01467799267622069,""r_e"":0.5,""rounds"":11}",
        32,         2,         0,   0.450,herald_mwpm,54f557afc4160aace0dfaf15812a33737507e95ed1d9a30e8b98261fc66cff2c,"{""config"":""erasure_r50"",""d"":11,""p"":0.01467799267622069,""r_e"":0.5,""rounds"":11}",
        32,         3,         0,   0.452,herald_mwpm,54f557afc4160aace0dfaf15812a33737507e95ed1d9a30e8b98261fc66cff2c,"{""config"":""erasure_r50"",""d"":11,""p"":0.01467799267622069,""r_e"":0.5,""rounds"":11}",
        32,         2,         0,   0.458,herald_mwpm,54f557afc4160aace0dfaf15812a33737507e95ed1d9a30e8b98261fc66cff2c,"{""config"":""erasure_r50"",""d"":11,""p"":0.01467799267622069,""r_e"":0.5,""rounds"":11}",
        32,         1,         0,   0.462,herald_mwpm,54f557afc4160aace0dfaf15812a33737507e95ed1d9a30e8b98261fc66cff2c,"{""config"":""erasure_r50"",""d"":11,""p"":0.01467799267622069,""r_e"":0.5,""rounds"":11}",
        32,         5,         0,   0.479,herald_mwpm,54f557afc4160aace0dfaf15812a33737507e95ed1d9a30e8b98261fc66cff2c,"{""config"":""erasure_r50"",""d"":11,""p"":0.01467799267622069,""r_e"":0.5,""rounds"":11}",
        32,         2,         0,   0.460,herald_mwpm,54f557afc4160aace0dfaf15812a33737507e95ed1d9a30e8b98261fc66cff2c,"{""config"":""erasure_r50"",""d"":11,""p"":0.01467799267622069,""r_e"":0.5,""rounds"":11}",
        32,         2,         0,   0.642,herald_mwpm,54f557afc4160aace0dfaf15812a33737507e95ed1d9a30e8b98261fc66cff2c,"{""config"":""erasure_r50"",""d"":11,""p"":0.01467799267622069,""r_e"":0.5,""rounds"":11}",
        64,         4,         0,   0.991,herald_mwpm,54f557afc4160aace0dfaf15812a33737507e95ed1d9a30e8b98261fc66cff2c,"{""config"":""erasure_r50"",""d"":11,""p"":0.01467799267622069,""r_e"":0.5,""rounds"":11}",
        96,         9,         0,    1.43,herald_mwpm,54f557afc4160aace0dfaf15812a33737507e95ed1d9a30e8b98261fc66cff2c,"{""config"":""erasure_r50"",""d"":11,""p"":0.01467799267622069,""r_e"":0.5,""rounds"":11}",
       128,         6,         0,    2.00,herald_mwpm,54f557afc4160aace0dfaf15812a33737507e95ed1d9a30e8b98261fc66cff2c,"{""config"":""erasure_r50"",""d"":11,""p"":0.01467799267622069,""r_e"":0.5,""rounds"":11}",
       160,         8,         0,    2.41,herald_mwpm,54f557afc4160aace0dfaf15812a33737507e95ed1d9a30e8b98261fc66cff2c,"{""config"":""erasure_r50"",""d"":11,""p"":0.01467799267622069,""r_e"":0.5,""rounds"":11}",
       224,        11,         0,    3.45,herald_mwpm,54f557afc4160aace0dfaf15812a33737507e95ed1d9a30e8b98261fc66cff2c,"{""config"":""erasure_r50"",""d"":11,""p"":0.01467799267622069,""r_e"":0.5,""rounds"":11}",
      8096,         0,         0,   120.3,herald_mwpm,0a45165cd83c34b4d2a56472f9bea1200deeaf8773ce26dc353ada26be97b81f,"{""config"":""erasure_r50"",""d"":11,""p"":0.004641588833612777,""r_e"":0.5,""rounds"":11}",
       288,        22,         0,    4.38,herald_mwpm,54f557afc4160aace0dfaf15812a33737507e95ed1d9a30e8b98261fc66cff2c,"{""config"":""erasure_r50"",""d"":11,""p"":0.01467799267622069,""r_e"":0.5,""rounds"":11}",
       416,        38,         0,    6.33,herald_mwpm,54f557afc4160aace0dfaf15812a33737507e95ed1d9a30e8b98261fc66cff2c,"{""config"":""erasure_r50"",""d"":11,""p"":0.01467799267622069,""r_e"":0.5,""rounds"":11}",
      8128,         6,         0,   120.2,herald_mwpm,dab85acc8f3f877a05bce3c692054934ff2364f3e09cf82aa9e299d36915f55b,"{""config"":""erasure_r50"",""d"":11,""p"":0.006812920690579608,""r_e"":0.5,""rounds"":11}",
       544,        30,         0,    8.55,herald_mwpm,54f557afc4160aace0dfaf15812a33737507e95ed1d9a30e8b98261fc66cff2c,"{""config"":""erasure_r50"",""d"":11,""p"":0.01467799267622069,""r_e"":0.5,""rounds"":11}",
       768,        49,         0,    12.0,herald_mwpm,54f557afc4160aace0dfaf15812a33737507e95ed1d9a30e8b98261fc66cff2c,"{""config"":""erasure_r50"",""d"":11,""p"":0.01467799267622069,""r_e"":0.5,""rounds"":11}",
      4175,         0,         0,    62.5,herald_mwpm,4529ad5a794da81fd65ea2d8da2f7468e00905e85c57951940e98469b57b6a33,"{""config"":""erasure_r50"",""d"":11,""p"":0.0021544346900318843,""r_e"":0.5,""rounds"":11}",
         1,         0,         0,   0.024,blind_mwpm,fac10e25ab762a746e8b657a572ee10b25add5b8a790ce61820333b864925243,"{""config"":""erasure_r50"",""d"":11,""p"":0.01467799267622069,""r_e"":0.5,""rounds"":11}",
       272,        74,         0,   0.084,blind_mwpm,fac10e25ab762a746e8b657a572ee10b25add5b8a790ce61820333b864925243,"{""config"":""erasure_r50"",""d"":11,""p"":0.01467799267622069,""r_e"":0.5,""rounds"":11}",
      1024,       238,         0,   0.296,blind_mwpm,fac10e25ab762a746e8b657a572ee10b25add5b8a790ce61820333b864925243,"{""config"":""erasure_r50"",""d"":11,""p"":0.01467799267622069,""r_e"":0.5,""rounds"":11}",
      4479,         0,         0,    67.2,herald_mwpm,a05369d27f9b34d7dafffafabc58894708db05e7aaaea97e35a288dfc61d6e0e,"{""config"":""erasure_r50"",""d"":11,""p"":0.0014677992676220691,""r_e"":0.5,""rounds"":11}",
      1024,       254,         0,   0.297,blind_mwpm,fac10e25ab762a746e8b657a572ee10b25add5b8a790ce61820333b864925243,"{""config"":""erasure_r50"",""d"":11,""p"":0.01467799267622069,""r_e"":0.5,""rounds"":11}",
      1024,       228,         0,   0.288,blind_mwpm,fac10e25ab762a746e8b657a572ee10b25add5b8a790ce61820333b864925243,"{""config"":""erasure_r50"",""d"":11,""p"":0.01467799267622069,""r_e"":0.5,""rounds"":11}",
      1024,       227,         0,   0.301,blind_mwpm,fac10e25ab762a746e8b657a572ee10b25add5b8a790ce61820333b864925243,"{""config"":""erasure_r50"",""d"":11,""p"":0.01467799267622069,""r_e"":0.5,""rounds"":11}",
         1,         0,         0,   0.017,herald_mwpm,af2fbbc6f5b73f53869840dfb9066070edcfb6ac3a1755a3ef54a5d707009414,"{""config"":""erasure_r50"",""d"":11,""p"":0.018,""r_e"":0.5,""rounds"":11}",
        16,         6,         0,   0.262,herald_mwpm,af2fbbc6f5b73f53869840dfb9066070edcfb6ac3a1755a3ef54a5d707009414,"{""config"":""erasure_r50"",""d"":11,""p"":0.018,""r_e"":0.5,""rounds"":11}",
         1,         1,         0,   0.021,blind_mwpm,ff1de6106a5b75c91d472f98ab4c47699f63e80f27a49783bb3094f034335a52,"{""config"":""erasure_r50"",""d"":11,""p"":0.018,""r_e"":0.5,""rounds"":11}",
        32,         6,         0,   0.522,herald_mwpm,af2fbbc6f5b73f53869840dfb9066070edcfb6ac3a1755a3ef54a5d707009414,"{""config"":""erasure_r50"",""d"":11,""p"":0.018,""r_e"":0.5,""rounds"":11}",
       272,       111,         0,   0.098,blind_mwpm,ff1de6106a5b75c91d472f98ab4c47699f63e80f27a49783bb3094f034335a52,"{""config"":""erasure_r50"",""d"":11,""p"":0.018,""r_e"":0.5,""rounds"":11}",
      1024,       396,         0,   0.361,blind_mwpm,ff1de6106a5b75c91d472f98ab4c47699f63e80f27a49783bb3094f034335a52,"{""config"":""erasure_r50"",""d"":11,""p"":0.018,""r_e"":0.5,""rounds"":11}",
        32,         5,         0,   0.533,herald_mwpm,af2fbbc6f5b73f53869840dfb9066070edcfb6ac3a1755a3ef54a5d707009414,"{""config"":""erasure_r50"",""d"":11,""p"":0.018,""r_e"":0.5,""rounds"":11}",
      1024,       392,         0,   0.358,blind_mwpm,ff1de6106a5b75c91d472f98ab4c47699f63e80f27a49783bb3094f034335a52,"{""config"":""erasure_r50"",""d"":11,""p"":0.018,""r_e"":0.5,""rounds"":11}",
        32,         6,         0,   0.525,herald_mwpm,af2fbbc6f5b73f53869840dfb9066070edcfb6ac3a1755a3ef54a5d707009414,"{""config"":""erasure_r50"",""d"":11,""p"":0.018,""r_e"":0.5,""rounds"":11}",
      1024,       380,         0,   0.361,blind_mwpm,ff1de6106a5b75c91d472f98ab4c47699f63e80f27a49783bb3094f034335a52,"{""config"":""erasure_r50"",""d"":11,""p"":0.018,""r_e"":0.5,""rounds"":11}",
        32,         3,         0,   0.517,herald_mwpm,af2fbbc6f5b73f53869840dfb9066070edcfb6ac3a1755a3ef54a5d707009414,"{""config"":""erasure_r50"",""d"":11,""p"":0.018,""r_e"":0.5,""rounds"":11}",
        32,         4,         0,   0.528,herald_mwpm,af2fbbc6f5b73f53869840dfb9066070edcfb6ac3a1755a3ef54a5d707009414,"{""config"":""erasure_r50"",""d"":11,""p"":0.018,""r_e"":0.5,""rounds"":11}",
        32,         7,         0,   0.525,herald_mwpm,af2fbbc6f5b73f53869840dfb9066070edcfb6ac3a1755a3ef54a5d707009414,"{""config"":""erasure_r50"",""d"":11,""p"":0.018,""r_e"":0.5,""rounds"":11}",
         1,         0,         0,   0.016,herald_mwpm,29c4e1cfac8b331d0e6042d28ef04901126f62cbedadf0d401e331736dc6da1f,"{""config"":""erasure_r50"",""d"":11,""p"":0.02,""r_e"":0.5,""rounds"":11}",
        16,         4,         0,   0.264,herald_mwpm,29c4e1cfac8b331d0e6042d28ef04901126f62cbedadf0d401e331736dc6da1f,"{""config"":""erasure_r50"",""d"":11,""p"":0.02,""r_e"":0.5,""rounds"":11}",
        32,         3,         0,   0.527,herald_mwpm,af2fbbc6f5b73f53869840dfb9066070edcfb6ac3a1755a3ef54a5d707009414,"{""config"":""erasure_r50"",""d"":11,""p"":0.018,""r_e"":0.5,""rounds"":11}",
        32,        11,         0,   0.504,herald_mwpm,29c4e1cfac8b331d0e6042d28ef04901126f62cbedadf0d401e331736dc6da1f,"{""config"":""erasure_r50"",""d"":11,""p"":0.02,""r_e"":0.5,""rounds"":11}",
        32,         3,         0,   0.530,herald_mwpm,af2fbbc6f5b73f53869840dfb9066070edcfb6ac3a1755a3ef54a5d707009414,"{""config"":""erasure_r50"",""d"":11,""p"":0.018,""r_e"":0.5,""rounds"":11}",
      4015,         0,         0,    61.2,herald_mwpm,0a73ccf16d724476370016fb6a6ab758e902f5ae536fbe94a5216c679a4538ab,"{""config"":""erasure_r50"",""d"":11,""p"":0.0031622776601683794,""r_e"":0.5,""rounds"":11}",
        32,         7,         0,   0.548,herald_mwpm,29c4e1cfac8b331d0e6042d28ef04901126f62cbedadf0d401e331736dc6da1f,"{""config"":""erasure_r50"",""d"":11,""p"":0.02,""r_e"":0.5,""rounds"":11}",
        32,         7,         0,   0.514,herald_mwpm,af2fbbc6f5b73f53869840dfb9066070edcfb6ac3a1755a3ef54a5d707009414,"{""config"":""erasure_r50"",""d"":11,""p"":0.018,""r_e"":0.5,""rounds"":11}",
        32,         7,         0,   0.529,herald_mwpm,29c4e1cfac8b331d0e6042d28ef04901126f62cbedadf0d401e331736dc6da1f,"{""config"":""erasure_r50"",""d"":11,""p"":0.02,""r_e"":0.5,""rounds"":11}",
      1024,        89,         0,    16.5,herald_mwpm,54f557afc4160aace0dfaf15812a33737507e95ed1d9a30e8b98261fc66cff2c,"{""config"":""erasure_r50"",""d"":11,""p"":0.01467799267622069,""r_e"":0.5,""rounds"":11}",
        32,         7,         0,   0.528,herald_mwpm,af2fbbc6f5b73f53869840dfb9066070edcfb6ac3a1755a3ef54a5d707009414,"{""config"":""erasure_r50"",""d"":11,""p"":0.018,""r_e"":0.5,""rounds"":11}",
        32,         8,         0,   0.540,herald_mwpm,29c4e1cfac8b331d0e6042d28ef04901126f62cbedadf0d401e331736dc6da1f,"{""config"":""erasure_r50"",""d"":11,""p"":0.02,""r_e"":0.5,""rounds"":11}",
         1,         0,         0,   0.021,blind_mwpm,3bb13941aad51adcb5cbafd17b58eb4ba1dea814cc42746dfb9176745a8c50a4,"{""config"":""erasure_r50"",""d"":11,""p"":0.02,""r_e"":0.5,""rounds"":11}",
       272,       108,         0,   0.111,blind_mwpm,3bb13941aad51adcb5cbafd17b58eb4ba1dea814cc42746dfb9176745a8c50a4,"{""config"":""erasure_r50"",""d"":11,""p"":0.02,""r_e"":0.5,""rounds"":11}",
        32,         8,         0,   0.544,herald_mwpm,29c4e1cfac8b331d0e6042d28ef04901126f62cbedadf0d401e331736dc6da1f,"{""config"":""erasure_r50"",""d"":11,""p"":0.02,""r_e"":0.5,""rounds"":11}",
        64,        15,         0,    1.05,herald_mwpm,af2fbbc6f5b73f53869840dfb9066070edcfb6ac3a1755a3ef54a5d707009414,"{""config"":""erasure_r50"",""d"":11,""p"":0.018,""r_e"":0.5,""rounds"":11}",
      1024,       406,         0,   0.406,blind_mwpm,3bb13941aad51adcb5cbafd17b58eb4ba1dea814cc42746dfb9176745a8c50a4,"{""config"":""erasure_r50"",""d"":11,""p"":0.02,""r_e"":0.5,""rounds"":11}",
        32,         5,         0,   0.513,herald_mwpm,29c4e1cfac8b331d0e6042d28ef04901126f62cbedadf0d401e331736dc6da1f,"{""config"":""erasure_r50"",""d"":11,""p"":0.02,""r_e"":0.5,""rounds"":11}",
      1024,       435,         0,   0.401,blind_mwpm,3bb13941aad51adcb5cbafd17b58eb4ba1dea814cc42746dfb9176745a8c50a4,"{""config"":""erasure_r50"",""d"":11,""p"":0.02,""r_e"":0.5,""rounds"":11}",
        32,         4,         0,   0.520,herald_mwpm,29c4e1cfac8b331d0e6042d28ef04901126f62cbedadf0d401e331736dc6da1f,"{""config"":""erasure_r50"",""d"":11,""p"":0.02,""r_e"":0.5,""rounds"":11}",
      1024,       451,         0,   0.401,blind_mwpm,3bb13941aad51adcb5cbafd17b58eb4ba1dea814cc42746dfb9176745a8c50a4,"{""config"":""erasure_r50"",""d"":11,""p"":0.02,""r_e"":0.5,""rounds"":11}",
        64,        12,         0,    1.08,herald_mwpm,af2fbbc6f5b73f53869840dfb9066070edcfb6ac3a1755a3ef54a5d707009414,"{""config"":""erasure_r50"",""d"":11,""p"":0.018,""r_e"":0.5,""rounds"":11}",
        32,         6,         0,   0.549,herald_mwpm,29c4e1cfac8b331d0e6042d28ef04901126f62cbedadf0d401e331736dc6da1f,"{""config"":""erasure_r50"",""d"":11,""p"":0.02,""r_e"":0.5,""rounds"":11}",
        32,         5,         0,   0.533,herald_mwpm,29c4e1cfac8b331d0e6042d28ef04901126f62cbedadf0d401e331736dc6da1f,"{""config"":""erasure_r50"",""d"":11,""p"":0.02,""r_e"":0.5,""rounds"":11}",
         1,         0,         0,   0.017,herald_mwpm,7fbc6951d75c36df9e4898e3a7edad480a972b246abdeeb9d222737dff2fedc0,"{""config"":""erasure_r50"",""d"":11,""p"":0.021544346900318832,""r_e"":0.5,""rounds"":11}",
        32,         9,         0,   0.529,herald_mwpm,29c4e1cfac8b331d0e6042d28ef04901126f62cbedadf0d401e331736dc6da1f,"{""config"":""erasure_r50"",""d"":11,""p"":0.02,""r_e"":0.5,""rounds"":11}",
        96,        17,         0,    1.59,herald_mwpm,af2fbbc6f5b73f53869840dfb9066070edcfb6ac3a1755a3ef54a5d707009414,"{""config"":""erasure_r50"",""d"":11,""p"":0.018,""r_e"":0.5,""rounds"":11}",
        16,         1,         0,   0.266,herald_mwpm,7fbc6951d75c36df9e4898e3a7edad480a972b246abdeeb9d222737dff2fedc0,"{""config"":""erasure_r50"",""d"":11,""p"":0.021544346900318832,""r_e"":0.5,""rounds"":11}",
        32,        11,         0,   0.524,herald_mwpm,7fbc6951d75c36df9e4898e3a7edad480a972b246abdeeb9d222737dff2fedc0,"{""config"":""erasure_r50"",""d"":11,""p"":0.021544346900318832,""r_e"":0.5,""rounds"":11}",
        64,        17,         0,    1.07,herald_mwpm,29c4e1cfac8b331d0e6042d28ef04901126f62cbedadf0d401e331736dc6da1f,"{""config"":""erasure_r50"",""d"":11,""p"":0.02,""r_e"":0.5,""rounds"":11}",
        32,         7,         0,   0.536,herald_mwpm,7fbc6951d75c36df9e4898e3a7edad480a972b246abdeeb9d222737dff2fedc0,"{""config"":""erasure_r50"",""d"":11,""p"":0.021544346900318832,""r_e"":0.5,""rounds"":11}",
        96,        19,         0,    1.58,herald_mwpm,af2fbbc6f5b73f53869840dfb9066070edcfb6ac3a1755a3ef54a5d707009414,"{""config"":""erasure_r50"",""d"":11,""p"":0.018,""r_e"":0.5,""rounds"":11}",
        32,         9,         0,   0.520,herald_mwpm,7fbc6951d75c36df9e4898e3a7edad480a972b246abdeeb9d222737dff2fedc0,"{""config"":""erasure_r50"",""d"":11,""p"":0.021544346900318832,""r_e"":0.5,""rounds"":11}",
        64,        18,         0,    1.06,herald_mwpm,29c4e1cfac8b331d0e6042d28ef04901126f62cbedadf0d401e331736dc6da1f,"{""config"":""erasure_r50"",""d"":11,""p"":0.02,""r_e"":0.5,""rounds"":11}",
        32,         8,         0,   0.536,herald_mwpm,7fbc6951d75c36df9e4898e3a7edad480a972b246abdeeb9d222737dff2fedc0,"{""config"":""erasure_r50"",""d"":11,""p"":0.021544346900318832,""r_e"":0.5,""rounds"":11}",
        32,        11,         0,   0.550,herald_mwpm,7fbc6951d75c36df9e4898e3a7edad480a972b246abdeeb9d222737dff2fedc0,"{""config"":""erasure_r50"",""d"":11,""p"":0.021544346900318832,""r_e"":0.5,""rounds"":11}",
      8000,        74,         0,   120.1,herald_mwpm,c4d028607d2f039ee294a860296364f174a30f3ff6d4d2f961058379467f77aa,"{""config"":""erasure_r50"",""d"":11,""p"":0.01,""r_e"":0.5,""rounds"":11}",
        32,        15,         0,   0.536,herald_mwpm,7fbc6951d75c36df9e4898e3a7edad480a972b246abdeeb9d222737dff2fedc0,"{""config"":""erasure_r50"",""d"":11,""p"":0.021544346900318832,""r_e"":0.5,""rounds"":11}",
        96,        22,         0,    1.65,herald_mwpm,29c4e1cfac8b331d0e6042d28ef04901126f62cbedadf0d401e331736dc6da1f,"{""config"":""erasure_r50"",""d"":11,""p"":0.02,""r_e"":0.5,""rounds"":11}",
       128,        22,         0,    2.18,herald_mwpm,af2fbbc6f5b73f53869840dfb9066070edcfb6ac3a1755a3ef54a5d707009414,"{""config"":""erasure_r50"",""d"":11,""p"":0.018,""r_e"":0.5,""rounds"":11}",
        32,         7,         0,   0.531,herald_mwpm,7fbc6951d75c36df9e4898e3a7edad480a972b246abdeeb9d222737dff2fedc0,"{""config"":""erasure_r50"",""d"":11,""p"":0.021544346900318832,""r_e"":0.5,""rounds"":11}",
        32,        10,         0,   0.540,herald_mwpm,7fbc6951d75c36df9e4898e3a7edad480a972b246abdeeb9d222737dff2fedc0,"{""config"":""erasure_r50"",""d"":11,""p"":0.021544346900318832,""r_e"":0.5,""rounds"":11}",
        32,        12,         0,   0.530,herald_mwpm,7fbc6951d75c36df9e4898e3a7edad480a972b246abdeeb9d222737dff2fedc0,"{""config"":""erasure_r50"",""d"":11,""p"":0.021544346900318832,""r_e"":0.5,""rounds"":11}",
        96,        23,         0,    1.63,herald_mwpm,29c4e1cfac8b331d0e6042d28ef04901126f62cbedadf0d401e331736dc6da1f,"{""config"":""erasure_r50"",""d"":11,""p"":0.02,""r_e"":0.5,""rounds"":11}",
        32,         7,         0,   0.549,herald_mwpm,7fbc6951d75c36df9e4898e3a7edad480a972b246abdeeb9d222737dff2fedc0,"{""config"":""erasure_r50"",""d"":11,""p"":0.021544346900318832,""r_e"":0.5,""rounds"":11}",
        64,        25,         0,    1.07,herald_mwpm,7fbc6951d75c36df9e4898e3a7edad480a972b246abdeeb9d222737dff2fedc0,"{""config"":""erasure_r50"",""d"":11,""p"":0.021544346900318832,""r_e"":0.5,""rounds"":11}",
       192,        35,         0,    3.24,herald_mwpm,af2fbbc6f5b73f53869840dfb9066070edcfb6ac3a1755a3ef54a5d707009414,"{""config"":""erasure_r50"",""d"":11,""p"":0.018,""r_e"":0.5,""rounds"":11}",
        64,        15,         0,    1.07,herald_mwpm,7fbc6951d75c36df9e4898e3a7edad480a972b246abdeeb9d222737dff2fedc0,"{""config"":""erasure_r50"",""d"":11,""p"":0.021544346900318832,""r_e"":0.5,""rounds"":11}",
       160,        39,         0,    2.73,herald_mwpm,29c4e1cfac8b331d0e6042d28ef04901126f62cbedadf0d401e331736dc6da1f,"{""config"":""erasure_r50"",""d"":11,""p"":0.02,""r_e"":0.5,""rounds"":11}",
        96,        23,         0,    1.63,herald_mwpm,7fbc6951d75c36df9e4898e3a7edad480a972b246abdeeb9d222737dff2fedc0,"{""config"":""erasure_r50"",""d"":11,""p"":0.021544346900318832,""r_e"":0.5,""rounds"":11}",
        96,        22,         0,    1.72,herald_mwpm,7fbc6951d75c36df9e4898e3a7edad480a972b246abdeeb9d222737dff2fedc0,"{""config"":""erasure_r50"",""d"":11,""p"":0.021544346900318832,""r_e"":0.5,""rounds"":11}",
       192,        44,         0,    3.33,herald_mwpm,29c4e1cfac8b331d0e6042d28ef04901126f62cbedadf0d401e331736dc6da1f,"{""config"":""erasure_r50"",""d"":11,""p"":0.02,""r_e"":0.5,""rounds"":11}",
       256,        46,         0,    4.42,herald_mwpm,af2fbbc6f5b73f53869840dfb9066070edcfb6ac3a1755a3ef54a5d707009414,"{""config"":""erasure_r50"",""d"":11,""p"":0.018,""r_e"":0.5,""rounds"":11}",
       160,        52,         0,    2.72,herald_mwpm,7fbc6951d75c36df9e4898e3a7edad480a972b246abdeeb9d222737dff2fedc0,"{""config"":""erasure_r50"",""d"":11,""p"":0.021544346900318832,""r_e"":0.5,""rounds"":11}",
       256,        60,         0,    4.40,herald_mwpm,29c4e1cfac8b331d0e6042d28ef04901126f62cbedadf0d401e331736dc6da1f,"{""config"":""erasure_r50"",""d"":11,""p"":0.02,""r_e"":0.5,""rounds"":11}",
       192,        46,         0,    3.27,herald_mwpm,7fbc6951d75c36df9e4898e3a7edad480a972b246abdeeb9d222737dff2fedc0,"{""config"":""erasure_r50"",""d"":11,""p"":0.021544346900318832,""r_e"":0.5,""rounds"":11}",
       352,        54,         0,    6.07,herald_mwpm,af2fbbc6f5b73f53869840dfb9066070edcfb6ac3a1755a3ef54a5d707009414,"{""config"":""erasure_r50"",""d"":11,""p"":0.018,""r_e"":0.5,""rounds"":11}",
      1408,       102,         0,    23.4,herald_mwpm,54f557afc4160aace0dfaf15812a33737507e95ed1d9a30e8b98261fc66cff2c,"{""config"":""erasure_r50"",""d"":11,""p"":0.01467799267622069,""r_e"":0.5,""rounds"":11}",
       256,        81,         0,    4.37,herald_mwpm,7fbc6951d75c36df9e4898e3a7edad480a972b246abdeeb9d222737dff2fedc0,"{""config"":""erasure_r50"",""d"":11,""p"":0.021544346900318832,""r_e"":0.5,""rounds"":11}",
       352,        89,         0,    6.07,herald_mwpm,29c4e1cfac8b331d0e6042d28ef04901126f62cbedadf0d401e331736dc6da1f,"{""config"":""erasure_r50"",""d"":11,""p"":0.02,""r_e"":0.5,""rounds"":11}",
       480,        76,         0,    8.38,herald_mwpm,af2fbbc6f5b73f53869840dfb9066070edcfb6ac3a1755a3ef54a5d707009414,"{""config"":""erasure_r50"",""d"":11,""p"":0.018,""r_e"":0.5,""rounds"":11}",
       352,       101,         0,    6.05,herald_mwpm,7fbc6951d75c36df9e4898e3a7edad480a972b246abdeeb9d222737dff2fedc0,"{""config"":""erasure_r50"",""d"":11,""p"":0.021544346900318832,""r_e"":0.5,""rounds"":11}",
       512,       134,         0,    8.85,herald_mwpm,29c4e1cfac8b331d0e6042d28ef04901126f62cbedadf0d401e331736dc6da1f,"{""config"":""erasure_r50"",""d"":11,""p"":0.02,""r_e"":0.5,""rounds"":11}",
       512,       143,         0,    8.81,herald_mwpm,7fbc6951d75c36df9e4898e3a7edad480a972b246abdeeb9d222737dff2fedc0,"{""config"":""erasure_r50"",""d"":11,""p"":0.021544346900318832,""r_e"":0.5,""rounds"":11}",
       672,       131,         0,    11.7,herald_mwpm,af2fbbc6f5b73f53869840dfb9066070edcfb6ac3a1755a3ef54a5d707009414,"{""config"":""erasure_r50"",""d"":11,""p"":0.018,""r_e"":0.5,""rounds"":11}",
       672,       152,         0,    11.7,herald_mwpm,29c4e1cfac8b331d0e6042d28ef04901126f62cbedadf0d401e331736dc6da1f,"{""config"":""erasure_r50"",""d"":11,""p"":0.02,""r_e"":0.5,""rounds"":11}",
      5871,         1,         0,    96.1,herald_mwpm,0a45165cd83c34b4d2a56472f9bea1200deeaf8773ce26dc353ada26be97b81f,"{""config"":""erasure_r50"",""d"":11,""p"":0.004641588833612777,""r_e"":0.5,""rounds"":11}",
       704,       227,         0,    12.2,herald_mwpm,7fbc6951d75c36df9e4898e3a7edad480a972b246abdeeb9d222737dff2fedc0,"{""config"":""erasure_r50"",""d"":11,""p"":0.021544346900318832,""r_e"":0.5,""rounds"":11}",
         1,         1,         0,   0.020,blind_mwpm,b1fea2cdce887d702052faa88c59ba803060eb35778570b325cdf9bf707a0871,"{""config"":""erasure_r50"",""d"":11,""p"":0.021544346900318832,""r_e"":0.5,""rounds"":11}",
       272,       131,         0,   0.126,blind_mwpm,b1fea2cdce887d702052faa88c59ba803060eb35778570b325cdf9bf707a0871,"{""config"":""erasure_r50"",""d"":11,""p"":0.021544346900318832,""r_e"":0.5,""rounds"":11}",
      1024,       481,         0,   0.453,blind_mwpm,b1fea2cdce887d702052faa88c59ba803060eb35778570b325cdf9bf707a0871,"{""config"":""erasure_r50"",""d"":11,""p"":0.021544346900318832,""r_e"":0.5,""rounds"":11}",
      1024,       475,         0,   0.445,blind_mwpm,b1fea2cdce887d702052faa88c59ba803060eb35778570b325cdf9bf707a0871,"{""config"":""erasure_r50"",""d"":11,""p"":0.021544346900318832,""r_e"":0.5,""rounds"":11}",
         1,         0,         0,   0.021,herald_mwpm,097f4f222dd49ab73b4322c6819a060bffc5b35f1f8c602add8be30690f4170a,"{""config"":""erasure_r50"",""d"":11,""p"":0.022,""r_e"":0.5,""rounds"":11}",
        16,         7,         0,   0.290,herald_mwpm,097f4f222dd49ab73b4322c6819a060bffc5b35f1f8c602add8be30690f4170a,"{""config"":""erasure_r50"",""d"":11,""p"":0.022,""r_e"":0.5,""rounds"":11}",
      1920,       141,         0,    32.5,herald_mwpm,54f557afc4160aace0dfaf15812a33737507e95ed1d9a30e8b98261fc66cff2c,"{""config"":""erasure_r50"",""d"":11,""p"":0.01467799267622069,""r_e"":0.5,""rounds"":11}",
        32,        12,         0,   0.573,herald_mwpm,097f4f222dd49ab73b4322c6819a060bffc5b35f1f8c602add8be30690f4170a,"{""config"":""erasure_r50"",""d"":11,""p"":0.022,""r_e"":0.5,""rounds"":11}",
        32,         8,         0,   0.584,herald_mwpm,097f4f222dd49ab73b4322c6819a060bffc5b35f1f8c602add8be30690f4170a,"{""config"":""erasure_r50"",""d"":11,""p"":0.022,""r_e"":0.5,""rounds"":11}",
        32,         7,         0,   0.574,herald_mwpm,097f4f222dd49ab73b4322c6819a060bffc5b35f1f8c602add8be30690f4170a,"{""config"":""erasure_r50"",""d"":11,""p"":0.022,""r_e"":0.5,""rounds"":11}",
        32,        14,         0,   0.558,herald_mwpm,097f4f222dd49ab73b4322c6819a060bffc5b35f1f8c602add8be30690f4170a,"{""config"":""erasure_r50"",""d"":11,""p"":0.022,""r_e"":0.5,""rounds"":11}",
       960,       178,         0,    16.8,herald_mwpm,af2fbbc6f5b73f53869840dfb9066070edcfb6ac3a1755a3ef54a5d707009414,"{""config"":""erasure_r50"",""d"":11,""p"":0.018,""r_e"":0.5,""rounds"":11}",
        32,        10,         0,   0.570,herald_mwpm,097f4f222dd49ab73b4322c6819a060bffc5b35f1f8c602add8be30690f4170a,"{""config"":""erasure_r50"",""d"":11,""p"":0.022,""r_e"":0.5,""rounds"":11}",
        32,        11,         0,   0.571,herald_mwpm,097f4f222dd49ab73b4322c6819a060bffc5b35f1f8c602add8be30690f4170a,"{""config"":""erasure_r50"",""d"":11,""p"":0.022,""r_e"":0.5,""rounds"":11}",
        32,        11,         0,   0.555,herald_mwpm,097f4f222dd49ab73b4322c6819a060bffc5b35f1f8c602add8be30690f4170a,"{""config"":""erasure_r50"",""d"":11,""p"":0.022,""r_e"":0.5,""rounds"":11}",
        32,         9,         0,   0.569,herald_mwpm,097f4f222dd49ab73b4322c6819a060bffc5b35f1f8c602add8be30690f4170a,"{""config"":""erasure_r50"",""d"":11,""p"":0.022,""r_e"":0.5,""rounds"":11}",
        32,        11,         0,   0.570,herald_mwpm,097f4f222dd49ab73b4322c6819a060bffc5b35f1f8c602add8be30690f4170a,"{""config"":""erasure_r50"",""d"":11,""p"":0.022,""r_e"":0.5,""rounds"":11}",
        32,        11,         0,   0.581,herald_mwpm,097f4f222dd49ab73b4322c6819a060bffc5b35f1f8c602add8be30690f4170a,"{""config"":""erasure_r50"",""d"":11,""p"":0.022,""r_e"":0.5,""rounds"":11}",
       544,       170,         0,    9.31,herald_mwpm,7fbc6951d75c36df9e4898e3a7edad480a972b246abdeeb9d222737dff2fedc0,"{""config"":""erasure_r50"",""d"":11,""p"":0.021544346900318832,""r_e"":0.5,""rounds"":11}",
        32,        11,         0,   0.579,herald_mwpm,097f4f222dd49ab73b4322c6819a060bffc5b35f1f8c602add8be30690f4170a,"{""config"":""erasure_r50"",""d"":11,""p"":0.022,""r_e"":0.5,""rounds"":11}",
       960,       232,         0,    16.7,herald_mwpm,29c4e1cfac8b331d0e6042d28ef04901126f62cbedadf0d401e331736dc6da1f,"{""config"":""erasure_r50"",""d"":11,""p"":0.02,""r_e"":0.5,""rounds"":11}",
        64,        12,         0,    1.13,herald_mwpm,097f4f222dd49ab73b4322c6819a060bffc5b35f1f8c602add8be30690f4170a,"{""config"":""erasure_r50"",""d"":11,""p"":0.022,""r_e"":0.5,""rounds"":11}",
         1,         1,         0,   0.020,blind_mwpm,236d1e7e86687f78dfc98321e726d084874ad1775881fd2e80e2980c6347c035,"{""config"":""erasure_r50"",""d"":11,""p"":0.022,""r_e"":0.5,""rounds"":11}",
       272,       128,         0,   0.121,blind_mwpm,236d1e7e86687f78dfc98321e726d084874ad1775881fd2e80e2980c6347c035,"{""config"":""erasure_r50"",""d"":11,""p"":0.022,""r_e"":0.5,""rounds"":11}",
      1024,       475,         0,   0.461,blind_mwpm,236d1e7e86687f78dfc98321e726d084874ad1775881fd2e80e2980c6347c035,"{""config"":""erasure_r50"",""d"":11,""p"":0.022,""r_e"":0.5,""rounds"":11}",
      1024,       477,         0,   0.458,blind_mwpm,236d1e7e86687f78dfc98321e726d084874ad1775881fd2e80e2980c6347c035,"{""config"":""erasure_r50"",""d"":11,""p"":0.022,""r_e"":0.5,""rounds"":11}",
        64,        20,         0,    1.12,herald_mwpm,097f4f222dd49ab73b4322c6819a060bffc5b35f1f8c602add8be30690f4170a,"{""config"":""erasure_r50"",""d"":11,""p"":0.022,""r_e"":0.5,""rounds"":11}",
         1,         0,         0,   0.018,herald_mwpm,51a7fbb7bfc31e8a60fe28e1eccc586453ee62c733d7fcf9a7ac1288ee653ba5,"{""config"":""erasure_r50"",""d"":11,""p"":0.024,""r_e"":0.5,""rounds"":11}",
        96,        36,         0,    1.71,herald_mwpm,097f4f222dd49ab73b4322c6819a060bffc5b35f1f8c602add8be30690f4170a,"{""config"":""erasure_r50"",""d"":11,""p"":0.022,""r_e"":0.5,""rounds"":11}",
        16,         8,         0,   0.283,herald_mwpm,51a7fbb7bfc31e8a60fe28e1eccc586453ee62c733d7fcf9a7ac1288ee653ba5,"{""config"":""erasure_r50"",""d"":11,""p"":0.024,""r_e"":0.5,""rounds"":11}",
        32,        13,         0,   0.555,herald_mwpm,51a7fbb7bfc31e8a60fe28e1eccc586453ee62c733d7fcf9a7ac1288ee653ba5,"{""config"":""erasure_r50"",""d"":11,""p"":0.024,""r_e"":0.5,""rounds"":11}",
        32,        11,         0,   0.550,herald_mwpm,51a7fbb7bfc31e8a60fe28e1eccc586453ee62c733d7fcf9a7ac1288ee653ba5,"{""config"":""erasure_r50"",""d"":11,""p"":0.024,""r_e"":0.5,""rounds"":11}",
        32,        10,         0,   0.559,herald_mwpm,51a7fbb7bfc31e8a60fe28e1eccc586453ee62c733d7fcf9a7ac1288ee653ba5,"{""config"":""erasure_r50"",""d"":11,""p"":0.024,""r_e"":0.5,""rounds"":11}",
       128,        48,         0,    2.27,herald_mwpm,097f4f222dd49ab73b4322c6819a060bffc5b35f1f8c602add8be30690f4170a,"{""config"":""erasure_r50"",""d"":11,""p"":0.022,""r_e"":0.5,""rounds"":11}",
        32,         8,         0,   0.575,herald_mwpm,51a7fbb7bfc31e8a60fe28e1eccc586453ee62c733d7fcf9a7ac1288ee653ba5,"{""config"":""erasure_r50"",""d"":11,""p"":0.024,""r_e"":0.5,""rounds"":11}",
        32,         9,         0,   0.554,herald_mwpm,51a7fbb7bfc31e8a60fe28e1eccc586453ee62c733d7fcf9a7ac1288ee653ba5,"{""config"":""erasure_r50"",""d"":11,""p"":0.024,""r_e"":0.5,""rounds"":11}",
        32,        15,         0,   0.572,herald_mwpm,51a7fbb7bfc31e8a60fe28e1eccc586453ee62c733d7fcf9a7ac1288ee653ba5,"{""config"":""erasure_r50"",""d"":11,""p"":0.024,""r_e"":0.5,""rounds"":11}",
      6015,         3,         0,    99.9,herald_mwpm,dab85acc8f3f877a05bce3c692054934ff2364f3e09cf82aa9e299d36915f55b,"{""config"":""erasure_r50"",""d"":11,""p"":0.006812920690579608,""r_e"":0.5,""rounds"":11}",
        32,        11,         0,   0.559,herald_mwpm,51a7fbb7bfc31e8a60fe28e1eccc586453ee62c733d7fcf9a7ac1288ee653ba5,"{""config"":""erasure_r50"",""d"":11,""p"":0.024,""r_e"":0.5,""rounds"":11}",
        32,        14,         0,   0.546,herald_mwpm,51a7fbb7bfc31e8a60fe28e1eccc586453ee62c733d7fcf9a7ac1288ee653ba5,"{""config"":""erasure_r50"",""d"":11,""p"":0.024,""r_e"":0.5,""rounds"":11}",
        32,        12,         0,   0.565,herald_mwpm,51a7fbb7bfc31e8a60fe28e1eccc586453ee62c733d7fcf9a7ac1288ee653ba5,"{""config"":""erasure_r50"",""d"":11,""p"":0.024,""r_e"":0.5,""rounds"":11}",
         1,         1,         0,   0.021,blind_mwpm,b1e42c57b5b341e39a1f5f4774ba0304af8ff444e131f2135cc2fc779e2d8dc5,"{""config"":""erasure_r50"",""d"":11,""p"":0.024,""r_e"":0.5,""rounds"":11}",
       272,       135,         0,   0.138,blind_mwpm,b1e42c57b5b341e39a1f5f4774ba0304af8ff444e131f2135cc2fc779e2d8dc5,"{""config"":""erasure_r50"",""d"":11,""p"":0.024,""r_e"":0.5,""rounds"":11}",
       192,        48,         0,    3.44,herald_mwpm,097f4f222dd49ab73b4322c6819a060bffc5b35f1f8c602add8be30690f4170a,"{""config"":""erasure_r50"",""d"":11,""p"":0.022,""r_e"":0.5,""rounds"":11}",
        32,        12,         0,   0.552,herald_mwpm,51a7fbb7bfc31e8a60fe28e1eccc586453ee62c733d7fcf9a7ac1288ee653ba5,"{""config"":""erasure_r50"",""d"":11,""p"":0.024,""r_e"":0.5,""rounds"":11}",
       512,        99,         0,    8.87,herald_mwpm,29c4e1cfac8b331d0e6042d28ef04901126f62cbedadf0d401e331736dc6da1f,"{""config"":""erasure_r50"",""d"":11,""p"":0.02,""r_e"":0.5,""rounds"":11}",
      1024,       502,         0,   0.509,blind_mwpm,b1e42c57b5b341e39a1f5f4774ba0304af8ff444e131f2135cc2fc779e2d8dc5,"{""config"":""erasure_r50"",""d"":11,""p"":0.024,""r_e"":0.5,""rounds"":11}",
      1024,       511,         0,   0.511,blind_mwpm,b1e42c57b5b341e39a1f5f4774ba0304af8ff444e131f2135cc2fc779e2d8dc5,"{""config"":""erasure_r50"",""d"":11,""p"":0.024,""r_e"":0.5,""rounds"":11}",
        64,        19,         0,    1.09,herald_mwpm,51a7fbb7bfc31e8a60fe28e1eccc586453ee62c733d7fcf9a7ac1288ee653ba5,"{""config"":""erasure_r50"",""d"":11,""p"":0.024,""r_e"":0.5,""rounds"":11}",
         1,         0,         0,   0.019,herald_mwpm,66a3604c2bdcc32017489b005c2835e00ad64e3f1d62ee0dd9fee12af1e98512,"{""config"":""erasure_r50"",""d"":11,""p"":0.026,""r_e"":0.5,""rounds"":11}",
        16,         7,         0,   0.277,herald_mwpm,66a3604c2bdcc32017489b005c2835e00ad64e3f1d62ee0dd9fee12af1e98512,"{""config"":""erasure_r50"",""d"":11,""p"":0.026,""r_e"":0.5,""rounds"":11}",
        64,        25,         0,    1.08,herald_mwpm,51a7fbb7bfc31e8a60fe28e1eccc586453ee62c733d7fcf9a7ac1288ee653ba5,"{""config"":""erasure_r50"",""d"":11,""p"":0.024,""r_e"":0.5,""rounds"":11}",
         1,         0,         0,   0.023,blind_mwpm,70de69af2798368f00460f3d5a305f1b512f79597eaeeff1fd07bc8f120341e3,"{""config"":""erasure_r50"",""d"":11,""p"":0.026,""r_e"":0.5,""rounds"":11}",
       272,       125,         0,   0.142,blind_mwpm,70de69af2798368f00460f3d5a305f1b512f79597eaeeff1fd07bc8f120341e3,"{""config"":""erasure_r50"",""d"":11,""p"":0.026,""r_e"":0.5,""rounds"":11}",
        32,        13,         0,   0.547,herald_mwpm,66a3604c2bdcc32017489b005c2835e00ad64e3f1d62ee0dd9fee12af1e98512,"{""config"":""erasure_r50"",""d"":11,""p"":0.026,""r_e"":0.5,""rounds"":11}",
      1024,       500,         0,   0.541,blind_mwpm,70de69af2798368f00460f3d5a305f1b512f79597eaeeff1fd07bc8f120341e3,"{""config"":""erasure_r50"",""d"":11,""p"":0.026,""r_e"":0.5,""rounds"":11}",
        32,        12,         0,   0.550,herald_mwpm,66a3604c2bdcc32017489b005c2835e00ad64e3f1d62ee0dd9fee12af1e98512,"{""config"":""erasure_r50"",""d"":11,""p"":0.026,""r_e"":0.5,""rounds"":11}",
      1024,       508,         0,   0.529,blind_mwpm,70de69af2798368f00460f3d5a305f1b512f79597eaeeff1fd07bc8f120341e3,"{""config"":""erasure_r50"",""d"":11,""p"":0.026,""r_e"":0.5,""rounds"":11}",
        32,        11,         0,   0.535,herald_mwpm,66a3604c2bdcc32017489b005c2835e00ad64e3f1d62ee0dd9fee12af1e98512,"{""config"":""erasure_r50"",""d"":11,""p"":0.026,""r_e"":0.5,""rounds"":11}",
        96,        40,         0,    1.65,herald_mwpm,51a7fbb7bfc31e8a60fe28e1eccc586453ee62c733d7fcf9a7ac1288ee653ba5,"{""config"":""erasure_r50"",""d"":11,""p"":0.024,""r_e"":0.5,""rounds"":11}",
        32,        11,         0,   0.546,herald_mwpm,66a3604c2bdcc32017489b005c2835e00ad64e3f1d62ee0dd9fee12af1e98512,"{""config"":""erasure_r50"",""d"":11,""p"":0.026,""r_e"":0.5,""rounds"":11}",
       256,        81,         0,    4.49,herald_mwpm,097f4f222dd49ab73b4322c6819a060bffc5b35f1f8c602add8be30690f4170a,"{""config"":""erasure_r50"",""d"":11,""p"":0.022,""r_e"":0.5,""rounds"":11}",
        32,        12,         0,   0.548,herald_mwpm,66a3604c2bdcc32017489b005c2835e00ad64e3f1d62ee0dd9fee12af1e98512,"{""config"":""erasure_r50"",""d"":11,""p"":0.026,""r_e"":0.5,""rounds"":11}",
         1,         1,         0,   0.023,herald_mwpm,9fa783cd31065f929bf99b94dc0c4e473892c8ff11b28acc8f1736997e9c3f7c,"{""config"":""erasure_r50"",""d"":11,""p"":0.03162277660168379,""r_e"":0.5,""rounds"":11}",
        32,        15,         0,   0.534,herald_mwpm,66a3604c2bdcc32017489b005c2835e00ad64e3f1d62ee0dd9fee12af1e98512,"{""config"":""erasure_r50"",""d"":11,""p"":0.026,""r_e"":0.5,""rounds"":11}",
        96,        41,         0,    1.65,herald_mwpm,51a7fbb7bfc31e8a60fe28e1eccc586453ee62c733d7fcf9a7ac1288ee653ba5,"{""config"":""erasure_r50"",""d"":11,""p"":0.024,""r_e"":0.5,""rounds"":11}",
        16,         9,         0,   0.295,herald_mwpm,9fa783cd31065f929bf99b94dc0c4e473892c8ff11b28acc8f1736997e9c3f7c,"{""config"":""erasure_r50"",""d"":11,""p"":0.03162277660168379,""r_e"":0.5,""rounds"":11}",
        32,        12,         0,   0.548,herald_mwpm,66a3604c2bdcc32017489b005c2835e00ad64e3f1d62ee0dd9fee12af1e98512,"{""config"":""erasure_r50"",""d"":11,""p"":0.026,""r_e"":0.5,""rounds"":11}",
        32,        17,         0,   0.585,herald_mwpm,9fa783cd31065f929bf99b94dc0c4e473892c8ff11b28acc8f1736997e9c3f7c,"{""config"":""erasure_r50"",""d"":11,""p"":0.03162277660168379,""r_e"":0.5,""rounds"":11}",
        32,        14,         0,   0.542,herald_mwpm,66a3604c2bdcc32017489b005c2835e00ad64e3f1d62ee0dd9fee12af1e98512,"{""config"":""erasure_r50"",""d"":11,""p"":0.026,""r_e"":0.5,""rounds"":11}",
        32,        13,         0,   0.586,herald_mwpm,9fa783cd31065f929bf99b94dc0c4e473892c8ff11b28acc8f1736997e9c3f7c,"{""config"":""erasure_r50"",""d"":11,""p"":0.03162277660168379,""r_e"":0.5,""rounds"":11}",
        32,        11,         0,   0.557,herald_mwpm,66a3604c2bdcc32017489b005c2835e00ad64e3f1d62ee0dd9fee12af1e98512,"{""config"":""erasure_r50"",""d"":11,""p"":0.026,""r_e"":0.5,""rounds"":11}",
        32,        13,         0,   0.552,herald_mwpm,9fa783cd31065f929bf99b94dc0c4e473892c8ff11b28acc8f1736997e9c3f7c,"{""config"":""erasure_r50"",""d"":11,""p"":0.03162277660168379,""r_e"":0.5,""rounds"":11}",
        32,         9,         0,   0.556,herald_mwpm,66a3604c2bdcc32017489b005c2835e00ad64e3f1d62ee0dd9fee12af1e98512,"{""config"":""erasure_r50"",""d"":11,""p"":0.026,""r_e"":0.5,""rounds"":11}",
       128,        53,         0,    2.21,herald_mwpm,51a7fbb7bfc31e8a60fe28e1eccc586453ee62c733d7fcf9a7ac1288ee653ba5,"{""config"":""erasure_r50"",""d"":11,""p"":0.024,""r_e"":0.5,""rounds"":11}",
        32,        10,         0,   0.559,herald_mwpm,9fa783cd31065f929bf99b94dc0c4e473892c8ff11b28acc8f1736997e9c3f7c,"{""config"":""erasure_r50"",""d"":11,""p"":0.03162277660168379,""r_e"":0.5,""rounds"":11}",
        32,        13,         0,   0.571,herald_mwpm,9fa783cd31065f929bf99b94dc0c4e473892c8ff11b28acc8f1736997e9c3f7c,"{""config"":""erasure_r50"",""d"":11,""p"":0.03162277660168379,""r_e"":0.5,""rounds"":11}",
        64,        23,         0,    1.10,herald_mwpm,66a3604c2bdcc32017489b005c2835e00ad64e3f1d62ee0dd9fee12af1e98512,"{""config"":""erasure_r50"",""d"":11,""p"":0.026,""r_e"":0.5,""rounds"":11}",
        32,        11,         0,   0.601,herald_mwpm,9fa783cd31065f929bf99b94dc0c4e473892c8ff11b28acc8f1736997e9c3f7c,"{""config"":""erasure_r50"",""d"":11,""p"":0.03162277660168379,""r_e"":0.5,""rounds"":11}",
        32,        16,         0,   0.577,herald_mwpm,9fa783cd31065f929bf99b94dc0c4e473892c8ff11b28acc8f1736997e9c3f7c,"{""config"":""erasure_r50"",""d"":11,""p"":0.03162277660168379,""r_e"":0.5,""rounds"":11}",
        64,        31,         0,    1.10,herald_mwpm,66a3604c2bdcc32017489b005c2835e00ad64e3f1d62ee0dd9fee12af1e98512,"{""config"":""erasure_r50"",""d"":11,""p"":0.026,""r_e"":0.5,""rounds"":11}",
      1344,       246,         0,    23.3,herald_mwpm,af2fbbc6f5b73f53869840dfb9066070edcfb6ac3a1755a3ef54a5d707009414,"{""config"":""erasure_r50"",""d"":11,""p"":0.018,""r_e"":0.5,""rounds"":11}",
        32,        14,         0,   0.572,herald_mwpm,9fa783cd31065f929bf99b94dc0c4e473892c8ff11b28acc8f1736997e9c3f7c,"{""config"":""erasure_r50"",""d"":11,""p"":0.03162277660168379,""r_e"":0.5,""rounds"":11}",
       352,       107,         0,    6.21,herald_mwpm,097f4f222dd49ab73b4322c6819a060bffc5b35f1f8c602add8be30690f4170a,"{""config"":""erasure_r50"",""d"":11,""p"":0.022,""r_e"":0.5,""rounds"":11}",
        32,        18,         0,   0.559,herald_mwpm,9fa783cd31065f929bf99b94dc0c4e473892c8ff11b28acc8f1736997e9c3f7c,"{""config"":""erasure_r50"",""d"":11,""p"":0.03162277660168379,""r_e"":0.5,""rounds"":11}",
       192,        79,         0,    3.32,herald_mwpm,51a7fbb7bfc31e8a60fe28e1eccc586453ee62c733d7fcf9a7ac1288ee653ba5,"{""config"":""erasure_r50"",""d"":11,""p"":0.024,""r_e"":0.5,""rounds"":11}",
        32,        13,         0,   0.585,herald_mwpm,9fa783cd31065f929bf99b94dc0c4e473892c8ff11b28acc8f1736997e9c3f7c,"{""config"":""erasure_r50"",""d"":11,""p"":0.03162277660168379,""r_e"":0.5,""rounds"":11}",
        96,        45,         0,    1.66,herald_mwpm,66a3604c2bdcc32017489b005c2835e00ad64e3f1d62ee0dd9fee12af1e98512,"{""config"":""erasure_r50"",""d"":11,""p"":0.026,""r_e"":0.5,""rounds"":11}",
        32,        15,         0,   0.575,herald_mwpm,9fa783cd31065f929bf99b94dc0c4e473892c8ff11b28acc8f1736997e9c3f7c,"{""config"":""erasure_r50"",""d"":11,""p"":0.03162277660168379,""r_e"":0.5,""rounds"":11}",
        64,        27,         0,    1.21,herald_mwpm,9fa783cd31065f929bf99b94dc0c4e473892c8ff11b28acc8f1736997e9c3f7c,"{""config"":""erasure_r50"",""d"":11,""p"":0.03162277660168379,""r_e"":0.5,""rounds"":11}",
        96,        37,         0,    1.69,herald_mwpm,66a3604c2bdcc32017489b005c2835e00ad64e3f1d62ee0dd9fee12af1e98512,"{""config"":""erasure_r50"",""d"":11,""p"":0.026,""r_e"":0.5,""rounds"":11}",
        64,        27,         0,    1.17,herald_mwpm,9fa783cd31065f929bf99b94dc0c4e473892c8ff11b28acc8f1736997e9c3f7c,"{""config"":""erasure_r50"",""d"":11,""p"":0.03162277660168379,""r_e"":0.5,""rounds"":11}",
       128,        56,         0,    2.23,herald_mwpm,66a3604c2bdcc32017489b005c2835e00ad64e3f1d62ee0dd9fee12af1e98512,"{""config"":""erasure_r50"",""d"":11,""p"":0.026,""r_e"":0.5,""rounds"":11}",
       256,        97,         0,    4.47,herald_mwpm,51a7fbb7bfc31e8a60fe28e1eccc586453ee62c733d7fcf9a7ac1288ee653ba5,"{""config"":""erasure_r50"",""d"":11,""p"":0.024,""r_e"":0.5,""rounds"":11}",
        96,        45,         0,    1.72,herald_mwpm,9fa783cd31065f929bf99b94dc0c4e473892c8ff11b28acc8f1736997e9c3f7c,"{""config"":""erasure_r50"",""d"":11,""p"":0.03162277660168379,""r_e"":0.5,""rounds"":11}",
       128,        67,         0,    2.30,herald_mwpm,9fa783cd31065f929bf99b94dc0c4e473892c8ff11b28acc8f1736997e9c3f7c,"{""config"":""erasure_r50"",""d"":11,""p"":0.03162277660168379,""r_e"":0.5,""rounds"":11}",
       192,        92,         0,    3.35,herald_mwpm,66a3604c2bdcc32017489b005c2835e00ad64e3f1d62ee0dd9fee12af1e98512,"{""config"":""erasure_r50"",""d"":11,""p"":0.026,""r_e"":0.5,""rounds"":11}",
      4943,        46,         0,    83.6,herald_mwpm,c4d028607d2f039ee294a860296364f174a30f3ff6d4d2f961058379467f77aa,"{""config"":""erasure_r50"",""d"":11,""p"":0.01,""r_e"":0.5,""rounds"":11}",
       480,       158,         0,    8.72,herald_mwpm,097f4f222dd49ab73b4322c6819a060bffc5b35f1f8c602add8be30690f4170a,"{""config"":""erasure_r50"",""d"":11,""p"":0.022,""r_e"":0.5,""rounds"":11}",
       576,        93,         0,    10.2,herald_mwpm,af2fbbc6f5b73f53869840dfb9066070edcfb6ac3a1755a3ef54a5d707009414,"{""config"":""erasure_r50"",""d"":11,""p"":0.018,""r_e"":0.5,""rounds"":11}",
         1,         1,         0,   0.023,blind_mwpm,8e4fc4e1466a9f3e92e8dac0827a1bdf64b1c49e318ba7ec5b600d0ea1de2a9d,"{""config"":""erasure_r50"",""d"":11,""p"":0.03162277660168379,""r_e"":0.5,""rounds"":11}",
       272,       135,         0,   0.193,blind_mwpm,8e4fc4e1466a9f3e92e8dac0827a1bdf64b1c49e318ba7ec5b600d0ea1de2a9d,"{""config"":""erasure_r50"",""d"":11,""p"":0.03162277660168379,""r_e"":0.5,""rounds"":11}",
       512,       279,         0,   0.366,blind_mwpm,8e4fc4e1466a9f3e92e8dac0827a1bdf64b1c49e318ba7ec5b600d0ea1de2a9d,"{""config"":""erasure_r50"",""d"":11,""p"":0.03162277660168379,""r_e"":0.5,""rounds"":11}",
       160,        90,         0,    3.16,herald_mwpm,9fa783cd31065f929bf99b94dc0c4e473892c8ff11b28acc8f1736997e9c3f7c,"{""config"":""erasure_r50"",""d"":11,""p"":0.03162277660168379,""r_e"":0.5,""rounds"":11}",
       512,       245,         0,   0.350,blind_mwpm,8e4fc4e1466a9f3e92e8dac0827a1bdf64b1c49e318ba7ec5b600d0ea1de2a9d,"{""config"":""erasure_r50"",""d"":11,""p"":0.03162277660168379,""r_e"":0.5,""rounds"":11}",
         1,         0,         0,   0.027,herald_mwpm,4481f404150aff8de880952d39c680a0b5e8924c3933c74224512a2d4f4e19ef,"{""config"":""erasure_r50"",""d"":11,""p"":0.046415888336127774,""r_e"":0.5,""rounds"":11}",
       352,       113,         0,    6.49,herald_mwpm,51a7fbb7bfc31e8a60fe28e1eccc586453ee62c733d7fcf9a7ac1288ee653ba5,"{""config"":""erasure_r50"",""d"":11,""p"":0.024,""r_e"":0.5,""rounds"":11}",
       512,       248,         0,   0.365,blind_mwpm,8e4fc4e1466a9f3e92e8dac0827a1bdf64b1c49e318ba7ec5b600d0ea1de2a9d,"{""config"":""erasure_r50"",""d"":11,""p"":0.03162277660168379,""r_e"":0.5,""rounds"":11}",
        16,         4,         0,   0.321,herald_mwpm,4481f404150aff8de880952d39c680a0b5e8924c3933c74224512a2d4f4e19ef,"{""config"":""erasure_r50"",""d"":11,""p"":0.046415888336127774,""r_e"":0.5,""rounds"":11}",
       512,       257,         0,   0.349,blind_mwpm,8e4fc4e1466a9f3e92e8dac0827a1bdf64b1c49e318ba7ec5b600d0ea1de2a9d,"{""config"":""erasure_r50"",""d"":11,""p"":0.03162277660168379,""r_e"":0.5,""rounds"":11}",
        16,        11,         0,   0.294,herald_mwpm,4481f404150aff8de880952d39c680a0b5e8924c3933c74224512a2d4f4e19ef,"{""config"":""erasure_r50"",""d"":11,""p"":0.046415888336127774,""r_e"":0.5,""rounds"":11}",
       224,        95,         0,    4.32,herald_mwpm,66a3604c2bdcc32017489b005c2835e00ad64e3f1d62ee0dd9fee12af1e98512,"{""config"":""erasure_r50"",""d"":11,""p"":0.026,""r_e"":0.5,""rounds"":11}",
        32,        18,         0,   0.581,herald_mwpm,4481f404150aff8de880952d39c680a0b5e8924c3933c74224512a2d4f4e19ef,"{""config"":""erasure_r50"",""d"":11,""p"":0.046415888336127774,""r_e"":0.5,""rounds"":11}",
        32,        13,         0,   0.578,herald_mwpm,4481f404150aff8de880952d39c680a0b5e8924c3933c74224512a2d4f4e19ef,"{""config"":""erasure_r50"",""d"":11,""p"":0.046415888336127774,""r_e"":0.5,""rounds"":11}",
         1,         1,         0,   0.022,blind_mwpm,f8831c5130c3103d2fd98f50bf349e26746d2b4f54b4864cc183e1e6d3ef369b,"{""config"":""erasure_r50"",""d"":11,""p"":0.046415888336127774,""r_e"":0.5,""rounds"":11}",
        16,         8,         0,   0.014,blind_mwpm,f8831c5130c3103d2fd98f50bf349e26746d2b4f54b4864cc183e1e6d3ef369b,"{""config"":""erasure_r50"",""d"":11,""p"":0.046415888336127774,""r_e"":0.5,""rounds"":11}",
        32,        18,         0,   0.575,herald_mwpm,4481f404150aff8de880952d39c680a0b5e8924c3933c74224512a2d4f4e19ef,"{""config"":""erasure_r50"",""d"":11,""p"":0.046415888336127774,""r_e"":0.5,""rounds"":11}",
       256,       122,         0,   0.219,blind_mwpm,f8831c5130c3103d2fd98f50bf349e26746d2b4f54b4864cc183e1e6d3ef369b,"{""config"":""erasure_r50"",""d"":11,""p"":0.046415888336127774,""r_e"":0.5,""rounds"":11}",
        32,        16,         0,   0.566,herald_mwpm,4481f404150aff8de880952d39c680a0b5e8924c3933c74224512a2d4f4e19ef,"{""config"":""erasure_r50"",""d"":11,""p"":0.046415888336127774,""r_e"":0.5,""rounds"":11}",
       512,       251,         0,   0.430,blind_mwpm,f8831c5130c3103d2fd98f50bf349e26746d2b4f54b4864cc183e1e6d3ef369b,"{""config"":""erasure_r50"",""d"":11,""p"":0.046415888336127774,""r_e"":0.5,""rounds"":11}",
       512,       245,         0,   0.426,blind_mwpm,f8831c5130c3103d2fd98f50bf349e26746d2b4f54b4864cc183e1e6d3ef369b,"{""config"":""erasure_r50"",""d"":11,""p"":0.046415888336127774,""r_e"":0.5,""rounds"":11}",
        32,        12,         0,   0.585,herald_mwpm,4481f404150aff8de880952d39c680a0b5e8924c3933c74224512a2d4f4e19ef,"{""config"":""erasure_r50"",""d"":11,""p"":0.046415888336127774,""r_e"":0.5,""rounds"":11}",
       512,       265,         0,   0.430,blind_mwpm,f8831c5130c3103d2fd98f50bf349e26746d2b4f54b4864cc183e1e6d3ef369b,"{""config"":""erasure_r50"",""d"":11,""p"":0.046415888336127774,""r_e"":0.5,""rounds"":11}",
        32,        21,         0,   0.566,herald_mwpm,4481f404150aff8de880952d39c680a0b5e8924c3933c74224512a2d4f4e19ef,"{""config"":""erasure_r50"",""d"":11,""p"":0.046415888336127774,""r_e"":0.5,""rounds"":11}",
       512,       252,         0,   0.432,blind_mwpm,f8831c5130c3103d2fd98f50bf349e26746d2b4f54b4864cc183e1e6d3ef369b,"{""config"":""erasure_r50"",""d"":11,""p"":0.046415888336127774,""r_e"":0.5,""rounds"":11}",
       256,       120,         0,    4.82,herald_mwpm,9fa783cd31065f929bf99b94dc0c4e473892c8ff11b28acc8f1736997e9c3f7c,"{""config"":""erasure_r50"",""d"":11,""p"":0.03162277660168379,""r_e"":0.5,""rounds"":11}",
        32,        18,         0,   0.575,herald_mwpm,4481f404150aff8de880952d39c680a0b5e8924c3933c74224512a2d4f4e19ef,"{""config"":""erasure_r50"",""d"":11,""p"":0.046415888336127774,""r_e"":0.5,""rounds"":11}",
        32,        17,         0,   0.571,herald_mwpm,4481f404150aff8de880952d39c680a0b5e8924c3933c74224512a2d4f4e19ef,"{""config"":""erasure_r50"",""d"":11,""p"":0.046415888336127774,""r_e"":0.5,""rounds"":11}",
        32,        21,         0,   0.569,herald_mwpm,4481f404150aff8de880952d39c680a0b5e8924c3933c74224512a2d4f4e19ef,"{""config"":""erasure_r50"",""d"":11,""p"":0.046415888336127774,""r_e"":0.5,""rounds"":11}",
         1,         1,         0,   0.027,herald_mwpm,443cf36ab3fd492b949497a90b81f7313570c65a3ffe96a866023e6f11666c40,"{""config"":""erasure_r50"",""d"":11,""p"":0.06812920690579612,""r_e"":0.5,""rounds"":11}",
        16,         6,         0,   0.311,herald_mwpm,443cf36ab3fd492b949497a90b81f7313570c65a3ffe96a866023e6f11666c40,"{""config"":""erasure_r50"",""d"":11,""p"":0.06812920690579612,""r_e"":0.5,""rounds"":11}",
        32,        20,         0,   0.577,herald_mwpm,4481f404150aff8de880952d39c680a0b5e8924c3933c74224512a2d4f4e19ef,"{""config"":""erasure_r50"",""d"":11,""p"":0.046415888336127774,""r_e"":0.5,""rounds"":11}",
        16,         5,         0,   0.296,herald_mwpm,443cf36ab3fd492b949497a90b81f7313570c65a3ffe96a866023e6f11666c40,"{""config"":""erasure_r50"",""d"":11,""p"":0.06812920690579612,""r_e"":0.5,""rounds"":11}",
        32,        12,         0,   0.617,herald_mwpm,443cf36ab3fd492b949497a90b81f7313570c65a3ffe96a866023e6f11666c40,"{""config"":""erasure_r50"",""d"":11,""p"":0.06812920690579612,""r_e"":0.5,""rounds"":11}",
       352,       145,         0,    6.16,herald_mwpm,66a3604c2bdcc32017489b005c2835e00ad64e3f1d62ee0dd9fee12af1e98512,"{""config"":""erasure_r50"",""d"":11,""p"":0.026,""r_e"":0.5,""rounds"":11}",
      2624,       181,         0,    45.1,herald_mwpm,54f557afc4160aace0dfaf15812a33737507e95ed1d9a30e8b98261fc66cff2c,"{""config"":""erasure_r50"",""d"":11,""p"":0.01467799267622069,""r_e"":0.5,""rounds"":11}",
        64,        29,         0,    1.16,herald_mwpm,4481f404150aff8de880952d39c680a0b5e8924c3933c74224512a2d4f4e19ef,"{""config"":""erasure_r50"",""d"":11,""p"":0.046415888336127774,""r_e"":0.5,""rounds"":11}",
        32,        13,         0,   0.606,herald_mwpm,443cf36ab3fd492b949497a90b81f7313570c65a3ffe96a866023e6f11666c40,"{""config"":""erasure_r50"",""d"":11,""p"":0.06812920690579612,""r_e"":0.5,""rounds"":11}",
        32,        18,         0,   0.595,herald_mwpm,443cf36ab3fd492b949497a90b81f7313570c65a3ffe96a866023e6f11666c40,"{""config"":""erasure_r50"",""d"":11,""p"":0.06812920690579612,""r_e"":0.5,""rounds"":11}",
       480,       165,         0,    8.48,herald_mwpm,51a7fbb7bfc31e8a60fe28e1eccc586453ee62c733d7fcf9a7ac1288ee653ba5,"{""config"":""erasure_r50"",""d"":11,""p"":0.024,""r_e"":0.5,""rounds"":11}",
        64,        31,         0,    1.15,herald_mwpm,4481f404150aff8de880952d39c680a0b5e8924c3933c74224512a2d4f4e19ef,"{""config"":""erasure_r50"",""d"":11,""p"":0.046415888336127774,""r_e"":0.5,""rounds"":11}",
        32,        15,         0,   0.598,herald_mwpm,443cf36ab3fd492b949497a90b81f7313570c65a3ffe96a866023e6f11666c40,"{""config"":""erasure_r50"",""d"":11,""p"":0.06812920690579612,""r_e"":0.5,""rounds"":11}",
       640,       211,         0,    12.0,herald_mwpm,097f4f222dd49ab73b4322c6819a060bffc5b35f1f8c602add8be30690f4170a,"{""config"":""erasure_r50"",""d"":11,""p"":0.022,""r_e"":0.5,""rounds"":11}",
        32,        14,         0,   0.605,herald_mwpm,443cf36ab3fd492b949497a90b81f7313570c65a3ffe96a866023e6f11666c40,"{""config"":""erasure_r50"",""d"":11,""p"":0.06812920690579612,""r_e"":0.5,""rounds"":11}",
        32,        16,         0,   0.610,herald_mwpm,443cf36ab3fd492b949497a90b81f7313570c65a3ffe96a866023e6f11666c40,"{""config"":""erasure_r50"",""d"":11,""p"":0.06812920690579612,""r_e"":0.5,""rounds"":11}",
        96,        47,         0,    1.72,herald_mwpm,4481f404150aff8de880952d39c680a0b5e8924c3933c74224512a2d4f4e19ef,"{""config"":""erasure_r50"",""d"":11,""p"":0.046415888336127774,""r_e"":0.5,""rounds"":11}",
        32,        19,         0,   0.607,herald_mwpm,443cf36ab3fd492b949497a90b81f7313570c65a3ffe96a866023e6f11666c40,"{""config"":""erasure_r50"",""d"":11,""p"":0.06812920690579612,""r_e"":0.5,""rounds"":11}",
       352,       163,         0,    6.49,herald_mwpm,9fa783cd31065f929bf99b94dc0c4e473892c8ff11b28acc8f1736997e9c3f7c,"{""config"":""erasure_r50"",""d"":11,""p"":0.03162277660168379,""r_e"":0.5,""rounds"":11}",
        32,        17,         0,   0.631,herald_mwpm,443cf36ab3fd492b949497a90b81f7313570c65a3ffe96a866023e6f11666c40,"{""config"":""erasure_r50"",""d"":11,""p"":0.06812920690579612,""r_e"":0.5,""rounds"":11}",
        32,        13,         0,   0.605,herald_mwpm,443cf36ab3fd492b949497a90b81f7313570c65a3ffe96a866023e6f11666c40,"{""config"":""erasure_r50"",""d"":11,""p"":0.06812920690579612,""r_e"":0.5,""rounds"":11}",
        32,        18,         0,   0.599,herald_mwpm,443cf36ab3fd492b949497a90b81f7313570c65a3ffe96a866023e6f11666c40,"{""config"":""erasure_r50"",""d"":11,""p"":0.06812920690579612,""r_e"":0.5,""rounds"":11}",
       128,        61,         0,    2.30,herald_mwpm,4481f404150aff8de880952d39c680a0b5e8924c3933c74224512a2d4f4e19ef,"{""config"":""erasure_r50"",""d"":11,""p"":0.046415888336127774,""r_e"":0.5,""rounds"":11}",
        64,        27,         0,    1.22,herald_mwpm,443cf36ab3fd492b949497a90b81f7313570c65a3ffe96a866023e6f11666c40,"{""config"":""erasure_r50"",""d"":11,""p"":0.06812920690579612,""r_e"":0.5,""rounds"":11}",
        64,        24,         0,    1.21,herald_mwpm,443cf36ab3fd492b949497a90b81f7313570c65a3ffe96a866023e6f11666c40,"{""config"":""erasure_r50"",""d"":11,""p"":0.06812920690579612,""r_e"":0.5,""rounds"":11}",
       480,       205,         0,    8.45,herald_mwpm,66a3604c2bdcc32017489b005c2835e00ad64e3f1d62ee0dd9fee12af1e98512,"{""config"":""erasure_r50"",""d"":11,""p"":0.026,""r_e"":0.5,""rounds"":11}",
       192,       104,         0,    3.43,herald_mwpm,4481f404150aff8de880952d39c680a0b5e8924c3933c74224512a2d4f4e19ef,"{""config"":""erasure_r50"",""d"":11,""p"":0.046415888336127774,""r_e"":0.5,""rounds"":11}",
        96,        51,         0,    1.85,herald_mwpm,443cf36ab3fd492b949497a90b81f7313570c65a3ffe96a866023e6f11666c40,"{""config"":""erasure_r50"",""d"":11,""p"":0.06812920690579612,""r_e"":0.5,""rounds"":11}",
       480,       163,         0,    8.72,herald_mwpm,097f4f222dd49ab73b4322c6819a060bffc5b35f1f8c602add8be30690f4170a,"{""config"":""erasure_r50"",""d"":11,""p"":0.022,""r_e"":0.5,""rounds"":11}",
       128,        57,         0,    2.43,herald_mwpm,443cf36ab3fd492b949497a90b81f7313570c65a3ffe96a866023e6f11666c40,"{""config"":""erasure_r50"",""d"":11,""p"":0.06812920690579612,""r_e"":0.5,""rounds"":11}",
       480,       245,         0,    8.69,herald_mwpm,9fa783cd31065f929bf99b94dc0c4e473892c8ff11b28acc8f1736997e9c3f7c,"{""config"":""erasure_r50"",""d"":11,""p"":0.03162277660168379,""r_e"":0.5,""rounds"":11}",
         1,         0,         0,   0.023,blind_mwpm,e6ec0a4f7f95d8eb404fa5bf9ce53bff320e31ceb35b74574c21e684d1f4075a,"{""config"":""erasure_r50"",""d"":11,""p"":0.06812920690579612,""r_e"":0.5,""rounds"":11}",
        16,        10,         0,   0.016,blind_mwpm,e6ec0a4f7f95d8eb404fa5bf9ce53bff320e31ceb35b74574c21e684d1f4075a,"{""config"":""erasure_r50"",""d"":11,""p"":0.06812920690579612,""r_e"":0.5,""rounds"":11}",
       256,       119,         0,   0.257,blind_mwpm,e6ec0a4f7f95d8eb404fa5bf9ce53bff320e31ceb35b74574c21e684d1f4075a,"{""config"":""erasure_r50"",""d"":11,""p"":0.06812920690579612,""r_e"":0.5,""rounds"":11}",
       672,       236,         0,    11.9,herald_mwpm,51a7fbb7bfc31e8a60fe28e1eccc586453ee62c733d7fcf9a7ac1288ee653ba5,"{""config"":""erasure_r50"",""d"":11,""p"":0.024,""r_e"":0.5,""rounds"":11}",
       512,       269,         0,   0.508,blind_mwpm,e6ec0a4f7f95d8eb404fa5bf9ce53bff320e31ceb35b74574c21e684d1f4075a,"{""config"":""erasure_r50"",""d"":11,""p"":0.06812920690579612,""r_e"":0.5,""rounds"":11}",
       256,       136,         0,    4.57,herald_mwpm,4481f404150aff8de880952d39c680a0b5e8924c3933c74224512a2d4f4e19ef,"{""config"":""erasure_r50"",""d"":11,""p"":0.046415888336127774,""r_e"":0.5,""rounds"":11}",
        32,        10,         0,   0.567,herald_mwpm,51a7fbb7bfc31e8a60fe28e1eccc586453ee62c733d7fcf9a7ac1288ee653ba5,"{""config"":""erasure_r50"",""d"":11,""p"":0.024,""r_e"":0.5,""rounds"":11}",
       512,       244,         0,   0.519,blind_mwpm,e6ec0a4f7f95d8eb404fa5bf9ce53bff320e31ceb35b74574c21e684d1f4075a,"{""config"":""erasure_r50"",""d"":11,""p"":0.06812920690579612,""r_e"":0.5,""rounds"":11}",
       512,       268,         0,   0.509,blind_mwpm,e6ec0a4f7f95d8eb404fa5bf9ce53bff320e31ceb35b74574c21e684d1f4075a,"{""config"":""erasure_r50"",""d"":11,""p"":0.06812920690579612,""r_e"":0.5,""rounds"":11}",
       128,        54,         0,    2.33,herald_mwpm,9fa783cd31065f929bf99b94dc0c4e473892c8ff11b28acc8f1736997e9c3f7c,"{""config"":""erasure_r50"",""d"":11,""p"":0.03162277660168379,""r_e"":0.5,""rounds"":11}",
       512,       247,         0,   0.523,blind_mwpm,e6ec0a4f7f95d8eb404fa5bf9ce53bff320e31ceb35b74574c21e684d1f4075a,"{""config"":""erasure_r50"",""d"":11,""p"":0.06812920690579612,""r_e"":0.5,""rounds"":11}",
       160,        91,         0,    3.06,herald_mwpm,443cf36ab3fd492b949497a90b81f7313570c65a3ffe96a866023e6f11666c40,"{""config"":""erasure_r50"",""d"":11,""p"":0.06812920690579612,""r_e"":0.5,""rounds"":11}",
       384,       156,         0,    6.77,herald_mwpm,66a3604c2bdcc32017489b005c2835e00ad64e3f1d62ee0dd9fee12af1e98512,"{""config"":""erasure_r50"",""d"":11,""p"":0.026,""r_e"":0.5,""rounds"":11}",
         1,         0,         0,   0.020,herald_mwpm,8129aa8487446711232b0a06d385da66e5d26dc6eb3afc6079448fb8b83d9bf1,"{""config"":""erasure_r50"",""d"":11,""p"":0.1,""r_e"":0.5,""rounds"":11}",
        16,         9,         0,   0.343,herald_mwpm,8129aa8487446711232b0a06d385da66e5d26dc6eb3afc6079448fb8b83d9bf1,"{""config"":""erasure_r50"",""d"":11,""p"":0.1,""r_e"":0.5,""rounds"":11}",
        16,         6,         0,   0.329,herald_mwpm,8129aa8487446711232b0a06d385da66e5d26dc6eb3afc6079448fb8b83d9bf1,"{""config"":""erasure_r50"",""d"":11,""p"":0.1,""r_e"":0.5,""rounds"":11}",
        16,         7,         0,   0.335,herald_mwpm,8129aa8487446711232b0a06d385da66e5d26dc6eb3afc6079448fb8b83d9bf1,"{""config"":""erasure_r50"",""d"":11,""p"":0.1,""r_e"":0.5,""rounds"":11}",
         1,         0,         0,   0.022,blind_mwpm,8aaf314bd3104839597f39a00527abef12643ef0cfb9d8a967749a6d29e951fc,"{""config"":""erasure_r50"",""d"":11,""p"":0.1,""r_e"":0.5,""rounds"":11}",
        16,         9,         0,   0.019,blind_mwpm,8aaf314bd3104839597f39a00527abef12643ef0cfb9d8a967749a6d29e951fc,"{""config"":""erasure_r50"",""d"":11,""p"":0.1,""r_e"":0.5,""rounds"":11}",
        16,         5,         0,   0.321,herald_mwpm,8129aa8487446711232b0a06d385da66e5d26dc6eb3afc6079448fb8b83d9bf1,"{""config"":""erasure_r50"",""d"":11,""p"":0.1,""r_e"":0.5,""rounds"":11}",
         1,         0,         0,   0.020,herald_mwpm,54f557afc4160aace0dfaf15812a33737507e95ed1d9a30e8b98261fc66cff2c,"{""config"":""erasure_r50"",""d"":11,""p"":0.01467799267622069,""r_e"":0.5,""rounds"":11}",
       256,       135,         0,   0.308,blind_mwpm,8aaf314bd3104839597f39a00527abef12643ef0cfb9d8a967749a6d29e951fc,"{""config"":""erasure_r50"",""d"":11,""p"":0.1,""r_e"":0.5,""rounds"":11}",
        16,         0,         0,   0.285,herald_mwpm,54f557afc4160aace0dfaf15812a33737507e95ed1d9a30e8b98261fc66cff2c,"{""config"":""erasure_r50"",""d"":11,""p"":0.01467799267622069,""r_e"":0.5,""rounds"":11}",
        16,         8,         0,   0.303,herald_mwpm,8129aa8487446711232b0a06d385da66e5d26dc6eb3afc6079448fb8b83d9bf1,"{""config"":""erasure_r50"",""d"":11,""p"":0.1,""r_e"":0.5,""rounds"":11}",
       256,       123,         0,   0.290,blind_mwpm,8aaf314bd3104839597f39a00527abef12643ef0cfb9d8a967749a6d29e951fc,"{""config"":""erasure_r50"",""d"":11,""p"":0.1,""r_e"":0.5,""rounds"":11}",
         1,         0,         0,   0.020,herald_mwpm,4481f404150aff8de880952d39c680a0b5e8924c3933c74224512a2d4f4e19ef,"{""config"":""erasure_r50"",""d"":11,""p"":0.046415888336127774,""r_e"":0.5,""rounds"":11}",
        16,         6,         0,   0.291,herald_mwpm,4481f404150aff8de880952d39c680a0b5e8924c3933c74224512a2d4f4e19ef,"{""config"":""erasure_r50"",""d"":11,""p"":0.046415888336127774,""r_e"":0.5,""rounds"":11}",
        16,         6,         0,   0.299,herald_mwpm,8129aa8487446711232b0a06d385da66e5d26dc6eb3afc6079448fb8b83d9bf1,"{""config"":""erasure_r50"",""d"":11,""p"":0.1,""r_e"":0.5,""rounds"":11}",
        32,         3,         0,   0.562,herald_mwpm,54f557afc4160aace0dfaf15812a33737507e95ed1d9a30e8b98261fc66cff2c,"{""config"":""erasure_r50"",""d"":11,""p"":0.01467799267622069,""r_e"":0.5,""rounds"":11}",
       512,       263,         0,   0.569,blind_mwpm,8aaf314bd3104839597f39a00527abef12643ef0cfb9d8a967749a6d29e951fc,"{""config"":""erasure_r50"",""d"":11,""p"":0.1,""r_e"":0.5,""rounds"":11}",
        32,        14,         0,   0.592,herald_mwpm,4481f404150aff8de880952d39c680a0b5e8924c3933c74224512a2d4f4e19ef,"{""config"":""erasure_r50"",""d"":11,""p"":0.046415888336127774,""r_e"":0.5,""rounds"":11}",
        32,        11,         0,   0.596,herald_mwpm,8129aa8487446711232b0a06d385da66e5d26dc6eb3afc6079448fb8b83d9bf1,"{""config"":""erasure_r50"",""d"":11,""p"":0.1,""r_e"":0.5,""rounds"":11}",
        32,         3,         0,   0.543,herald_mwpm,54f557afc4160aace0dfaf15812a33737507e95ed1d9a30e8b98261fc66cff2c,"{""config"":""erasure_r50"",""d"":11,""p"":0.01467799267622069,""r_e"":0.5,""rounds"":11}",
       512,       256,         0,   0.565,blind_mwpm,8aaf314bd3104839597f39a00527abef12643ef0cfb9d8a967749a6d29e951fc,"{""config"":""erasure_r50"",""d"":11,""p"":0.1,""r_e"":0.5,""rounds"":11}",
        32,        18,         0,   0.565,herald_mwpm,4481f404150aff8de880952d39c680a0b5e8924c3933c74224512a2d4f4e19ef,"{""config"":""erasure_r50"",""d"":11,""p"":0.046415888336127774,""r_e"":0.5,""rounds"":11}",
        32,        16,         0,   0.606,herald_mwpm,8129aa8487446711232b0a06d385da66e5d26dc6eb3afc6079448fb8b83d9bf1,"{""config"":""erasure_r50"",""d"":11,""p"":0.1,""r_e"":0.5,""rounds"":11}",
        32,         1,         0,   0.560,herald_mwpm,54f557afc4160aace0dfaf15812a33737507e95ed1d9a30e8b98261fc66cff2c,"{""config"":""erasure_r50"",""d"":11,""p"":0.01467799267622069,""r_e"":0.5,""rounds"":11}",
       512,       258,         0,   0.566,blind_mwpm,8aaf314bd3104839597f39a00527abef12643ef0cfb9d8a967749a6d29e951fc,"{""config"":""erasure_r50"",""d"":11,""p"":0.1,""r_e"":0.5,""rounds"":11}",
        32,        18,         0,   0.591,herald_mwpm,4481f404150aff8de880952d39c680a0b5e8924c3933c74224512a2d4f4e19ef,"{""config"":""erasure_r50"",""d"":11,""p"":0.046415888336127774,""r_e"":0.5,""rounds"":11}",
        32,        16,         0,   0.602,herald_mwpm,8129aa8487446711232b0a06d385da66e5d26dc6eb3afc6079448fb8b83d9bf1,"{""config"":""erasure_r50"",""d"":11,""p"":0.1,""r_e"":0.5,""rounds"":11}",
        32,         0,         0,   0.543,herald_mwpm,54f557afc4160aace0dfaf15812a33737507e95ed1d9a30e8b98261fc66cff2c,"{""config"":""erasure_r50"",""d"":11,""p"":0.01467799267622069,""r_e"":0.5,""rounds"":11}",
       224,       112,         0,    4.44,herald_mwpm,443cf36ab3fd492b949497a90b81f7313570c65a3ffe96a866023e6f11666c40,"{""config"":""erasure_r50"",""d"":11,""p"":0.06812920690579612,""r_e"":0.5,""rounds"":11}",
        32,        13,         0,   0.585,herald_mwpm,4481f404150aff8de880952d39c680a0b5e8924c3933c74224512a2d4f4e19ef,"{""config"":""erasure_r50"",""d"":11,""p"":0.046415888336127774,""r_e"":0.5,""rounds"":11}",
        32,        16,         0,   0.589,herald_mwpm,8129aa8487446711232b0a06d385da66e5d26dc6eb3afc6079448fb8b83d9bf1,"{""config"":""erasure_r50"",""d"":11,""p"":0.1,""r_e"":0.5,""rounds"":11}",
        32,         0,         0,   0.543,herald_mwpm,54f557afc4160aace0dfaf15812a33737507e95ed1d9a30e8b98261fc66cff2c,"{""config"":""erasure_r50"",""d"":11,""p"":0.01467799267622069,""r_e"":0.5,""rounds"":11}",
       352,       174,         0,    6.45,herald_mwpm,4481f404150aff8de880952d39c680a0b5e8924c3933c74224512a2d4f4e19ef,"{""config"":""erasure_r50"",""d"":11,""p"":0.046415888336127774,""r_e"":0.5,""rounds"":11}",
        32,        21,         0,   0.596,herald_mwpm,4481f404150aff8de880952d39c680a0b5e8924c3933c74224512a2d4f4e19ef,"{""config"":""erasure_r50"",""d"":11,""p"":0.046415888336127774,""r_e"":0.5,""rounds"":11}",
        32,         3,         0,   0.560,herald_mwpm,54f557afc4160aace0dfaf15812a33737507e95ed1d9a30e8b98261fc66cff2c,"{""config"":""erasure_r50"",""d"":11,""p"":0.01467799267622069,""r_e"":0.5,""rounds"":11}",
        32,        20,         0,   0.613,herald_mwpm,8129aa8487446711232b0a06d385da66e5d26dc6eb3afc6079448fb8b83d9bf1,"{""config"":""erasure_r50"",""d"":11,""p"":0.1,""r_e"":0.5,""rounds"":11}",
         1,         0,         0,   0.020,herald_mwpm,443cf36ab3fd492b949497a90b81f7313570c65a3ffe96a866023e6f11666c40,"{""config"":""erasure_r50"",""d"":11,""p"":0.06812920690579612,""r_e"":0.5,""rounds"":11}",
        16,        10,         0,   0.317,herald_mwpm,443cf36ab3fd492b949497a90b81f7313570c65a3ffe96a866023e6f11666c40,"{""config"":""erasure_r50"",""d"":11,""p"":0.06812920690579612,""r_e"":0.5,""rounds"":11}",
        32,        13,         0,   0.611,herald_mwpm,4481f404150aff8de880952d39c680a0b5e8924c3933c74224512a2d4f4e19ef,"{""config"":""erasure_r50"",""d"":11,""p"":0.046415888336127774,""r_e"":0.5,""rounds"":11}",
        32,         4,         0,   0.569,herald_mwpm,54f557afc4160aace0dfaf15812a33737507e95ed1d9a30e8b98261fc66cff2c,"{""config"":""erasure_r50"",""d"":11,""p"":0.01467799267622069,""r_e"":0.5,""rounds"":11}",
        32,        21,         0,   0.624,herald_mwpm,8129aa8487446711232b0a06d385da66e5d26dc6eb3afc6079448fb8b83d9bf1,"{""config"":""erasure_r50"",""d"":11,""p"":0.1,""r_e"":0.5,""rounds"":11}",
        16,         7,         0,   0.314,herald_mwpm,443cf36ab3fd492b949497a90b81f7313570c65a3ffe96a866023e6f11666c40,"{""config"":""erasure_r50"",""d"":11,""p"":0.06812920690579612,""r_e"":0.5,""rounds"":11}",
        16,         8,         0,   0.304,herald_mwpm,443cf36ab3fd492b949497a90b81f7313570c65a3ffe96a866023e6f11666c40,"{""config"":""erasure_r50"",""d"":11,""p"":0.06812920690579612,""r_e"":0.5,""rounds"":11}",
        32,        17,         0,   0.590,herald_mwpm,4481f404150aff8de880952d39c680a0b5e8924c3933c74224512a2d4f4e19ef,"{""config"":""erasure_r50"",""d"":11,""p"":0.046415888336127774,""r_e"":0.5,""rounds"":11}",
        32,         1,         0,   0.567,herald_mwpm,54f557afc4160aace0dfaf15812a33737507e95ed1d9a30e8b98261fc66cff2c,"{""config"":""erasure_r50"",""d"":11,""p"":0.01467799267622069,""r_e"":0.5,""rounds"":11}",
        16,         9,         0,   0.312,herald_mwpm,443cf36ab3fd492b949497a90b81f7313570c65a3ffe96a866023e6f11666c40,"{""config"":""erasure_r50"",""d"":11,""p"":0.06812920690579612,""r_e"":0.5,""rounds"":11}",
        16,         7,         0,   0.296,herald_mwpm,443cf36ab3fd492b949497a90b81f7313570c65a3ffe96a866023e6f11666c40,"{""config"":""erasure_r50"",""d"":11,""p"":0.06812920690579612,""r_e"":0.5,""rounds"":11}",
        32,         2,         0,   0.573,herald_mwpm,54f557afc4160aace0dfaf15812a33737507e95ed1d9a30e8b98261fc66cff2c,"{""config"":""erasure_r50"",""d"":11,""p"":0.01467799267622069,""r_e"":0.5,""rounds"":11}",
        32,        13,         0,   0.594,herald_mwpm,4481f404150aff8de880952d39c680a0b5e8924c3933c74224512a2d4f4e19ef,"{""config"":""erasure_r50"",""d"":11,""p"":0.046415888336127774,""r_e"":0.5,""rounds"":11}",
        64,        32,         0,    1.21,herald_mwpm,8129aa8487446711232b0a06d385da66e5d26dc6eb3afc6079448fb8b83d9bf1,"{""config"":""erasure_r50"",""d"":11,""p"":0.1,""r_e"":0.5,""rounds"":11}",
        32,        14,         0,   0.616,herald_mwpm,443cf36ab3fd492b949497a90b81f7313570c65a3ffe96a866023e6f11666c40,"{""config"":""erasure_r50"",""d"":11,""p"":0.06812920690579612,""r_e"":0.5,""rounds"":11}",
        32,         1,         0,   0.558,herald_mwpm,54f557afc4160aace0dfaf15812a33737507e95ed1d9a30e8b98261fc66cff2c,"{""config"":""erasure_r50"",""d"":11,""p"":0.01467799267622069,""r_e"":0.5,""rounds"":11}",
        32,        21,         0,   0.579,herald_mwpm,4481f404150aff8de880952d39c680a0b5e8924c3933c74224512a2d4f4e19ef,"{""config"":""erasure_r50"",""d"":11,""p"":0.046415888336127774,""r_e"":0.5,""rounds"":11}",
        32,        16,         0,   0.602,herald_mwpm,443cf36ab3fd492b949497a90b81f7313570c65a3ffe96a866023e6f11666c40,"{""config"":""erasure_r50"",""d"":11,""p"":0.06812920690579612,""r_e"":0.5,""rounds"":11}",
        32,        17,         0,   0.582,herald_mwpm,4481f404150aff8de880952d39c680a0b5e8924c3933c74224512a2d4f4e19ef,"{""config"":""erasure_r50"",""d"":11,""p"":0.046415888336127774,""r_e"":0.5,""rounds"":11}",
        64,        33,         0,    1.19,herald_mwpm,8129aa8487446711232b0a06d385da66e5d26dc6eb3afc6079448fb8b83d9bf1,"{""config"":""erasure_r50"",""d"":11,""p"":0.1,""r_e"":0.5,""rounds"":11}",
        64,         2,         0,    1.15,herald_mwpm,54f557afc4160aace0dfaf15812a33737507e95ed1d9a30e8b98261fc66cff2c,"{""config"":""erasure_r50"",""d"":11,""p"":0.01467799267622069,""r_e"":0.5,""rounds"":11}",
        32,        15,         0,   0.591,herald_mwpm,4481f404150aff8de880952d39c680a0b5e8924c3933c74224512a2d4f4e19ef,"{""config"":""erasure_r50"",""d"":11,""p"":0.046415888336127774,""r_e"":0.5,""rounds"":11}",
        32,        15,         0,   0.619,herald_mwpm,443cf36ab3fd492b949497a90b81f7313570c65a3ffe96a866023e6f11666c40,"{""config"":""erasure_r50"",""d"":11,""p"":0.06812920690579612,""r_e"":0.5,""rounds"":11}",
        32,        18,         0,   0.612,herald_mwpm,443cf36ab3fd492b949497a90b81f7313570c65a3ffe96a866023e6f11666c40,"{""config"":""erasure_r50"",""d"":11,""p"":0.06812920690579612,""r_e"":0.5,""rounds"":11}",
        64,         6,         0,    1.12,herald_mwpm,54f557afc4160aace0dfaf15812a33737507e95ed1d9a30e8b98261fc66cff2c,"{""config"":""erasure_r50"",""d"":11,""p"":0.01467799267622069,""r_e"":0.5,""rounds"":11}",
        64,        31,         0,    1.20,herald_mwpm,4481f404150aff8de880952d39c680a0b5e8924c3933c74224512a2d4f4e19ef,"{""config"":""erasure_r50"",""d"":11,""p"":0.046415888336127774,""r_e"":0.5,""rounds"":11}",
        32,        15,         0,   0.642,herald_mwpm,443cf36ab3fd492b949497a90b81f7313570c65a3ffe96a866023e6f11666c40,"{""config"":""erasure_r50"",""d"":11,""p"":0.06812920690579612,""r_e"":0.5,""rounds"":11}",
        96,        50,         0,    1.83,herald_mwpm,8129aa8487446711232b0a06d385da66e5d26dc6eb3afc6079448fb8b83d9bf1,"{""config"":""erasure_r50"",""d"":11,""p"":0.1,""r_e"":0.5,""rounds"":11}",
       320,       166,         0,    6.11,herald_mwpm,443cf36ab3fd492b949497a90b81f7313570c65a3ffe96a866023e6f11666c40,"{""config"":""erasure_r50"",""d"":11,""p"":0.06812920690579612,""r_e"":0.5,""rounds"":11}",
        32,        13,         0,   0.623,herald_mwpm,443cf36ab3fd492b949497a90b81f7313570c65a3ffe96a866023e6f11666c40,"{""config"":""erasure_r50"",""d"":11,""p"":0.06812920690579612,""r_e"":0.5,""rounds"":11}",
        64,         3,         0,    1.14,herald_mwpm,54f557afc4160aace0dfaf15812a33737507e95ed1d9a30e8b98261fc66cff2c,"{""config"":""erasure_r50"",""d"":11,""p"":0.01467799267622069,""r_e"":0.5,""rounds"":11}",
        64,        36,         0,    1.17,herald_mwpm,4481f404150aff8de880952d39c680a0b5e8924c3933c74224512a2d4f4e19ef,"{""config"":""erasure_r50"",""d"":11,""p"":0.046415888336127774,""r_e"":0.5,""rounds"":11}",
        32,        14,         0,   0.629,herald_mwpm,443cf36ab3fd492b949497a90b81f7313570c65a3ffe96a866023e6f11666c40,"{""config"":""erasure_r50"",""d"":11,""p"":0.06812920690579612,""r_e"":0.5,""rounds"":11}",
       384,       188,         0,    6.94,herald_mwpm,4481f404150aff8de880952d39c680a0b5e8924c3933c74224512a2d4f4e19ef,"{""config"":""erasure_r50"",""d"":11,""p"":0.046415888336127774,""r_e"":0.5,""rounds"":11}",
        32,         9,         0,   0.589,herald_mwpm,4481f404150aff8de880952d39c680a0b5e8924c3933c74224512a2d4f4e19ef,"{""config"":""erasure_r50"",""d"":11,""p"":0.046415888336127774,""r_e"":0.5,""rounds"":11}",
        64,        37,         0,    1.21,herald_mwpm,443cf36ab3fd492b949497a90b81f7313570c65a3ffe96a866023e6f11666c40,"{""config"":""erasure_r50"",""d"":11,""p"":0.06812920690579612,""r_e"":0.5,""rounds"":11}",
       128,        77,         0,    2.39,herald_mwpm,8129aa8487446711232b0a06d385da66e5d26dc6eb3afc6079448fb8b83d9bf1,"{""config"":""erasure_r50"",""d"":11,""p"":0.1,""r_e"":0.5,""rounds"":11}",
        96,         4,         0,    1.66,herald_mwpm,54f557afc4160aace0dfaf15812a33737507e95ed1d9a30e8b98261fc66cff2c,"{""config"":""erasure_r50"",""d"":11,""p"":0.01467799267622069,""r_e"":0.5,""rounds"":11}",
         1,         1,         0,   0.019,herald_mwpm,8129aa8487446711232b0a06d385da66e5d26dc6eb3afc6079448fb8b83d9bf1,"{""config"":""erasure_r50"",""d"":11,""p"":0.1,""r_e"":0.5,""rounds"":11}",
         1,         1,         0,   0.020,herald_mwpm,8129aa8487446711232b0a06d385da66e5d26dc6eb3afc6079448fb8b83d9bf1,"{""config"":""erasure_r50"",""d"":11,""p"":0.1,""r_e"":0.5,""rounds"":11}",
        64,        26,         0,    1.24,herald_mwpm,443cf36ab3fd492b949497a90b81f7313570c65a3ffe96a866023e6f11666c40,"{""config"":""erasure_r50"",""d"":11,""p"":0.06812920690579612,""r_e"":0.5,""rounds"":11}",
        16,         7,         0,   0.324,herald_mwpm,8129aa8487446711232b0a06d385da66e5d26dc6eb3afc6079448fb8b83d9bf1,"{""config"":""erasure_r50"",""d"":11,""p"":0.1,""r_e"":0.5,""rounds"":11}",
        16,        11,         0,   0.319,herald_mwpm,8129aa8487446711232b0a06d385da66e5d26dc6eb3afc6079448fb8b83d9bf1,"{""config"":""erasure_r50"",""d"":11,""p"":0.1,""r_e"":0.5,""rounds"":11}",
        16,         7,         0,   0.318,herald_mwpm,8129aa8487446711232b0a06d385da66e5d26dc6eb3afc6079448fb8b83d9bf1,"{""config"":""erasure_r50"",""d"":11,""p"":0.1,""r_e"":0.5,""rounds"":11}",
        16,         9,         0,   0.316,herald_mwpm,8129aa8487446711232b0a06d385da66e5d26dc6eb3afc6079448fb8b83d9bf1,"{""config"":""erasure_r50"",""d"":11,""p"":0.1,""r_e"":0.5,""rounds"":11}",
        16,        11,         0,   0.309,herald_mwpm,8129aa8487446711232b0a06d385da66e5d26dc6eb3afc6079448fb8b83d9bf1,"{""config"":""erasure_r50"",""d"":11,""p"":0.1,""r_e"":0.5,""rounds"":11}",
        16,         6,         0,   0.319,herald_mwpm,8129aa8487446711232b0a06d385da66e5d26dc6eb3afc6079448fb8b83d9bf1,"{""config"":""erasure_r50"",""d"":11,""p"":0.1,""r_e"":0.5,""rounds"":11}",
        16,         6,         0,   0.299,herald_mwpm,8129aa8487446711232b0a06d385da66e5d26dc6eb3afc6079448fb8b83d9bf1,"{""config"":""erasure_r50"",""d"":11,""p"":0.1,""r_e"":0.5,""rounds"":11}",
        16,         6,         0,   0.303,herald_mwpm,8129aa8487446711232b0a06d385da66e5d26dc6eb3afc6079448fb8b83d9bf1,"{""config"":""erasure_r50"",""d"":11,""p"":0.1,""r_e"":0.5,""rounds"":11}",
       128,        10,         0,    2.28,herald_mwpm,54f557afc4160aace0dfaf15812a33737507e95ed1d9a30e8b98261fc66cff2c,"{""config"":""erasure_r50"",""d"":11,""p"":0.01467799267622069,""r_e"":0.5,""rounds"":11}",
        16,        11,         0,   0.313,herald_mwpm,8129aa8487446711232b0a06d385da66e5d26dc6eb3afc6079448fb8b83d9bf1,"{""config"":""erasure_r50"",""d"":11,""p"":0.1,""r_e"":0.5,""rounds"":11}",
        32,        11,         0,   0.699,herald_mwpm,8129aa8487446711232b0a06d385da66e5d26dc6eb3afc6079448fb8b83d9bf1,"{""config"":""erasure_r50"",""d"":11,""p"":0.1,""r_e"":0.5,""rounds"":11}",
        16,        10,         0,   0.396,herald_mwpm,8129aa8487446711232b0a06d385da66e5d26dc6eb3afc6079448fb8b83d9bf1,"{""config"":""erasure_r50"",""d"":11,""p"":0.1,""r_e"":0.5,""rounds"":11}",
        96,        44,         0,    1.97,herald_mwpm,443cf36ab3fd492b949497a90b81f7313570c65a3ffe96a866023e6f11666c40,"{""config"":""erasure_r50"",""d"":11,""p"":0.06812920690579612,""r_e"":0.5,""rounds"":11}",
       160,        89,         0,    3.23,herald_mwpm,8129aa8487446711232b0a06d385da66e5d26dc6eb3afc6079448fb8b83d9bf1,"{""config"":""erasure_r50"",""d"":11,""p"":0.1,""r_e"":0.5,""rounds"":11}",
        16,         9,         0,   0.376,herald_mwpm,8129aa8487446711232b0a06d385da66e5d26dc6eb3afc6079448fb8b83d9bf1,"{""config"":""erasure_r50"",""d"":11,""p"":0.1,""r_e"":0.5,""rounds"":11}",
        32,        17,         0,   0.678,herald_mwpm,8129aa8487446711232b0a06d385da66e5d26dc6eb3afc6079448fb8b83d9bf1,"{""config"":""erasure_r50"",""d"":11,""p"":0.1,""r_e"":0.5,""rounds"":11}",
        16,         7,         0,   0.293,herald_mwpm,8129aa8487446711232b0a06d385da66e5d26dc6eb3afc6079448fb8b83d9bf1,"{""config"":""erasure_r50"",""d"":11,""p"":0.1,""r_e"":0.5,""rounds"":11}",
        32,        17,         0,   0.589,herald_mwpm,8129aa8487446711232b0a06d385da66e5d26dc6eb3afc6079448fb8b83d9bf1,"{""config"":""erasure_r50"",""d"":11,""p"":0.1,""r_e"":0.5,""rounds"":11}",
        32,        18,         0,   0.585,herald_mwpm,8129aa8487446711232b0a06d385da66e5d26dc6eb3afc6079448fb8b83d9bf1,"{""config"":""erasure_r50"",""d"":11,""p"":0.1,""r_e"":0.5,""rounds"":11}",
        32,         9,         0,   0.582,herald_mwpm,8129aa8487446711232b0a06d385da66e5d26dc6eb3afc6079448fb8b83d9bf1,"{""config"":""erasure_r50"",""d"":11,""p"":0.1,""r_e"":0.5,""rounds"":11}",
        32,        17,         0,   0.578,herald_mwpm,8129aa8487446711232b0a06d385da66e5d26dc6eb3afc6079448fb8b83d9bf1,"{""config"":""erasure_r50"",""d"":11,""p"":0.1,""r_e"":0.5,""rounds"":11}",
        32,        14,         0,   0.570,herald_mwpm,8129aa8487446711232b0a06d385da66e5d26dc6eb3afc6079448fb8b83d9bf1,"{""config"":""erasure_r50"",""d"":11,""p"":0.1,""r_e"":0.5,""rounds"":11}",
        32,        20,         0,   0.574,herald_mwpm,8129aa8487446711232b0a06d385da66e5d26dc6eb3afc6079448fb8b83d9bf1,"{""config"":""erasure_r50"",""d"":11,""p"":0.1,""r_e"":0.5,""rounds"":11}",
       128,        62,         0,    2.35,herald_mwpm,443cf36ab3fd492b949497a90b81f7313570c65a3ffe96a866023e6f11666c40,"{""config"":""erasure_r50"",""d"":11,""p"":0.06812920690579612,""r_e"":0.5,""rounds"":11}",
       192,        10,         0,    3.41,herald_mwpm,54f557afc4160aace0dfaf15812a33737507e95ed1d9a30e8b98261fc66cff2c,"{""config"":""erasure_r50"",""d"":11,""p"":0.01467799267622069,""r_e"":0.5,""rounds"":11}",
       416,       204,         0,    7.98,herald_mwpm,443cf36ab3fd492b949497a90b81f7313570c65a3ffe96a866023e6f11666c40,"{""config"":""erasure_r50"",""d"":11,""p"":0.06812920690579612,""r_e"":0.5,""rounds"":11}",
        32,        17,         0,   0.570,herald_mwpm,8129aa8487446711232b0a06d385da66e5d26dc6eb3afc6079448fb8b83d9bf1,"{""config"":""erasure_r50"",""d"":11,""p"":0.1,""r_e"":0.5,""rounds"":11}",
        32,        12,         0,   0.579,herald_mwpm,443cf36ab3fd492b949497a90b81f7313570c65a3ffe96a866023e6f11666c40,"{""config"":""erasure_r50"",""d"":11,""p"":0.06812920690579612,""r_e"":0.5,""rounds"":11}",
        32,        17,         0,   0.546,herald_mwpm,8129aa8487446711232b0a06d385da66e5d26dc6eb3afc6079448fb8b83d9bf1,"{""config"":""erasure_r50"",""d"":11,""p"":0.1,""r_e"":0.5,""rounds"":11}",
        64,        30,         0,    1.12,herald_mwpm,8129aa8487446711232b0a06d385da66e5d26dc6eb3afc6079448fb8b83d9bf1,"{""config"":""erasure_r50"",""d"":11,""p"":0.1,""r_e"":0.5,""rounds"":11}",
        32,        20,         0,   0.571,herald_mwpm,8129aa8487446711232b0a06d385da66e5d26dc6eb3afc6079448fb8b83d9bf1,"{""config"":""erasure_r50"",""d"":11,""p"":0.1,""r_e"":0.5,""rounds"":11}",
        64,        32,         0,    1.15,herald_mwpm,8129aa8487446711232b0a06d385da66e5d26dc6eb3afc6079448fb8b83d9bf1,"{""config"":""erasure_r50"",""d"":11,""p"":0.1,""r_e"":0.5,""rounds"":11}",
         1,         0,         0,   0.013,herald_mwpm,54f557afc4160aace0dfaf15812a33737507e95ed1d9a30e8b98261fc66cff2c,"{""config"":""erasure_r50"",""d"":11,""p"":0.01467799267622069,""r_e"":0.5,""rounds"":11}",
       256,       122,         0,    4.60,herald_mwpm,8129aa8487446711232b0a06d385da66e5d26dc6eb3afc6079448fb8b83d9bf1,"{""config"":""erasure_r50"",""d"":11,""p"":0.1,""r_e"":0.5,""rounds"":11}",
         1,         0,         0,   0.016,herald_mwpm,54f557afc4160aace0dfaf15812a33737507e95ed1d9a30e8b98261fc66cff2c,"{""config"":""erasure_r50"",""d"":11,""p"":0.01467799267622069,""r_e"":0.5,""rounds"":11}",
        16,         1,         0,   0.262,herald_mwpm,54f557afc4160aace0dfaf15812a33737507e95ed1d9a30e8b98261fc66cff2c,"{""config"":""erasure_r50"",""d"":11,""p"":0.01467799267622069,""r_e"":0.5,""rounds"":11}",
        16,         4,         0,   0.264,herald_mwpm,54f557afc4160aace0dfaf15812a33737507e95ed1d9a30e8b98261fc66cff2c,"{""config"":""erasure_r50"",""d"":11,""p"":0.01467799267622069,""r_e"":0.5,""rounds"":11}",
        64,        30,         0,    1.16,herald_mwpm,8129aa8487446711232b0a06d385da66e5d26dc6eb3afc6079448fb8b83d9bf1,"{""config"":""erasure_r50"",""d"":11,""p"":0.1,""r_e"":0.5,""rounds"":11}",
        32,         4,         0,   0.517,herald_mwpm,54f557afc4160aace0dfaf15812a33737507e95ed1d9a30e8b98261fc66cff2c,"{""config"":""erasure_r50"",""d"":11,""p"":0.01467799267622069,""r_e"":0.5,""rounds"":11}",
        32,         1,         0,   0.525,herald_mwpm,54f557afc4160aace0dfaf15812a33737507e95ed1d9a30e8b98261fc66cff2c,"{""config"":""erasure_r50"",""d"":11,""p"":0.01467799267622069,""r_e"":0.5,""rounds"":11}",
        64,        29,         0,    1.14,herald_mwpm,8129aa8487446711232b0a06d385da66e5d26dc6eb3afc6079448fb8b83d9bf1,"{""config"":""erasure_r50"",""d"":11,""p"":0.1,""r_e"":0.5,""rounds"":11}",
        32,         3,         0,   0.505,herald_mwpm,54f557afc4160aace0dfaf15812a33737507e95ed1d9a30e8b98261fc66cff2c,"{""config"":""erasure_r50"",""d"":11,""p"":0.01467799267622069,""r_e"":0.5,""rounds"":11}",
        32,         1,         0,   0.534,herald_mwpm,54f557afc4160aace0dfaf15812a33737507e95ed1d9a30e8b98261fc66cff2c,"{""config"":""erasure_r50"",""d"":11,""p"":0.01467799267622069,""r_e"":0.5,""rounds"":11}",
        64,        28,         0,    1.14,herald_mwpm,8129aa8487446711232b0a06d385da66e5d26dc6eb3afc6079448fb8b83d9bf1,"{""config"":""erasure_r50"",""d"":11,""p"":0.1,""r_e"":0.5,""rounds"":11}",
        32,         0,         0,   0.515,herald_mwpm,54f557afc4160aace0dfaf15812a33737507e95ed1d9a30e8b98261fc66cff2c,"{""config"":""erasure_r50"",""d"":11,""p"":0.01467799267622069,""r_e"":0.5,""rounds"":11}",
        32,         2,         0,   0.524,herald_mwpm,54f557afc4160aace0dfaf15812a33737507e95ed1d9a30e8b98261fc66cff2c,"{""config"":""erasure_r50"",""d"":11,""p"":0.01467799267622069,""r_e"":0.5,""rounds"":11}",
       256,        19,         0,    4.35,herald_mwpm,54f557afc4160aace0dfaf15812a33737507e95ed1d9a30e8b98261fc66cff2c,"{""config"":""erasure_r50"",""d"":11,""p"":0.01467799267622069,""r_e"":0.5,""rounds"":11}",
        32,         1,         0,   0.895,herald_mwpm,54f557afc4160aace0dfaf15812a33737507e95ed1d9a30e8b98261fc66cff2c,"{""config"":""erasure_r50"",""d"":11,""p"":0.01467799267622069,""r_e"":0.5,""rounds"":11}",
        64,        30,         0,    1.58,herald_mwpm,8129aa8487446711232b0a06d385da66e5d26dc6eb3afc6079448fb8b83d9bf1,"{""config"":""erasure_r50"",""d"":11,""p"":0.1,""r_e"":0.5,""rounds"":11}",
        32,         0,         0,   0.984,herald_mwpm,54f557afc4160aace0dfaf15812a33737507e95ed1d9a30e8b98261fc66cff2c,"{""config"":""erasure_r50"",""d"":11,""p"":0.01467799267622069,""r_e"":0.5,""rounds"":11}",
       128,        69,         0,    2.85,herald_mwpm,8129aa8487446711232b0a06d385da66e5d26dc6eb3afc6079448fb8b83d9bf1,"{""config"":""erasure_r50"",""d"":11,""p"":0.1,""r_e"":0.5,""rounds"":11}",
        32,        15,         0,   0.627,herald_mwpm,8129aa8487446711232b0a06d385da66e5d26dc6eb3afc6079448fb8b83d9bf1,"{""config"":""erasure_r50"",""d"":11,""p"":0.1,""r_e"":0.5,""rounds"":11}",
        32,         1,         0,   0.649,herald_mwpm,54f557afc4160aace0dfaf15812a33737507e95ed1d9a30e8b98261fc66cff2c,"{""config"":""erasure_r50"",""d"":11,""p"":0.01467799267622069,""r_e"":0.5,""rounds"":11}",
        64,        30,         0,    1.70,herald_mwpm,8129aa8487446711232b0a06d385da66e5d26dc6eb3afc6079448fb8b83d9bf1,"{""config"":""erasure_r50"",""d"":11,""p"":0.1,""r_e"":0.5,""rounds"":11}",
        32,         2,         0,   0.537,herald_mwpm,54f557afc4160aace0dfaf15812a33737507e95ed1d9a30e8b98261fc66cff2c,"{""config"":""erasure_r50"",""d"":11,""p"":0.01467799267622069,""r_e"":0.5,""rounds"":11}",
        32,         2,         0,   0.539,herald_mwpm,54f557afc4160aace0dfaf15812a33737507e95ed1d9a30e8b98261fc66cff2c,"{""config"":""erasure_r50"",""d"":11,""p"":0.01467799267622069,""r_e"":0.5,""rounds"":11}",
        32,         2,         0,   0.610,herald_mwpm,54f557afc4160aace0dfaf15812a33737507e95ed1d9a30e8b98261fc66cff2c,"{""config"":""erasure_r50"",""d"":11,""p"":0.01467799267622069,""r_e"":0.5,""rounds"":11}",
        32,         5,         0,   0.557,herald_mwpm,54f557afc4160aace0dfaf15812a33737507e95ed1d9a30e8b98261fc66cff2c,"{""config"":""erasure_r50"",""d"":11,""p"":0.01467799267622069,""r_e"":0.5,""rounds"":11}",
        32,         1,         0,   0.829,herald_mwpm,54f557afc4160aace0dfaf15812a33737507e95ed1d9a30e8b98261fc66cff2c,"{""config"":""erasure_r50"",""d"":11,""p"":0.01467799267622069,""r_e"":0.5,""rounds"":11}",
        32,         4,         0,   0.811,herald_mwpm,54f557afc4160aace0dfaf15812a33737507e95ed1d9a30e8b98261fc66cff2c,"{""config"":""erasure_r50"",""d"":11,""p"":0.01467799267622069,""r_e"":0.5,""rounds"":11}",
        32,         0,         0,   0.597,herald_mwpm,54f557afc4160aace0dfaf15812a33737507e95ed1d9a30e8b98261fc66cff2c,"{""config"":""erasure_r50"",""d"":11,""p"":0.01467799267622069,""r_e"":0.5,""rounds"":11}",
         1,         0,         0,   0.024,herald_mwpm,54f557afc4160aace0dfaf15812a33737507e95ed1d9a30e8b98261fc66cff2c,"{""config"":""erasure_r50"",""d"":11,""p"":0.01467799267622069,""r_e"":0.5,""rounds"":11}",
         1,         0,         0,   0.027,herald_mwpm,54f557afc4160aace0dfaf15812a33737507e95ed1d9a30e8b98261fc66cff2c,"{""config"":""erasure_r50"",""d"":11,""p"":0.01467799267622069,""r_e"":0.5,""rounds"":11}",
         1,         0,         0,   0.024,herald_mwpm,54f557afc4160aace0dfaf15812a33737507e95ed1d9a30e8b98261fc66cff2c,"{""config"":""erasure_r50"",""d"":11,""p"":0.01467799267622069,""r_e"":0.5,""rounds"":11}",
        32,         3,         0,   0.601,herald_mwpm,54f557afc4160aace0dfaf15812a33737507e95ed1d9a30e8b98261fc66cff2c,"{""config"":""erasure_r50"",""d"":11,""p"":0.01467799267622069,""r_e"":0.5,""rounds"":11}",
        16,         0,         0,   0.251,herald_mwpm,54f557afc4160aace0dfaf15812a33737507e95ed1d9a30e8b98261fc66cff2c,"{""config"":""erasure_r50"",""d"":11,""p"":0.01467799267622069,""r_e"":0.5,""rounds"":11}",
        16,         1,         0,   0.235,herald_mwpm,54f557afc4160aace0dfaf15812a33737507e95ed1d9a30e8b98261fc66cff2c,"{""config"":""erasure_r50"",""d"":11,""p"":0.01467799267622069,""r_e"":0.5,""rounds"":11}",
        16,         0,         0,   0.224,herald_mwpm,54f557afc4160aace0dfaf15812a33737507e95ed1d9a30e8b98261fc66cff2c,"{""config"":""erasure_r50"",""d"":11,""p"":0.01467799267622069,""r_e"":0.5,""rounds"":11}",
        32,         2,         0,   0.499,herald_mwpm,54f557afc4160aace0dfaf15812a33737507e95ed1d9a30e8b98261fc66cff2c,"{""config"":""erasure_r50"",""d"":11,""p"":0.01467799267622069,""r_e"":0.5,""rounds"":11}",
        32,         1,         0,   0.397,herald_mwpm,54f557afc4160aace0dfaf15812a33737507e95ed1d9a30e8b98261fc66cff2c,"{""config"":""erasure_r50"",""d"":11,""p"":0.01467799267622069,""r_e"":0.5,""rounds"":11}",
        32,         1,         0,   0.385,herald_mwpm,54f557afc4160aace0dfaf15812a33737507e95ed1d9a30e8b98261fc66cff2c,"{""config"":""erasure_r50"",""d"":11,""p"":0.01467799267622069,""r_e"":0.5,""rounds"":11}",
        32,         2,         0,   0.387,herald_mwpm,54f557afc4160aace0dfaf15812a33737507e95ed1d9a30e8b98261fc66cff2c,"{""config"":""erasure_r50"",""d"":11,""p"":0.01467799267622069,""r_e"":0.5,""rounds"":11}",
        64,         6,         0,   0.755,herald_mwpm,54f557afc4160aace0dfaf15812a33737507e95ed1d9a30e8b98261fc66cff2c,"{""config"":""erasure_r50"",""d"":11,""p"":0.01467799267622069,""r_e"":0.5,""rounds"":11}",
        32,         0,         0,   0.392,herald_mwpm,54f557afc4160aace0dfaf15812a33737507e95ed1d9a30e8b98261fc66cff2c,"{""config"":""erasure_r50"",""d"":11,""p"":0.01467799267622069,""r_e"":0.5,""rounds"":11}",
        32,         2,         0,   0.413,herald_mwpm,54f557afc4160aace0dfaf15812a33737507e95ed1d9a30e8b98261fc66cff2c,"{""config"":""erasure_r50"",""d"":11,""p"":0.01467799267622069,""r_e"":0.5,""rounds"":11}",
        32,         0,         0,   0.423,herald_mwpm,54f557afc4160aace0dfaf15812a33737507e95ed1d9a30e8b98261fc66cff2c,"{""config"":""erasure_r50"",""d"":11,""p"":0.01467799267622069,""r_e"":0.5,""rounds"":11}",
        64,         4,         0,   0.757,herald_mwpm,54f557afc4160aace0dfaf15812a33737507e95ed1d9a30e8b98261fc66cff2c,"{""config"":""erasure_r50"",""d"":11,""p"":0.01467799267622069,""r_e"":0.5,""rounds"":11}",
        32,         1,         0,   0.410,herald_mwpm,54f557afc4160aace0dfaf15812a33737507e95ed1d9a30e8b98261fc66cff2c,"{""config"":""erasure_r50"",""d"":11,""p"":0.01467799267622069,""r_e"":0.5,""rounds"":11}",
        32,         1,         0,   0.380,herald_mwpm,54f557afc4160aace0dfaf15812a33737507e95ed1d9a30e8b98261fc66cff2c,"{""config"":""erasure_r50"",""d"":11,""p"":0.01467799267622069,""r_e"":0.5,""rounds"":11}",
        32,         3,         0,   0.459,herald_mwpm,54f557afc4160aace0dfaf15812a33737507e95ed1d9a30e8b98261fc66cff2c,"{""config"":""erasure_r50"",""d"":11,""p"":0.01467799267622069,""r_e"":0.5,""rounds"":11}",
        64,         4,         0,   0.778,herald_mwpm,54f557afc4160aace0dfaf15812a33737507e95ed1d9a30e8b98261fc66cff2c,"{""config"":""erasure_r50"",""d"":11,""p"":0.01467799267622069,""r_e"":0.5,""rounds"":11}",
        32,         1,         0,   0.343,herald_mwpm,54f557afc4160aace0dfaf15812a33737507e95ed1d9a30e8b98261fc66cff2c,"{""config"":""erasure_r50"",""d"":11,""p"":0.01467799267622069,""r_e"":0.5,""rounds"":11}",
        32,         3,         0,   0.392,herald_mwpm,54f557afc4160aace0dfaf15812a33737507e95ed1d9a30e8b98261fc66cff2c,"{""config"":""erasure_r50"",""d"":11,""p"":0.01467799267622069,""r_e"":0.5,""rounds"":11}",
        64,         2,         0,   0.764,herald_mwpm,54f557afc4160aace0dfaf15812a33737507e95ed1d9a30e8b98261fc66cff2c,"{""config"":""erasure_r50"",""d"":11,""p"":0.01467799267622069,""r_e"":0.5,""rounds"":11}",
        32,         3,         0,   0.388,herald_mwpm,54f557afc4160aace0dfaf15812a33737507e95ed1d9a30e8b98261fc66cff2c,"{""config"":""erasure_r50"",""d"":11,""p"":0.01467799267622069,""r_e"":0.5,""rounds"":11}",
        32,         1,         0,   0.384,herald_mwpm,54f557afc4160aace0dfaf15812a33737507e95ed1d9a30e8b98261fc66cff2c,"{""config"":""erasure_r50"",""d"":11,""p"":0.01467799267622069,""r_e"":0.5,""rounds"":11}",
        32,         1,         0,   0.413,herald_mwpm,54f557afc4160aace0dfaf15812a33737507e95ed1d9a30e8b98261fc66cff2c,"{""config"":""erasure_r50"",""d"":11,""p"":0.01467799267622069,""r_e"":0.5,""rounds"":11}",
        32,         1,         0,   0.403,herald_mwpm,54f557afc4160aace0dfaf15812a33737507e95ed1d9a30e8b98261fc66cff2c,"{""config"":""erasure_r50"",""d"":11,""p"":0.01467799267622069,""r_e"":0.5,""rounds"":11}",
        32,         5,         0,   0.387,herald_mwpm,54f557afc4160aace0dfaf15812a33737507e95ed1d9a30e8b98261fc66cff2c,"{""config"":""erasure_r50"",""d"":11,""p"":0.01467799267622069,""r_e"":0.5,""rounds"":11}",
        32,         0,         0,   0.378,herald_mwpm,54f557afc4160aace0dfaf15812a33737507e95ed1d9a30e8b98261fc66cff2c,"{""config"":""erasure_r50"",""d"":11,""p"":0.01467799267622069,""r_e"":0.5,""rounds"":11}",
        32,         3,         0,   0.363,herald_mwpm,54f557afc4160aace0dfaf15812a33737507e95ed1d9a30e8b98261fc66cff2c,"{""config"":""erasure_r50"",""d"":11,""p"":0.01467799267622069,""r_e"":0.5,""rounds"":11}",
        96,         4,         0,    1.16,herald_mwpm,54f557afc4160aace0dfaf15812a33737507e95ed1d9a30e8b98261fc66cff2c,"{""config"":""erasure_r50"",""d"":11,""p"":0.01467799267622069,""r_e"":0.5,""rounds"":11}",
        32,         3,         0,   0.402,herald_mwpm,54f557afc4160aace0dfaf15812a33737507e95ed1d9a30e8b98261fc66cff2c,"{""config"":""erasure_r50"",""d"":11,""p"":0.01467799267622069,""r_e"":0.5,""rounds"":11}",
        32,         2,         0,   0.361,herald_mwpm,54f557afc4160aace0dfaf15812a33737507e95ed1d9a30e8b98261fc66cff2c,"{""config"":""erasure_r50"",""d"":11,""p"":0.01467799267622069,""r_e"":0.5,""rounds"":11}",
       384,        33,         0,    6.28,herald_mwpm,54f557afc4160aace0dfaf15812a33737507e95ed1d9a30e8b98261fc66cff2c,"{""config"":""erasure_r50"",""d"":11,""p"":0.01467799267622069,""r_e"":0.5,""rounds"":11}",
        96,         4,         0,    1.14,herald_mwpm,54f557afc4160aace0dfaf15812a33737507e95ed1d9a30e8b98261fc66cff2c,"{""config"":""erasure_r50"",""d"":11,""p"":0.01467799267622069,""r_e"":0.5,""rounds"":11}",
        32,         3,         0,   0.362,herald_mwpm,54f557afc4160aace0dfaf15812a33737507e95ed1d9a30e8b98261fc66cff2c,"{""config"":""erasure_r50"",""d"":11,""p"":0.01467799267622069,""r_e"":0.5,""rounds"":11}",
        32,         1,         0,   0.385,herald_mwpm,54f557afc4160aace0dfaf15812a33737507e95ed1d9a30e8b98261fc66cff2c,"{""config"":""erasure_r50"",""d"":11,""p"":0.01467799267622069,""r_e"":0.5,""rounds"":11}",
        32,         1,         0,   0.373,herald_mwpm,54f557afc4160aace0dfaf15812a33737507e95ed1d9a30e8b98261fc66cff2c,"{""config"":""erasure_r50"",""d"":11,""p"":0.01467799267622069,""r_e"":0.5,""rounds"":11}",
        32,         2,         0,   0.381,herald_mwpm,54f557afc4160aace0dfaf15812a33737507e95ed1d9a30e8b98261fc66cff2c,"{""config"":""erasure_r50"",""d"":11,""p"":0.01467799267622069,""r_e"":0.5,""rounds"":11}",
        32,         2,         0,   0.362,herald_mwpm,54f557afc4160aace0dfaf15812a33737507e95ed1d9a30e8b98261fc66cff2c,"{""config"":""erasure_r50"",""d"":11,""p"":0.01467799267622069,""r_e"":0.5,""rounds"":11}",
        32,         4,         0,   0.376,herald_mwpm,54f557afc4160aace0dfaf15812a33737507e95ed1d9a30e8b98261fc66cff2c,"{""config"":""erasure_r50"",""d"":11,""p"":0.01467799267622069,""r_e"":0.5,""rounds"":11}",
        32,         1,         0,   0.382,herald_mwpm,54f557afc4160aace0dfaf15812a33737507e95ed1d9a30e8b98261fc66cff2c,"{""config"":""erasure_r50"",""d"":11,""p"":0.01467799267622069,""r_e"":0.5,""rounds"":11}",
        96,         7,         0,    1.15,herald_mwpm,54f557afc4160aace0dfaf15812a33737507e95ed1d9a30e8b98261fc66cff2c,"{""config"":""erasure_r50"",""d"":11,""p"":0.01467799267622069,""r_e"":0.5,""rounds"":11}",
        96,         4,         0,    1.15,herald_mwpm,54f557afc4160aace0dfaf15812a33737507e95ed1d9a30e8b98261fc66cff2c,"{""config"":""erasure_r50"",""d"":11,""p"":0.01467799267622069,""r_e"":0.5,""rounds"":11}",
        64,         6,         0,   0.758,herald_mwpm,54f557afc4160aace0dfaf15812a33737507e95ed1d9a30e8b98261fc66cff2c,"{""config"":""erasure_r50"",""d"":11,""p"":0.01467799267622069,""r_e"":0.5,""rounds"":11}",
        64,         4,         0,   0.730,herald_mwpm,54f557afc4160aace0dfaf15812a33737507e95ed1d9a30e8b98261fc66cff2c,"{""config"":""erasure_r50"",""d"":11,""p"":0.01467799267622069,""r_e"":0.5,""rounds"":11}",
        64,         6,         0,   0.742,herald_mwpm,54f557afc4160aace0dfaf15812a33737507e95ed1d9a30e8b98261fc66cff2c,"{""config"":""erasure_r50"",""d"":11,""p"":0.01467799267622069,""r_e"":0.5,""rounds"":11}",
        64,         4,         0,   0.739,herald_mwpm,54f557afc4160aace0dfaf15812a33737507e95ed1d9a30e8b98261fc66cff2c,"{""config"":""erasure_r50"",""d"":11,""p"":0.01467799267622069,""r_e"":0.5,""rounds"":11}",
        64,         4,         0,   0.714,herald_mwpm,54f557afc4160aace0dfaf15812a33737507e95ed1d9a30e8b98261fc66cff2c,"{""config"":""erasure_r50"",""d"":11,""p"":0.01467799267622069,""r_e"":0.5,""rounds"":11}",
        64,         2,         0,   0.722,herald_mwpm,54f557afc4160aace0dfaf15812a33737507e95ed1d9a30e8b98261fc66cff2c,"{""config"":""erasure_r50"",""d"":11,""p"":0.01467799267622069,""r_e"":0.5,""rounds"":11}",
       160,         9,         0,    1.85,herald_mwpm,54f557afc4160aace0dfaf15812a33737507e95ed1d9a30e8b98261fc66cff2c,"{""config"":""erasure_r50"",""d"":11,""p"":0.01467799267622069,""r_e"":0.5,""rounds"":11}",
       160,        17,         0,    1.83,herald_mwpm,54f557afc4160aace0dfaf15812a33737507e95ed1d9a30e8b98261fc66cff2c,"{""config"":""erasure_r50"",""d"":11,""p"":0.01467799267622069,""r_e"":0.5,""rounds"":11}",
        96,        12,         0,    1.07,herald_mwpm,54f557afc4160aace0dfaf15812a33737507e95ed1d9a30e8b98261fc66cff2c,"{""config"":""erasure_r50"",""d"":11,""p"":0.01467799267622069,""r_e"":0.5,""rounds"":11}",
        96,         3,         0,    1.11,herald_mwpm,54f557afc4160aace0dfaf15812a33737507e95ed1d9a30e8b98261fc66cff2c,"{""config"":""erasure_r50"",""d"":11,""p"":0.01467799267622069,""r_e"":0.5,""rounds"":11}",
       288,        23,         0,    3.30,herald_mwpm,54f557afc4160aace0dfaf15812a33737507e95ed1d9a30e8b98261fc66cff2c,"{""config"":""erasure_r50"",""d"":11,""p"":0.01467799267622069,""r_e"":0.5,""rounds"":11}",
        32,         0,         0,   0.358,herald_mwpm,54f557afc4160aace0dfaf15812a33737507e95ed1d9a30e8b98261fc66cff2c,"{""config"":""erasure_r50"",""d"":11,""p"":0.01467799267622069,""r_e"":0.5,""rounds"":11}",
        96,         9,         0,    1.08,herald_mwpm,54f557afc4160aace0dfaf15812a33737507e95ed1d9a30e8b98261fc66cff2c,"{""config"":""erasure_r50"",""d"":11,""p"":0.01467799267622069,""r_e"":0.5,""rounds"":11}",
      2848,       201,         0,    47.4,herald_mwpm,54f557afc4160aace0dfaf15812a33737507e95ed1d9a30e8b98261fc66cff2c,"{""config"":""erasure_r50"",""d"":11,""p"":0.01467799267622069,""r_e"":0.5,""rounds"":11}",
        64,         1,         0,   0.674,herald_mwpm,54f557afc4160aace0dfaf15812a33737507e95ed1d9a30e8b98261fc66cff2c,"{""config"":""erasure_r50"",""d"":11,""p"":0.01467799267622069,""r_e"":0.5,""rounds"":11}",
        32,         2,         0,   0.294,herald_mwpm,54f557afc4160aace0dfaf15812a33737507e95ed1d9a30e8b98261fc66cff2c,"{""config"":""erasure_r50"",""d"":11,""p"":0.01467799267622069,""r_e"":0.5,""rounds"":11}",
